topic_slug,category,subcategory,topic_family,subject,context,source_catalogs,source_urls
looplab-task-decomposition-long-horizon-tasks,ai-agent-systems,reasoning-planning-and-loops,"Agent reasoning, planning, and bounded loops",task decomposition,long-horizon tasks,Agent context-engineering skills; community agent-skill catalog,https://github.com/muratcankoylan/agent-skills-for-context-engineering; https://github.com/VoltAgent/awesome-agent-skills
looplab-task-decomposition-multi-session-projects,ai-agent-systems,reasoning-planning-and-loops,"Agent reasoning, planning, and bounded loops",task decomposition,multi-session projects,Agent context-engineering skills; community agent-skill catalog,https://github.com/muratcankoylan/agent-skills-for-context-engineering; https://github.com/VoltAgent/awesome-agent-skills
looplab-task-decomposition-strict-tool-call-budgets,ai-agent-systems,reasoning-planning-and-loops,"Agent reasoning, planning, and bounded loops",task decomposition,strict tool-call budgets,Agent context-engineering skills; community agent-skill catalog,https://github.com/muratcankoylan/agent-skills-for-context-engineering; https://github.com/VoltAgent/awesome-agent-skills
looplab-task-decomposition-uncertain-user-intent,ai-agent-systems,reasoning-planning-and-loops,"Agent reasoning, planning, and bounded loops",task decomposition,uncertain user intent,Agent context-engineering skills; community agent-skill catalog,https://github.com/muratcankoylan/agent-skills-for-context-engineering; https://github.com/VoltAgent/awesome-agent-skills
looplab-task-decomposition-missing-acceptance-criteria,ai-agent-systems,reasoning-planning-and-loops,"Agent reasoning, planning, and bounded loops",task decomposition,missing acceptance criteria,Agent context-engineering skills; community agent-skill catalog,https://github.com/muratcankoylan/agent-skills-for-context-engineering; https://github.com/VoltAgent/awesome-agent-skills
looplab-task-decomposition-untrusted-source-material,ai-agent-systems,reasoning-planning-and-loops,"Agent reasoning, planning, and bounded loops",task decomposition,untrusted source material,Agent context-engineering skills; community agent-skill catalog,https://github.com/muratcankoylan/agent-skills-for-context-engineering; https://github.com/VoltAgent/awesome-agent-skills
looplab-task-decomposition-parallel-work-handoffs,ai-agent-systems,reasoning-planning-and-loops,"Agent reasoning, planning, and bounded loops",task decomposition,parallel-work handoffs,Agent context-engineering skills; community agent-skill catalog,https://github.com/muratcankoylan/agent-skills-for-context-engineering; https://github.com/VoltAgent/awesome-agent-skills
looplab-task-decomposition-version-sensitive-decisions,ai-agent-systems,reasoning-planning-and-loops,"Agent reasoning, planning, and bounded loops",task decomposition,version-sensitive decisions,Agent context-engineering skills; community agent-skill catalog,https://github.com/muratcankoylan/agent-skills-for-context-engineering; https://github.com/VoltAgent/awesome-agent-skills
looplab-task-decomposition-partial-completion,ai-agent-systems,reasoning-planning-and-loops,"Agent reasoning, planning, and bounded loops",task decomposition,partial completion,Agent context-engineering skills; community agent-skill catalog,https://github.com/muratcankoylan/agent-skills-for-context-engineering; https://github.com/VoltAgent/awesome-agent-skills
looplab-task-decomposition-conflicting-evidence,ai-agent-systems,reasoning-planning-and-loops,"Agent reasoning, planning, and bounded loops",task decomposition,conflicting evidence,Agent context-engineering skills; community agent-skill catalog,https://github.com/muratcankoylan/agent-skills-for-context-engineering; https://github.com/VoltAgent/awesome-agent-skills
looplab-goal-state-tracking-long-horizon-tasks,ai-agent-systems,reasoning-planning-and-loops,"Agent reasoning, planning, and bounded loops",goal-state tracking,long-horizon tasks,Agent context-engineering skills; community agent-skill catalog,https://github.com/muratcankoylan/agent-skills-for-context-engineering; https://github.com/VoltAgent/awesome-agent-skills
looplab-goal-state-tracking-multi-session-projects,ai-agent-systems,reasoning-planning-and-loops,"Agent reasoning, planning, and bounded loops",goal-state tracking,multi-session projects,Agent context-engineering skills; community agent-skill catalog,https://github.com/muratcankoylan/agent-skills-for-context-engineering; https://github.com/VoltAgent/awesome-agent-skills
looplab-goal-state-tracking-strict-tool-call-budgets,ai-agent-systems,reasoning-planning-and-loops,"Agent reasoning, planning, and bounded loops",goal-state tracking,strict tool-call budgets,Agent context-engineering skills; community agent-skill catalog,https://github.com/muratcankoylan/agent-skills-for-context-engineering; https://github.com/VoltAgent/awesome-agent-skills
looplab-goal-state-tracking-uncertain-user-intent,ai-agent-systems,reasoning-planning-and-loops,"Agent reasoning, planning, and bounded loops",goal-state tracking,uncertain user intent,Agent context-engineering skills; community agent-skill catalog,https://github.com/muratcankoylan/agent-skills-for-context-engineering; https://github.com/VoltAgent/awesome-agent-skills
looplab-goal-state-tracking-missing-acceptance-criteria,ai-agent-systems,reasoning-planning-and-loops,"Agent reasoning, planning, and bounded loops",goal-state tracking,missing acceptance criteria,Agent context-engineering skills; community agent-skill catalog,https://github.com/muratcankoylan/agent-skills-for-context-engineering; https://github.com/VoltAgent/awesome-agent-skills
looplab-goal-state-tracking-untrusted-source-material,ai-agent-systems,reasoning-planning-and-loops,"Agent reasoning, planning, and bounded loops",goal-state tracking,untrusted source material,Agent context-engineering skills; community agent-skill catalog,https://github.com/muratcankoylan/agent-skills-for-context-engineering; https://github.com/VoltAgent/awesome-agent-skills
looplab-goal-state-tracking-parallel-work-handoffs,ai-agent-systems,reasoning-planning-and-loops,"Agent reasoning, planning, and bounded loops",goal-state tracking,parallel-work handoffs,Agent context-engineering skills; community agent-skill catalog,https://github.com/muratcankoylan/agent-skills-for-context-engineering; https://github.com/VoltAgent/awesome-agent-skills
looplab-goal-state-tracking-version-sensitive-decisions,ai-agent-systems,reasoning-planning-and-loops,"Agent reasoning, planning, and bounded loops",goal-state tracking,version-sensitive decisions,Agent context-engineering skills; community agent-skill catalog,https://github.com/muratcankoylan/agent-skills-for-context-engineering; https://github.com/VoltAgent/awesome-agent-skills
looplab-goal-state-tracking-partial-completion,ai-agent-systems,reasoning-planning-and-loops,"Agent reasoning, planning, and bounded loops",goal-state tracking,partial completion,Agent context-engineering skills; community agent-skill catalog,https://github.com/muratcankoylan/agent-skills-for-context-engineering; https://github.com/VoltAgent/awesome-agent-skills
looplab-goal-state-tracking-conflicting-evidence,ai-agent-systems,reasoning-planning-and-loops,"Agent reasoning, planning, and bounded loops",goal-state tracking,conflicting evidence,Agent context-engineering skills; community agent-skill catalog,https://github.com/muratcankoylan/agent-skills-for-context-engineering; https://github.com/VoltAgent/awesome-agent-skills
looplab-context-compression-long-horizon-tasks,ai-agent-systems,reasoning-planning-and-loops,"Agent reasoning, planning, and bounded loops",context compression,long-horizon tasks,Agent context-engineering skills; community agent-skill catalog,https://github.com/muratcankoylan/agent-skills-for-context-engineering; https://github.com/VoltAgent/awesome-agent-skills
looplab-context-compression-multi-session-projects,ai-agent-systems,reasoning-planning-and-loops,"Agent reasoning, planning, and bounded loops",context compression,multi-session projects,Agent context-engineering skills; community agent-skill catalog,https://github.com/muratcankoylan/agent-skills-for-context-engineering; https://github.com/VoltAgent/awesome-agent-skills
looplab-context-compression-strict-tool-call-budgets,ai-agent-systems,reasoning-planning-and-loops,"Agent reasoning, planning, and bounded loops",context compression,strict tool-call budgets,Agent context-engineering skills; community agent-skill catalog,https://github.com/muratcankoylan/agent-skills-for-context-engineering; https://github.com/VoltAgent/awesome-agent-skills
looplab-context-compression-uncertain-user-intent,ai-agent-systems,reasoning-planning-and-loops,"Agent reasoning, planning, and bounded loops",context compression,uncertain user intent,Agent context-engineering skills; community agent-skill catalog,https://github.com/muratcankoylan/agent-skills-for-context-engineering; https://github.com/VoltAgent/awesome-agent-skills
looplab-context-compression-missing-acceptance-criteria,ai-agent-systems,reasoning-planning-and-loops,"Agent reasoning, planning, and bounded loops",context compression,missing acceptance criteria,Agent context-engineering skills; community agent-skill catalog,https://github.com/muratcankoylan/agent-skills-for-context-engineering; https://github.com/VoltAgent/awesome-agent-skills
looplab-context-compression-untrusted-source-material,ai-agent-systems,reasoning-planning-and-loops,"Agent reasoning, planning, and bounded loops",context compression,untrusted source material,Agent context-engineering skills; community agent-skill catalog,https://github.com/muratcankoylan/agent-skills-for-context-engineering; https://github.com/VoltAgent/awesome-agent-skills
looplab-context-compression-parallel-work-handoffs,ai-agent-systems,reasoning-planning-and-loops,"Agent reasoning, planning, and bounded loops",context compression,parallel-work handoffs,Agent context-engineering skills; community agent-skill catalog,https://github.com/muratcankoylan/agent-skills-for-context-engineering; https://github.com/VoltAgent/awesome-agent-skills
looplab-context-compression-version-sensitive-decisions,ai-agent-systems,reasoning-planning-and-loops,"Agent reasoning, planning, and bounded loops",context compression,version-sensitive decisions,Agent context-engineering skills; community agent-skill catalog,https://github.com/muratcankoylan/agent-skills-for-context-engineering; https://github.com/VoltAgent/awesome-agent-skills
looplab-context-compression-partial-completion,ai-agent-systems,reasoning-planning-and-loops,"Agent reasoning, planning, and bounded loops",context compression,partial completion,Agent context-engineering skills; community agent-skill catalog,https://github.com/muratcankoylan/agent-skills-for-context-engineering; https://github.com/VoltAgent/awesome-agent-skills
looplab-context-compression-conflicting-evidence,ai-agent-systems,reasoning-planning-and-loops,"Agent reasoning, planning, and bounded loops",context compression,conflicting evidence,Agent context-engineering skills; community agent-skill catalog,https://github.com/muratcankoylan/agent-skills-for-context-engineering; https://github.com/VoltAgent/awesome-agent-skills
looplab-retrieval-grounding-long-horizon-tasks,ai-agent-systems,reasoning-planning-and-loops,"Agent reasoning, planning, and bounded loops",retrieval grounding,long-horizon tasks,Agent context-engineering skills; community agent-skill catalog,https://github.com/muratcankoylan/agent-skills-for-context-engineering; https://github.com/VoltAgent/awesome-agent-skills
looplab-retrieval-grounding-multi-session-projects,ai-agent-systems,reasoning-planning-and-loops,"Agent reasoning, planning, and bounded loops",retrieval grounding,multi-session projects,Agent context-engineering skills; community agent-skill catalog,https://github.com/muratcankoylan/agent-skills-for-context-engineering; https://github.com/VoltAgent/awesome-agent-skills
looplab-retrieval-grounding-strict-tool-call-budgets,ai-agent-systems,reasoning-planning-and-loops,"Agent reasoning, planning, and bounded loops",retrieval grounding,strict tool-call budgets,Agent context-engineering skills; community agent-skill catalog,https://github.com/muratcankoylan/agent-skills-for-context-engineering; https://github.com/VoltAgent/awesome-agent-skills
looplab-retrieval-grounding-uncertain-user-intent,ai-agent-systems,reasoning-planning-and-loops,"Agent reasoning, planning, and bounded loops",retrieval grounding,uncertain user intent,Agent context-engineering skills; community agent-skill catalog,https://github.com/muratcankoylan/agent-skills-for-context-engineering; https://github.com/VoltAgent/awesome-agent-skills
looplab-retrieval-grounding-missing-acceptance-criteria,ai-agent-systems,reasoning-planning-and-loops,"Agent reasoning, planning, and bounded loops",retrieval grounding,missing acceptance criteria,Agent context-engineering skills; community agent-skill catalog,https://github.com/muratcankoylan/agent-skills-for-context-engineering; https://github.com/VoltAgent/awesome-agent-skills
looplab-retrieval-grounding-untrusted-source-material,ai-agent-systems,reasoning-planning-and-loops,"Agent reasoning, planning, and bounded loops",retrieval grounding,untrusted source material,Agent context-engineering skills; community agent-skill catalog,https://github.com/muratcankoylan/agent-skills-for-context-engineering; https://github.com/VoltAgent/awesome-agent-skills
looplab-retrieval-grounding-parallel-work-handoffs,ai-agent-systems,reasoning-planning-and-loops,"Agent reasoning, planning, and bounded loops",retrieval grounding,parallel-work handoffs,Agent context-engineering skills; community agent-skill catalog,https://github.com/muratcankoylan/agent-skills-for-context-engineering; https://github.com/VoltAgent/awesome-agent-skills
looplab-retrieval-grounding-version-sensitive-decisions,ai-agent-systems,reasoning-planning-and-loops,"Agent reasoning, planning, and bounded loops",retrieval grounding,version-sensitive decisions,Agent context-engineering skills; community agent-skill catalog,https://github.com/muratcankoylan/agent-skills-for-context-engineering; https://github.com/VoltAgent/awesome-agent-skills
looplab-retrieval-grounding-partial-completion,ai-agent-systems,reasoning-planning-and-loops,"Agent reasoning, planning, and bounded loops",retrieval grounding,partial completion,Agent context-engineering skills; community agent-skill catalog,https://github.com/muratcankoylan/agent-skills-for-context-engineering; https://github.com/VoltAgent/awesome-agent-skills
looplab-retrieval-grounding-conflicting-evidence,ai-agent-systems,reasoning-planning-and-loops,"Agent reasoning, planning, and bounded loops",retrieval grounding,conflicting evidence,Agent context-engineering skills; community agent-skill catalog,https://github.com/muratcankoylan/agent-skills-for-context-engineering; https://github.com/VoltAgent/awesome-agent-skills
selfupdate-experience-log-distillation-long-horizon-tasks,ai-agent-systems,agent-self-improvement-and-governance,Human-governed agent improvement,experience-log distillation,long-horizon tasks,Human-gated agent improvement project; EvoSkill research implementation; Agent context-engineering skills,https://github.com/acciouno/agent-improvement; https://github.com/sentient-agi/EvoSkill; https://github.com/muratcankoylan/agent-skills-for-context-engineering
selfupdate-experience-log-distillation-multi-session-projects,ai-agent-systems,agent-self-improvement-and-governance,Human-governed agent improvement,experience-log distillation,multi-session projects,Human-gated agent improvement project; EvoSkill research implementation; Agent context-engineering skills,https://github.com/acciouno/agent-improvement; https://github.com/sentient-agi/EvoSkill; https://github.com/muratcankoylan/agent-skills-for-context-engineering
selfupdate-experience-log-distillation-strict-tool-call-budgets,ai-agent-systems,agent-self-improvement-and-governance,Human-governed agent improvement,experience-log distillation,strict tool-call budgets,Human-gated agent improvement project; EvoSkill research implementation; Agent context-engineering skills,https://github.com/acciouno/agent-improvement; https://github.com/sentient-agi/EvoSkill; https://github.com/muratcankoylan/agent-skills-for-context-engineering
selfupdate-experience-log-distillation-uncertain-user-intent,ai-agent-systems,agent-self-improvement-and-governance,Human-governed agent improvement,experience-log distillation,uncertain user intent,Human-gated agent improvement project; EvoSkill research implementation; Agent context-engineering skills,https://github.com/acciouno/agent-improvement; https://github.com/sentient-agi/EvoSkill; https://github.com/muratcankoylan/agent-skills-for-context-engineering
selfupdate-experience-log-distillation-missing-acceptance-criteria,ai-agent-systems,agent-self-improvement-and-governance,Human-governed agent improvement,experience-log distillation,missing acceptance criteria,Human-gated agent improvement project; EvoSkill research implementation; Agent context-engineering skills,https://github.com/acciouno/agent-improvement; https://github.com/sentient-agi/EvoSkill; https://github.com/muratcankoylan/agent-skills-for-context-engineering
selfupdate-experience-log-distillation-untrusted-source-material,ai-agent-systems,agent-self-improvement-and-governance,Human-governed agent improvement,experience-log distillation,untrusted source material,Human-gated agent improvement project; EvoSkill research implementation; Agent context-engineering skills,https://github.com/acciouno/agent-improvement; https://github.com/sentient-agi/EvoSkill; https://github.com/muratcankoylan/agent-skills-for-context-engineering
selfupdate-experience-log-distillation-parallel-work-handoffs,ai-agent-systems,agent-self-improvement-and-governance,Human-governed agent improvement,experience-log distillation,parallel-work handoffs,Human-gated agent improvement project; EvoSkill research implementation; Agent context-engineering skills,https://github.com/acciouno/agent-improvement; https://github.com/sentient-agi/EvoSkill; https://github.com/muratcankoylan/agent-skills-for-context-engineering
selfupdate-experience-log-distillation-version-sensitive-decisions,ai-agent-systems,agent-self-improvement-and-governance,Human-governed agent improvement,experience-log distillation,version-sensitive decisions,Human-gated agent improvement project; EvoSkill research implementation; Agent context-engineering skills,https://github.com/acciouno/agent-improvement; https://github.com/sentient-agi/EvoSkill; https://github.com/muratcankoylan/agent-skills-for-context-engineering
selfupdate-experience-log-distillation-partial-completion,ai-agent-systems,agent-self-improvement-and-governance,Human-governed agent improvement,experience-log distillation,partial completion,Human-gated agent improvement project; EvoSkill research implementation; Agent context-engineering skills,https://github.com/acciouno/agent-improvement; https://github.com/sentient-agi/EvoSkill; https://github.com/muratcankoylan/agent-skills-for-context-engineering
selfupdate-experience-log-distillation-conflicting-evidence,ai-agent-systems,agent-self-improvement-and-governance,Human-governed agent improvement,experience-log distillation,conflicting evidence,Human-gated agent improvement project; EvoSkill research implementation; Agent context-engineering skills,https://github.com/acciouno/agent-improvement; https://github.com/sentient-agi/EvoSkill; https://github.com/muratcankoylan/agent-skills-for-context-engineering
selfupdate-skill-change-proposals-long-horizon-tasks,ai-agent-systems,agent-self-improvement-and-governance,Human-governed agent improvement,skill-change proposals,long-horizon tasks,Human-gated agent improvement project; EvoSkill research implementation; Agent context-engineering skills,https://github.com/acciouno/agent-improvement; https://github.com/sentient-agi/EvoSkill; https://github.com/muratcankoylan/agent-skills-for-context-engineering
selfupdate-skill-change-proposals-multi-session-projects,ai-agent-systems,agent-self-improvement-and-governance,Human-governed agent improvement,skill-change proposals,multi-session projects,Human-gated agent improvement project; EvoSkill research implementation; Agent context-engineering skills,https://github.com/acciouno/agent-improvement; https://github.com/sentient-agi/EvoSkill; https://github.com/muratcankoylan/agent-skills-for-context-engineering
selfupdate-skill-change-proposals-strict-tool-call-budgets,ai-agent-systems,agent-self-improvement-and-governance,Human-governed agent improvement,skill-change proposals,strict tool-call budgets,Human-gated agent improvement project; EvoSkill research implementation; Agent context-engineering skills,https://github.com/acciouno/agent-improvement; https://github.com/sentient-agi/EvoSkill; https://github.com/muratcankoylan/agent-skills-for-context-engineering
selfupdate-skill-change-proposals-uncertain-user-intent,ai-agent-systems,agent-self-improvement-and-governance,Human-governed agent improvement,skill-change proposals,uncertain user intent,Human-gated agent improvement project; EvoSkill research implementation; Agent context-engineering skills,https://github.com/acciouno/agent-improvement; https://github.com/sentient-agi/EvoSkill; https://github.com/muratcankoylan/agent-skills-for-context-engineering
selfupdate-skill-change-proposals-missing-acceptance-criteria,ai-agent-systems,agent-self-improvement-and-governance,Human-governed agent improvement,skill-change proposals,missing acceptance criteria,Human-gated agent improvement project; EvoSkill research implementation; Agent context-engineering skills,https://github.com/acciouno/agent-improvement; https://github.com/sentient-agi/EvoSkill; https://github.com/muratcankoylan/agent-skills-for-context-engineering
selfupdate-skill-change-proposals-untrusted-source-material,ai-agent-systems,agent-self-improvement-and-governance,Human-governed agent improvement,skill-change proposals,untrusted source material,Human-gated agent improvement project; EvoSkill research implementation; Agent context-engineering skills,https://github.com/acciouno/agent-improvement; https://github.com/sentient-agi/EvoSkill; https://github.com/muratcankoylan/agent-skills-for-context-engineering
selfupdate-skill-change-proposals-parallel-work-handoffs,ai-agent-systems,agent-self-improvement-and-governance,Human-governed agent improvement,skill-change proposals,parallel-work handoffs,Human-gated agent improvement project; EvoSkill research implementation; Agent context-engineering skills,https://github.com/acciouno/agent-improvement; https://github.com/sentient-agi/EvoSkill; https://github.com/muratcankoylan/agent-skills-for-context-engineering
selfupdate-skill-change-proposals-version-sensitive-decisions,ai-agent-systems,agent-self-improvement-and-governance,Human-governed agent improvement,skill-change proposals,version-sensitive decisions,Human-gated agent improvement project; EvoSkill research implementation; Agent context-engineering skills,https://github.com/acciouno/agent-improvement; https://github.com/sentient-agi/EvoSkill; https://github.com/muratcankoylan/agent-skills-for-context-engineering
selfupdate-skill-change-proposals-partial-completion,ai-agent-systems,agent-self-improvement-and-governance,Human-governed agent improvement,skill-change proposals,partial completion,Human-gated agent improvement project; EvoSkill research implementation; Agent context-engineering skills,https://github.com/acciouno/agent-improvement; https://github.com/sentient-agi/EvoSkill; https://github.com/muratcankoylan/agent-skills-for-context-engineering
selfupdate-skill-change-proposals-conflicting-evidence,ai-agent-systems,agent-self-improvement-and-governance,Human-governed agent improvement,skill-change proposals,conflicting evidence,Human-gated agent improvement project; EvoSkill research implementation; Agent context-engineering skills,https://github.com/acciouno/agent-improvement; https://github.com/sentient-agi/EvoSkill; https://github.com/muratcankoylan/agent-skills-for-context-engineering
selfupdate-evaluator-integrity-long-horizon-tasks,ai-agent-systems,agent-self-improvement-and-governance,Human-governed agent improvement,evaluator integrity,long-horizon tasks,Human-gated agent improvement project; EvoSkill research implementation; Agent context-engineering skills,https://github.com/acciouno/agent-improvement; https://github.com/sentient-agi/EvoSkill; https://github.com/muratcankoylan/agent-skills-for-context-engineering
selfupdate-evaluator-integrity-multi-session-projects,ai-agent-systems,agent-self-improvement-and-governance,Human-governed agent improvement,evaluator integrity,multi-session projects,Human-gated agent improvement project; EvoSkill research implementation; Agent context-engineering skills,https://github.com/acciouno/agent-improvement; https://github.com/sentient-agi/EvoSkill; https://github.com/muratcankoylan/agent-skills-for-context-engineering
selfupdate-evaluator-integrity-strict-tool-call-budgets,ai-agent-systems,agent-self-improvement-and-governance,Human-governed agent improvement,evaluator integrity,strict tool-call budgets,Human-gated agent improvement project; EvoSkill research implementation; Agent context-engineering skills,https://github.com/acciouno/agent-improvement; https://github.com/sentient-agi/EvoSkill; https://github.com/muratcankoylan/agent-skills-for-context-engineering
selfupdate-evaluator-integrity-uncertain-user-intent,ai-agent-systems,agent-self-improvement-and-governance,Human-governed agent improvement,evaluator integrity,uncertain user intent,Human-gated agent improvement project; EvoSkill research implementation; Agent context-engineering skills,https://github.com/acciouno/agent-improvement; https://github.com/sentient-agi/EvoSkill; https://github.com/muratcankoylan/agent-skills-for-context-engineering
selfupdate-evaluator-integrity-missing-acceptance-criteria,ai-agent-systems,agent-self-improvement-and-governance,Human-governed agent improvement,evaluator integrity,missing acceptance criteria,Human-gated agent improvement project; EvoSkill research implementation; Agent context-engineering skills,https://github.com/acciouno/agent-improvement; https://github.com/sentient-agi/EvoSkill; https://github.com/muratcankoylan/agent-skills-for-context-engineering
selfupdate-evaluator-integrity-untrusted-source-material,ai-agent-systems,agent-self-improvement-and-governance,Human-governed agent improvement,evaluator integrity,untrusted source material,Human-gated agent improvement project; EvoSkill research implementation; Agent context-engineering skills,https://github.com/acciouno/agent-improvement; https://github.com/sentient-agi/EvoSkill; https://github.com/muratcankoylan/agent-skills-for-context-engineering
selfupdate-evaluator-integrity-parallel-work-handoffs,ai-agent-systems,agent-self-improvement-and-governance,Human-governed agent improvement,evaluator integrity,parallel-work handoffs,Human-gated agent improvement project; EvoSkill research implementation; Agent context-engineering skills,https://github.com/acciouno/agent-improvement; https://github.com/sentient-agi/EvoSkill; https://github.com/muratcankoylan/agent-skills-for-context-engineering
selfupdate-evaluator-integrity-version-sensitive-decisions,ai-agent-systems,agent-self-improvement-and-governance,Human-governed agent improvement,evaluator integrity,version-sensitive decisions,Human-gated agent improvement project; EvoSkill research implementation; Agent context-engineering skills,https://github.com/acciouno/agent-improvement; https://github.com/sentient-agi/EvoSkill; https://github.com/muratcankoylan/agent-skills-for-context-engineering
selfupdate-evaluator-integrity-partial-completion,ai-agent-systems,agent-self-improvement-and-governance,Human-governed agent improvement,evaluator integrity,partial completion,Human-gated agent improvement project; EvoSkill research implementation; Agent context-engineering skills,https://github.com/acciouno/agent-improvement; https://github.com/sentient-agi/EvoSkill; https://github.com/muratcankoylan/agent-skills-for-context-engineering
selfupdate-evaluator-integrity-conflicting-evidence,ai-agent-systems,agent-self-improvement-and-governance,Human-governed agent improvement,evaluator integrity,conflicting evidence,Human-gated agent improvement project; EvoSkill research implementation; Agent context-engineering skills,https://github.com/acciouno/agent-improvement; https://github.com/sentient-agi/EvoSkill; https://github.com/muratcankoylan/agent-skills-for-context-engineering
selfupdate-regression-preserving-upgrades-long-horizon-tasks,ai-agent-systems,agent-self-improvement-and-governance,Human-governed agent improvement,regression-preserving upgrades,long-horizon tasks,Human-gated agent improvement project; EvoSkill research implementation; Agent context-engineering skills,https://github.com/acciouno/agent-improvement; https://github.com/sentient-agi/EvoSkill; https://github.com/muratcankoylan/agent-skills-for-context-engineering
selfupdate-regression-preserving-upgrades-multi-session-projects,ai-agent-systems,agent-self-improvement-and-governance,Human-governed agent improvement,regression-preserving upgrades,multi-session projects,Human-gated agent improvement project; EvoSkill research implementation; Agent context-engineering skills,https://github.com/acciouno/agent-improvement; https://github.com/sentient-agi/EvoSkill; https://github.com/muratcankoylan/agent-skills-for-context-engineering
selfupdate-regression-preserving-upgrades-strict-tool-call-budgets,ai-agent-systems,agent-self-improvement-and-governance,Human-governed agent improvement,regression-preserving upgrades,strict tool-call budgets,Human-gated agent improvement project; EvoSkill research implementation; Agent context-engineering skills,https://github.com/acciouno/agent-improvement; https://github.com/sentient-agi/EvoSkill; https://github.com/muratcankoylan/agent-skills-for-context-engineering
selfupdate-regression-preserving-upgrades-uncertain-user-intent,ai-agent-systems,agent-self-improvement-and-governance,Human-governed agent improvement,regression-preserving upgrades,uncertain user intent,Human-gated agent improvement project; EvoSkill research implementation; Agent context-engineering skills,https://github.com/acciouno/agent-improvement; https://github.com/sentient-agi/EvoSkill; https://github.com/muratcankoylan/agent-skills-for-context-engineering
selfupdate-regression-preserving-upgrades-missing-acceptance-criteria,ai-agent-systems,agent-self-improvement-and-governance,Human-governed agent improvement,regression-preserving upgrades,missing acceptance criteria,Human-gated agent improvement project; EvoSkill research implementation; Agent context-engineering skills,https://github.com/acciouno/agent-improvement; https://github.com/sentient-agi/EvoSkill; https://github.com/muratcankoylan/agent-skills-for-context-engineering
selfupdate-regression-preserving-upgrades-untrusted-source-material,ai-agent-systems,agent-self-improvement-and-governance,Human-governed agent improvement,regression-preserving upgrades,untrusted source material,Human-gated agent improvement project; EvoSkill research implementation; Agent context-engineering skills,https://github.com/acciouno/agent-improvement; https://github.com/sentient-agi/EvoSkill; https://github.com/muratcankoylan/agent-skills-for-context-engineering
selfupdate-regression-preserving-upgrades-parallel-work-handoffs,ai-agent-systems,agent-self-improvement-and-governance,Human-governed agent improvement,regression-preserving upgrades,parallel-work handoffs,Human-gated agent improvement project; EvoSkill research implementation; Agent context-engineering skills,https://github.com/acciouno/agent-improvement; https://github.com/sentient-agi/EvoSkill; https://github.com/muratcankoylan/agent-skills-for-context-engineering
selfupdate-regression-preserving-upgrades-version-sensitive-decisions,ai-agent-systems,agent-self-improvement-and-governance,Human-governed agent improvement,regression-preserving upgrades,version-sensitive decisions,Human-gated agent improvement project; EvoSkill research implementation; Agent context-engineering skills,https://github.com/acciouno/agent-improvement; https://github.com/sentient-agi/EvoSkill; https://github.com/muratcankoylan/agent-skills-for-context-engineering
selfupdate-regression-preserving-upgrades-partial-completion,ai-agent-systems,agent-self-improvement-and-governance,Human-governed agent improvement,regression-preserving upgrades,partial completion,Human-gated agent improvement project; EvoSkill research implementation; Agent context-engineering skills,https://github.com/acciouno/agent-improvement; https://github.com/sentient-agi/EvoSkill; https://github.com/muratcankoylan/agent-skills-for-context-engineering
selfupdate-regression-preserving-upgrades-conflicting-evidence,ai-agent-systems,agent-self-improvement-and-governance,Human-governed agent improvement,regression-preserving upgrades,conflicting evidence,Human-gated agent improvement project; EvoSkill research implementation; Agent context-engineering skills,https://github.com/acciouno/agent-improvement; https://github.com/sentient-agi/EvoSkill; https://github.com/muratcankoylan/agent-skills-for-context-engineering
mcplab-tool-interface-contracts-client-compatibility,ai-agent-systems,mcp-protocol-and-server-development,Model Context Protocol servers and integrations,tool-interface contracts,client compatibility,MCP specification and documentation; MCP reference servers; Official MCP Registry,https://modelcontextprotocol.io/specification/latest; https://github.com/modelcontextprotocol/servers; https://registry.modelcontextprotocol.io/
mcplab-tool-interface-contracts-least-privilege-access,ai-agent-systems,mcp-protocol-and-server-development,Model Context Protocol servers and integrations,tool-interface contracts,least-privilege access,MCP specification and documentation; MCP reference servers; Official MCP Registry,https://modelcontextprotocol.io/specification/latest; https://github.com/modelcontextprotocol/servers; https://registry.modelcontextprotocol.io/
mcplab-tool-interface-contracts-untrusted-tool-output,ai-agent-systems,mcp-protocol-and-server-development,Model Context Protocol servers and integrations,tool-interface contracts,untrusted tool output,MCP specification and documentation; MCP reference servers; Official MCP Registry,https://modelcontextprotocol.io/specification/latest; https://github.com/modelcontextprotocol/servers; https://registry.modelcontextprotocol.io/
mcplab-tool-interface-contracts-schema-changes,ai-agent-systems,mcp-protocol-and-server-development,Model Context Protocol servers and integrations,tool-interface contracts,schema changes,MCP specification and documentation; MCP reference servers; Official MCP Registry,https://modelcontextprotocol.io/specification/latest; https://github.com/modelcontextprotocol/servers; https://registry.modelcontextprotocol.io/
mcplab-tool-interface-contracts-local-development,ai-agent-systems,mcp-protocol-and-server-development,Model Context Protocol servers and integrations,tool-interface contracts,local development,MCP specification and documentation; MCP reference servers; Official MCP Registry,https://modelcontextprotocol.io/specification/latest; https://github.com/modelcontextprotocol/servers; https://registry.modelcontextprotocol.io/
mcplab-tool-interface-contracts-remote-deployment,ai-agent-systems,mcp-protocol-and-server-development,Model Context Protocol servers and integrations,tool-interface contracts,remote deployment,MCP specification and documentation; MCP reference servers; Official MCP Registry,https://modelcontextprotocol.io/specification/latest; https://github.com/modelcontextprotocol/servers; https://registry.modelcontextprotocol.io/
mcplab-tool-interface-contracts-reconnect-handling,ai-agent-systems,mcp-protocol-and-server-development,Model Context Protocol servers and integrations,tool-interface contracts,reconnect handling,MCP specification and documentation; MCP reference servers; Official MCP Registry,https://modelcontextprotocol.io/specification/latest; https://github.com/modelcontextprotocol/servers; https://registry.modelcontextprotocol.io/
mcplab-tool-interface-contracts-observability,ai-agent-systems,mcp-protocol-and-server-development,Model Context Protocol servers and integrations,tool-interface contracts,observability,MCP specification and documentation; MCP reference servers; Official MCP Registry,https://modelcontextprotocol.io/specification/latest; https://github.com/modelcontextprotocol/servers; https://registry.modelcontextprotocol.io/
mcplab-tool-interface-contracts-conformance-testing,ai-agent-systems,mcp-protocol-and-server-development,Model Context Protocol servers and integrations,tool-interface contracts,conformance testing,MCP specification and documentation; MCP reference servers; Official MCP Registry,https://modelcontextprotocol.io/specification/latest; https://github.com/modelcontextprotocol/servers; https://registry.modelcontextprotocol.io/
mcplab-tool-interface-contracts-release-readiness,ai-agent-systems,mcp-protocol-and-server-development,Model Context Protocol servers and integrations,tool-interface contracts,release readiness,MCP specification and documentation; MCP reference servers; Official MCP Registry,https://modelcontextprotocol.io/specification/latest; https://github.com/modelcontextprotocol/servers; https://registry.modelcontextprotocol.io/
mcplab-resource-discovery-client-compatibility,ai-agent-systems,mcp-protocol-and-server-development,Model Context Protocol servers and integrations,resource discovery,client compatibility,MCP specification and documentation; MCP reference servers; Official MCP Registry,https://modelcontextprotocol.io/specification/latest; https://github.com/modelcontextprotocol/servers; https://registry.modelcontextprotocol.io/
mcplab-resource-discovery-least-privilege-access,ai-agent-systems,mcp-protocol-and-server-development,Model Context Protocol servers and integrations,resource discovery,least-privilege access,MCP specification and documentation; MCP reference servers; Official MCP Registry,https://modelcontextprotocol.io/specification/latest; https://github.com/modelcontextprotocol/servers; https://registry.modelcontextprotocol.io/
mcplab-resource-discovery-untrusted-tool-output,ai-agent-systems,mcp-protocol-and-server-development,Model Context Protocol servers and integrations,resource discovery,untrusted tool output,MCP specification and documentation; MCP reference servers; Official MCP Registry,https://modelcontextprotocol.io/specification/latest; https://github.com/modelcontextprotocol/servers; https://registry.modelcontextprotocol.io/
mcplab-resource-discovery-schema-changes,ai-agent-systems,mcp-protocol-and-server-development,Model Context Protocol servers and integrations,resource discovery,schema changes,MCP specification and documentation; MCP reference servers; Official MCP Registry,https://modelcontextprotocol.io/specification/latest; https://github.com/modelcontextprotocol/servers; https://registry.modelcontextprotocol.io/
mcplab-resource-discovery-local-development,ai-agent-systems,mcp-protocol-and-server-development,Model Context Protocol servers and integrations,resource discovery,local development,MCP specification and documentation; MCP reference servers; Official MCP Registry,https://modelcontextprotocol.io/specification/latest; https://github.com/modelcontextprotocol/servers; https://registry.modelcontextprotocol.io/
mcplab-resource-discovery-remote-deployment,ai-agent-systems,mcp-protocol-and-server-development,Model Context Protocol servers and integrations,resource discovery,remote deployment,MCP specification and documentation; MCP reference servers; Official MCP Registry,https://modelcontextprotocol.io/specification/latest; https://github.com/modelcontextprotocol/servers; https://registry.modelcontextprotocol.io/
mcplab-resource-discovery-reconnect-handling,ai-agent-systems,mcp-protocol-and-server-development,Model Context Protocol servers and integrations,resource discovery,reconnect handling,MCP specification and documentation; MCP reference servers; Official MCP Registry,https://modelcontextprotocol.io/specification/latest; https://github.com/modelcontextprotocol/servers; https://registry.modelcontextprotocol.io/
mcplab-resource-discovery-observability,ai-agent-systems,mcp-protocol-and-server-development,Model Context Protocol servers and integrations,resource discovery,observability,MCP specification and documentation; MCP reference servers; Official MCP Registry,https://modelcontextprotocol.io/specification/latest; https://github.com/modelcontextprotocol/servers; https://registry.modelcontextprotocol.io/
mcplab-resource-discovery-conformance-testing,ai-agent-systems,mcp-protocol-and-server-development,Model Context Protocol servers and integrations,resource discovery,conformance testing,MCP specification and documentation; MCP reference servers; Official MCP Registry,https://modelcontextprotocol.io/specification/latest; https://github.com/modelcontextprotocol/servers; https://registry.modelcontextprotocol.io/
mcplab-resource-discovery-release-readiness,ai-agent-systems,mcp-protocol-and-server-development,Model Context Protocol servers and integrations,resource discovery,release readiness,MCP specification and documentation; MCP reference servers; Official MCP Registry,https://modelcontextprotocol.io/specification/latest; https://github.com/modelcontextprotocol/servers; https://registry.modelcontextprotocol.io/
mcplab-prompt-template-design-client-compatibility,ai-agent-systems,mcp-protocol-and-server-development,Model Context Protocol servers and integrations,prompt-template design,client compatibility,MCP specification and documentation; MCP reference servers; Official MCP Registry,https://modelcontextprotocol.io/specification/latest; https://github.com/modelcontextprotocol/servers; https://registry.modelcontextprotocol.io/
mcplab-prompt-template-design-least-privilege-access,ai-agent-systems,mcp-protocol-and-server-development,Model Context Protocol servers and integrations,prompt-template design,least-privilege access,MCP specification and documentation; MCP reference servers; Official MCP Registry,https://modelcontextprotocol.io/specification/latest; https://github.com/modelcontextprotocol/servers; https://registry.modelcontextprotocol.io/
mcplab-prompt-template-design-untrusted-tool-output,ai-agent-systems,mcp-protocol-and-server-development,Model Context Protocol servers and integrations,prompt-template design,untrusted tool output,MCP specification and documentation; MCP reference servers; Official MCP Registry,https://modelcontextprotocol.io/specification/latest; https://github.com/modelcontextprotocol/servers; https://registry.modelcontextprotocol.io/
mcplab-prompt-template-design-schema-changes,ai-agent-systems,mcp-protocol-and-server-development,Model Context Protocol servers and integrations,prompt-template design,schema changes,MCP specification and documentation; MCP reference servers; Official MCP Registry,https://modelcontextprotocol.io/specification/latest; https://github.com/modelcontextprotocol/servers; https://registry.modelcontextprotocol.io/
mcplab-prompt-template-design-local-development,ai-agent-systems,mcp-protocol-and-server-development,Model Context Protocol servers and integrations,prompt-template design,local development,MCP specification and documentation; MCP reference servers; Official MCP Registry,https://modelcontextprotocol.io/specification/latest; https://github.com/modelcontextprotocol/servers; https://registry.modelcontextprotocol.io/
mcplab-prompt-template-design-remote-deployment,ai-agent-systems,mcp-protocol-and-server-development,Model Context Protocol servers and integrations,prompt-template design,remote deployment,MCP specification and documentation; MCP reference servers; Official MCP Registry,https://modelcontextprotocol.io/specification/latest; https://github.com/modelcontextprotocol/servers; https://registry.modelcontextprotocol.io/
mcplab-prompt-template-design-reconnect-handling,ai-agent-systems,mcp-protocol-and-server-development,Model Context Protocol servers and integrations,prompt-template design,reconnect handling,MCP specification and documentation; MCP reference servers; Official MCP Registry,https://modelcontextprotocol.io/specification/latest; https://github.com/modelcontextprotocol/servers; https://registry.modelcontextprotocol.io/
mcplab-prompt-template-design-observability,ai-agent-systems,mcp-protocol-and-server-development,Model Context Protocol servers and integrations,prompt-template design,observability,MCP specification and documentation; MCP reference servers; Official MCP Registry,https://modelcontextprotocol.io/specification/latest; https://github.com/modelcontextprotocol/servers; https://registry.modelcontextprotocol.io/
mcplab-prompt-template-design-conformance-testing,ai-agent-systems,mcp-protocol-and-server-development,Model Context Protocol servers and integrations,prompt-template design,conformance testing,MCP specification and documentation; MCP reference servers; Official MCP Registry,https://modelcontextprotocol.io/specification/latest; https://github.com/modelcontextprotocol/servers; https://registry.modelcontextprotocol.io/
mcplab-prompt-template-design-release-readiness,ai-agent-systems,mcp-protocol-and-server-development,Model Context Protocol servers and integrations,prompt-template design,release readiness,MCP specification and documentation; MCP reference servers; Official MCP Registry,https://modelcontextprotocol.io/specification/latest; https://github.com/modelcontextprotocol/servers; https://registry.modelcontextprotocol.io/
mcplab-authorization-scoping-client-compatibility,ai-agent-systems,mcp-protocol-and-server-development,Model Context Protocol servers and integrations,authorization scoping,client compatibility,MCP specification and documentation; MCP reference servers; Official MCP Registry,https://modelcontextprotocol.io/specification/latest; https://github.com/modelcontextprotocol/servers; https://registry.modelcontextprotocol.io/
mcplab-authorization-scoping-least-privilege-access,ai-agent-systems,mcp-protocol-and-server-development,Model Context Protocol servers and integrations,authorization scoping,least-privilege access,MCP specification and documentation; MCP reference servers; Official MCP Registry,https://modelcontextprotocol.io/specification/latest; https://github.com/modelcontextprotocol/servers; https://registry.modelcontextprotocol.io/
mcplab-authorization-scoping-untrusted-tool-output,ai-agent-systems,mcp-protocol-and-server-development,Model Context Protocol servers and integrations,authorization scoping,untrusted tool output,MCP specification and documentation; MCP reference servers; Official MCP Registry,https://modelcontextprotocol.io/specification/latest; https://github.com/modelcontextprotocol/servers; https://registry.modelcontextprotocol.io/
mcplab-authorization-scoping-schema-changes,ai-agent-systems,mcp-protocol-and-server-development,Model Context Protocol servers and integrations,authorization scoping,schema changes,MCP specification and documentation; MCP reference servers; Official MCP Registry,https://modelcontextprotocol.io/specification/latest; https://github.com/modelcontextprotocol/servers; https://registry.modelcontextprotocol.io/
mcplab-authorization-scoping-local-development,ai-agent-systems,mcp-protocol-and-server-development,Model Context Protocol servers and integrations,authorization scoping,local development,MCP specification and documentation; MCP reference servers; Official MCP Registry,https://modelcontextprotocol.io/specification/latest; https://github.com/modelcontextprotocol/servers; https://registry.modelcontextprotocol.io/
mcplab-authorization-scoping-remote-deployment,ai-agent-systems,mcp-protocol-and-server-development,Model Context Protocol servers and integrations,authorization scoping,remote deployment,MCP specification and documentation; MCP reference servers; Official MCP Registry,https://modelcontextprotocol.io/specification/latest; https://github.com/modelcontextprotocol/servers; https://registry.modelcontextprotocol.io/
mcplab-authorization-scoping-reconnect-handling,ai-agent-systems,mcp-protocol-and-server-development,Model Context Protocol servers and integrations,authorization scoping,reconnect handling,MCP specification and documentation; MCP reference servers; Official MCP Registry,https://modelcontextprotocol.io/specification/latest; https://github.com/modelcontextprotocol/servers; https://registry.modelcontextprotocol.io/
mcplab-authorization-scoping-observability,ai-agent-systems,mcp-protocol-and-server-development,Model Context Protocol servers and integrations,authorization scoping,observability,MCP specification and documentation; MCP reference servers; Official MCP Registry,https://modelcontextprotocol.io/specification/latest; https://github.com/modelcontextprotocol/servers; https://registry.modelcontextprotocol.io/
mcplab-authorization-scoping-conformance-testing,ai-agent-systems,mcp-protocol-and-server-development,Model Context Protocol servers and integrations,authorization scoping,conformance testing,MCP specification and documentation; MCP reference servers; Official MCP Registry,https://modelcontextprotocol.io/specification/latest; https://github.com/modelcontextprotocol/servers; https://registry.modelcontextprotocol.io/
mcplab-authorization-scoping-release-readiness,ai-agent-systems,mcp-protocol-and-server-development,Model Context Protocol servers and integrations,authorization scoping,release readiness,MCP specification and documentation; MCP reference servers; Official MCP Registry,https://modelcontextprotocol.io/specification/latest; https://github.com/modelcontextprotocol/servers; https://registry.modelcontextprotocol.io/
mcplab-stdio-transport-client-compatibility,ai-agent-systems,mcp-protocol-and-server-development,Model Context Protocol servers and integrations,stdio transport,client compatibility,MCP specification and documentation; MCP reference servers; Official MCP Registry,https://modelcontextprotocol.io/specification/latest; https://github.com/modelcontextprotocol/servers; https://registry.modelcontextprotocol.io/
mcplab-stdio-transport-least-privilege-access,ai-agent-systems,mcp-protocol-and-server-development,Model Context Protocol servers and integrations,stdio transport,least-privilege access,MCP specification and documentation; MCP reference servers; Official MCP Registry,https://modelcontextprotocol.io/specification/latest; https://github.com/modelcontextprotocol/servers; https://registry.modelcontextprotocol.io/
mcplab-stdio-transport-untrusted-tool-output,ai-agent-systems,mcp-protocol-and-server-development,Model Context Protocol servers and integrations,stdio transport,untrusted tool output,MCP specification and documentation; MCP reference servers; Official MCP Registry,https://modelcontextprotocol.io/specification/latest; https://github.com/modelcontextprotocol/servers; https://registry.modelcontextprotocol.io/
mcplab-stdio-transport-schema-changes,ai-agent-systems,mcp-protocol-and-server-development,Model Context Protocol servers and integrations,stdio transport,schema changes,MCP specification and documentation; MCP reference servers; Official MCP Registry,https://modelcontextprotocol.io/specification/latest; https://github.com/modelcontextprotocol/servers; https://registry.modelcontextprotocol.io/
mcplab-stdio-transport-local-development,ai-agent-systems,mcp-protocol-and-server-development,Model Context Protocol servers and integrations,stdio transport,local development,MCP specification and documentation; MCP reference servers; Official MCP Registry,https://modelcontextprotocol.io/specification/latest; https://github.com/modelcontextprotocol/servers; https://registry.modelcontextprotocol.io/
mcplab-stdio-transport-remote-deployment,ai-agent-systems,mcp-protocol-and-server-development,Model Context Protocol servers and integrations,stdio transport,remote deployment,MCP specification and documentation; MCP reference servers; Official MCP Registry,https://modelcontextprotocol.io/specification/latest; https://github.com/modelcontextprotocol/servers; https://registry.modelcontextprotocol.io/
mcplab-stdio-transport-reconnect-handling,ai-agent-systems,mcp-protocol-and-server-development,Model Context Protocol servers and integrations,stdio transport,reconnect handling,MCP specification and documentation; MCP reference servers; Official MCP Registry,https://modelcontextprotocol.io/specification/latest; https://github.com/modelcontextprotocol/servers; https://registry.modelcontextprotocol.io/
mcplab-stdio-transport-observability,ai-agent-systems,mcp-protocol-and-server-development,Model Context Protocol servers and integrations,stdio transport,observability,MCP specification and documentation; MCP reference servers; Official MCP Registry,https://modelcontextprotocol.io/specification/latest; https://github.com/modelcontextprotocol/servers; https://registry.modelcontextprotocol.io/
mcplab-stdio-transport-conformance-testing,ai-agent-systems,mcp-protocol-and-server-development,Model Context Protocol servers and integrations,stdio transport,conformance testing,MCP specification and documentation; MCP reference servers; Official MCP Registry,https://modelcontextprotocol.io/specification/latest; https://github.com/modelcontextprotocol/servers; https://registry.modelcontextprotocol.io/
mcplab-stdio-transport-release-readiness,ai-agent-systems,mcp-protocol-and-server-development,Model Context Protocol servers and integrations,stdio transport,release readiness,MCP specification and documentation; MCP reference servers; Official MCP Registry,https://modelcontextprotocol.io/specification/latest; https://github.com/modelcontextprotocol/servers; https://registry.modelcontextprotocol.io/
mcplab-remote-http-transport-client-compatibility,ai-agent-systems,mcp-protocol-and-server-development,Model Context Protocol servers and integrations,remote HTTP transport,client compatibility,MCP specification and documentation; MCP reference servers; Official MCP Registry,https://modelcontextprotocol.io/specification/latest; https://github.com/modelcontextprotocol/servers; https://registry.modelcontextprotocol.io/
mcplab-remote-http-transport-least-privilege-access,ai-agent-systems,mcp-protocol-and-server-development,Model Context Protocol servers and integrations,remote HTTP transport,least-privilege access,MCP specification and documentation; MCP reference servers; Official MCP Registry,https://modelcontextprotocol.io/specification/latest; https://github.com/modelcontextprotocol/servers; https://registry.modelcontextprotocol.io/
mcplab-remote-http-transport-untrusted-tool-output,ai-agent-systems,mcp-protocol-and-server-development,Model Context Protocol servers and integrations,remote HTTP transport,untrusted tool output,MCP specification and documentation; MCP reference servers; Official MCP Registry,https://modelcontextprotocol.io/specification/latest; https://github.com/modelcontextprotocol/servers; https://registry.modelcontextprotocol.io/
mcplab-remote-http-transport-schema-changes,ai-agent-systems,mcp-protocol-and-server-development,Model Context Protocol servers and integrations,remote HTTP transport,schema changes,MCP specification and documentation; MCP reference servers; Official MCP Registry,https://modelcontextprotocol.io/specification/latest; https://github.com/modelcontextprotocol/servers; https://registry.modelcontextprotocol.io/
mcplab-remote-http-transport-local-development,ai-agent-systems,mcp-protocol-and-server-development,Model Context Protocol servers and integrations,remote HTTP transport,local development,MCP specification and documentation; MCP reference servers; Official MCP Registry,https://modelcontextprotocol.io/specification/latest; https://github.com/modelcontextprotocol/servers; https://registry.modelcontextprotocol.io/
mcplab-remote-http-transport-remote-deployment,ai-agent-systems,mcp-protocol-and-server-development,Model Context Protocol servers and integrations,remote HTTP transport,remote deployment,MCP specification and documentation; MCP reference servers; Official MCP Registry,https://modelcontextprotocol.io/specification/latest; https://github.com/modelcontextprotocol/servers; https://registry.modelcontextprotocol.io/
mcplab-remote-http-transport-reconnect-handling,ai-agent-systems,mcp-protocol-and-server-development,Model Context Protocol servers and integrations,remote HTTP transport,reconnect handling,MCP specification and documentation; MCP reference servers; Official MCP Registry,https://modelcontextprotocol.io/specification/latest; https://github.com/modelcontextprotocol/servers; https://registry.modelcontextprotocol.io/
mcplab-remote-http-transport-observability,ai-agent-systems,mcp-protocol-and-server-development,Model Context Protocol servers and integrations,remote HTTP transport,observability,MCP specification and documentation; MCP reference servers; Official MCP Registry,https://modelcontextprotocol.io/specification/latest; https://github.com/modelcontextprotocol/servers; https://registry.modelcontextprotocol.io/
mcplab-remote-http-transport-conformance-testing,ai-agent-systems,mcp-protocol-and-server-development,Model Context Protocol servers and integrations,remote HTTP transport,conformance testing,MCP specification and documentation; MCP reference servers; Official MCP Registry,https://modelcontextprotocol.io/specification/latest; https://github.com/modelcontextprotocol/servers; https://registry.modelcontextprotocol.io/
mcplab-remote-http-transport-release-readiness,ai-agent-systems,mcp-protocol-and-server-development,Model Context Protocol servers and integrations,remote HTTP transport,release readiness,MCP specification and documentation; MCP reference servers; Official MCP Registry,https://modelcontextprotocol.io/specification/latest; https://github.com/modelcontextprotocol/servers; https://registry.modelcontextprotocol.io/
mcplab-capability-negotiation-client-compatibility,ai-agent-systems,mcp-protocol-and-server-development,Model Context Protocol servers and integrations,capability negotiation,client compatibility,MCP specification and documentation; MCP reference servers; Official MCP Registry,https://modelcontextprotocol.io/specification/latest; https://github.com/modelcontextprotocol/servers; https://registry.modelcontextprotocol.io/
mcplab-capability-negotiation-least-privilege-access,ai-agent-systems,mcp-protocol-and-server-development,Model Context Protocol servers and integrations,capability negotiation,least-privilege access,MCP specification and documentation; MCP reference servers; Official MCP Registry,https://modelcontextprotocol.io/specification/latest; https://github.com/modelcontextprotocol/servers; https://registry.modelcontextprotocol.io/
mcplab-capability-negotiation-untrusted-tool-output,ai-agent-systems,mcp-protocol-and-server-development,Model Context Protocol servers and integrations,capability negotiation,untrusted tool output,MCP specification and documentation; MCP reference servers; Official MCP Registry,https://modelcontextprotocol.io/specification/latest; https://github.com/modelcontextprotocol/servers; https://registry.modelcontextprotocol.io/
mcplab-capability-negotiation-schema-changes,ai-agent-systems,mcp-protocol-and-server-development,Model Context Protocol servers and integrations,capability negotiation,schema changes,MCP specification and documentation; MCP reference servers; Official MCP Registry,https://modelcontextprotocol.io/specification/latest; https://github.com/modelcontextprotocol/servers; https://registry.modelcontextprotocol.io/
mcplab-capability-negotiation-local-development,ai-agent-systems,mcp-protocol-and-server-development,Model Context Protocol servers and integrations,capability negotiation,local development,MCP specification and documentation; MCP reference servers; Official MCP Registry,https://modelcontextprotocol.io/specification/latest; https://github.com/modelcontextprotocol/servers; https://registry.modelcontextprotocol.io/
mcplab-capability-negotiation-remote-deployment,ai-agent-systems,mcp-protocol-and-server-development,Model Context Protocol servers and integrations,capability negotiation,remote deployment,MCP specification and documentation; MCP reference servers; Official MCP Registry,https://modelcontextprotocol.io/specification/latest; https://github.com/modelcontextprotocol/servers; https://registry.modelcontextprotocol.io/
mcplab-capability-negotiation-reconnect-handling,ai-agent-systems,mcp-protocol-and-server-development,Model Context Protocol servers and integrations,capability negotiation,reconnect handling,MCP specification and documentation; MCP reference servers; Official MCP Registry,https://modelcontextprotocol.io/specification/latest; https://github.com/modelcontextprotocol/servers; https://registry.modelcontextprotocol.io/
mcplab-capability-negotiation-observability,ai-agent-systems,mcp-protocol-and-server-development,Model Context Protocol servers and integrations,capability negotiation,observability,MCP specification and documentation; MCP reference servers; Official MCP Registry,https://modelcontextprotocol.io/specification/latest; https://github.com/modelcontextprotocol/servers; https://registry.modelcontextprotocol.io/
mcplab-capability-negotiation-conformance-testing,ai-agent-systems,mcp-protocol-and-server-development,Model Context Protocol servers and integrations,capability negotiation,conformance testing,MCP specification and documentation; MCP reference servers; Official MCP Registry,https://modelcontextprotocol.io/specification/latest; https://github.com/modelcontextprotocol/servers; https://registry.modelcontextprotocol.io/
mcplab-capability-negotiation-release-readiness,ai-agent-systems,mcp-protocol-and-server-development,Model Context Protocol servers and integrations,capability negotiation,release readiness,MCP specification and documentation; MCP reference servers; Official MCP Registry,https://modelcontextprotocol.io/specification/latest; https://github.com/modelcontextprotocol/servers; https://registry.modelcontextprotocol.io/
mcplab-server-registry-metadata-client-compatibility,ai-agent-systems,mcp-protocol-and-server-development,Model Context Protocol servers and integrations,server-registry metadata,client compatibility,MCP specification and documentation; MCP reference servers; Official MCP Registry,https://modelcontextprotocol.io/specification/latest; https://github.com/modelcontextprotocol/servers; https://registry.modelcontextprotocol.io/
mcplab-server-registry-metadata-least-privilege-access,ai-agent-systems,mcp-protocol-and-server-development,Model Context Protocol servers and integrations,server-registry metadata,least-privilege access,MCP specification and documentation; MCP reference servers; Official MCP Registry,https://modelcontextprotocol.io/specification/latest; https://github.com/modelcontextprotocol/servers; https://registry.modelcontextprotocol.io/
mcplab-server-registry-metadata-untrusted-tool-output,ai-agent-systems,mcp-protocol-and-server-development,Model Context Protocol servers and integrations,server-registry metadata,untrusted tool output,MCP specification and documentation; MCP reference servers; Official MCP Registry,https://modelcontextprotocol.io/specification/latest; https://github.com/modelcontextprotocol/servers; https://registry.modelcontextprotocol.io/
mcplab-server-registry-metadata-schema-changes,ai-agent-systems,mcp-protocol-and-server-development,Model Context Protocol servers and integrations,server-registry metadata,schema changes,MCP specification and documentation; MCP reference servers; Official MCP Registry,https://modelcontextprotocol.io/specification/latest; https://github.com/modelcontextprotocol/servers; https://registry.modelcontextprotocol.io/
mcplab-server-registry-metadata-local-development,ai-agent-systems,mcp-protocol-and-server-development,Model Context Protocol servers and integrations,server-registry metadata,local development,MCP specification and documentation; MCP reference servers; Official MCP Registry,https://modelcontextprotocol.io/specification/latest; https://github.com/modelcontextprotocol/servers; https://registry.modelcontextprotocol.io/
mcplab-server-registry-metadata-remote-deployment,ai-agent-systems,mcp-protocol-and-server-development,Model Context Protocol servers and integrations,server-registry metadata,remote deployment,MCP specification and documentation; MCP reference servers; Official MCP Registry,https://modelcontextprotocol.io/specification/latest; https://github.com/modelcontextprotocol/servers; https://registry.modelcontextprotocol.io/
mcplab-server-registry-metadata-reconnect-handling,ai-agent-systems,mcp-protocol-and-server-development,Model Context Protocol servers and integrations,server-registry metadata,reconnect handling,MCP specification and documentation; MCP reference servers; Official MCP Registry,https://modelcontextprotocol.io/specification/latest; https://github.com/modelcontextprotocol/servers; https://registry.modelcontextprotocol.io/
mcplab-server-registry-metadata-observability,ai-agent-systems,mcp-protocol-and-server-development,Model Context Protocol servers and integrations,server-registry metadata,observability,MCP specification and documentation; MCP reference servers; Official MCP Registry,https://modelcontextprotocol.io/specification/latest; https://github.com/modelcontextprotocol/servers; https://registry.modelcontextprotocol.io/
mcplab-server-registry-metadata-conformance-testing,ai-agent-systems,mcp-protocol-and-server-development,Model Context Protocol servers and integrations,server-registry metadata,conformance testing,MCP specification and documentation; MCP reference servers; Official MCP Registry,https://modelcontextprotocol.io/specification/latest; https://github.com/modelcontextprotocol/servers; https://registry.modelcontextprotocol.io/
mcplab-server-registry-metadata-release-readiness,ai-agent-systems,mcp-protocol-and-server-development,Model Context Protocol servers and integrations,server-registry metadata,release readiness,MCP specification and documentation; MCP reference servers; Official MCP Registry,https://modelcontextprotocol.io/specification/latest; https://github.com/modelcontextprotocol/servers; https://registry.modelcontextprotocol.io/
codelab-python-services-module-boundaries,software-development,implementation-and-code-architecture,Software implementation and code architecture,Python services,module boundaries,community agent-skill catalog; Microsoft skills catalog,https://github.com/VoltAgent/awesome-agent-skills; https://github.com/microsoft/skills
codelab-python-services-api-evolution,software-development,implementation-and-code-architecture,Software implementation and code architecture,Python services,API evolution,community agent-skill catalog; Microsoft skills catalog,https://github.com/VoltAgent/awesome-agent-skills; https://github.com/microsoft/skills
codelab-python-services-database-changes,software-development,implementation-and-code-architecture,Software implementation and code architecture,Python services,database changes,community agent-skill catalog; Microsoft skills catalog,https://github.com/VoltAgent/awesome-agent-skills; https://github.com/microsoft/skills
codelab-python-services-asynchronous-work,software-development,implementation-and-code-architecture,Software implementation and code architecture,Python services,asynchronous work,community agent-skill catalog; Microsoft skills catalog,https://github.com/VoltAgent/awesome-agent-skills; https://github.com/microsoft/skills
codelab-python-services-dependency-upgrades,software-development,implementation-and-code-architecture,Software implementation and code architecture,Python services,dependency upgrades,community agent-skill catalog; Microsoft skills catalog,https://github.com/VoltAgent/awesome-agent-skills; https://github.com/microsoft/skills
codelab-python-services-performance-budgets,software-development,implementation-and-code-architecture,Software implementation and code architecture,Python services,performance budgets,community agent-skill catalog; Microsoft skills catalog,https://github.com/VoltAgent/awesome-agent-skills; https://github.com/microsoft/skills
codelab-python-services-configuration-defaults,software-development,implementation-and-code-architecture,Software implementation and code architecture,Python services,configuration defaults,community agent-skill catalog; Microsoft skills catalog,https://github.com/VoltAgent/awesome-agent-skills; https://github.com/microsoft/skills
codelab-python-services-error-handling,software-development,implementation-and-code-architecture,Software implementation and code architecture,Python services,error handling,community agent-skill catalog; Microsoft skills catalog,https://github.com/VoltAgent/awesome-agent-skills; https://github.com/microsoft/skills
codelab-python-services-build-packaging,software-development,implementation-and-code-architecture,Software implementation and code architecture,Python services,build packaging,community agent-skill catalog; Microsoft skills catalog,https://github.com/VoltAgent/awesome-agent-skills; https://github.com/microsoft/skills
codelab-python-services-documentation-handoff,software-development,implementation-and-code-architecture,Software implementation and code architecture,Python services,documentation handoff,community agent-skill catalog; Microsoft skills catalog,https://github.com/VoltAgent/awesome-agent-skills; https://github.com/microsoft/skills
codelab-typescript-services-module-boundaries,software-development,implementation-and-code-architecture,Software implementation and code architecture,TypeScript services,module boundaries,community agent-skill catalog; Microsoft skills catalog,https://github.com/VoltAgent/awesome-agent-skills; https://github.com/microsoft/skills
codelab-typescript-services-api-evolution,software-development,implementation-and-code-architecture,Software implementation and code architecture,TypeScript services,API evolution,community agent-skill catalog; Microsoft skills catalog,https://github.com/VoltAgent/awesome-agent-skills; https://github.com/microsoft/skills
codelab-typescript-services-database-changes,software-development,implementation-and-code-architecture,Software implementation and code architecture,TypeScript services,database changes,community agent-skill catalog; Microsoft skills catalog,https://github.com/VoltAgent/awesome-agent-skills; https://github.com/microsoft/skills
codelab-typescript-services-asynchronous-work,software-development,implementation-and-code-architecture,Software implementation and code architecture,TypeScript services,asynchronous work,community agent-skill catalog; Microsoft skills catalog,https://github.com/VoltAgent/awesome-agent-skills; https://github.com/microsoft/skills
codelab-typescript-services-dependency-upgrades,software-development,implementation-and-code-architecture,Software implementation and code architecture,TypeScript services,dependency upgrades,community agent-skill catalog; Microsoft skills catalog,https://github.com/VoltAgent/awesome-agent-skills; https://github.com/microsoft/skills
codelab-typescript-services-performance-budgets,software-development,implementation-and-code-architecture,Software implementation and code architecture,TypeScript services,performance budgets,community agent-skill catalog; Microsoft skills catalog,https://github.com/VoltAgent/awesome-agent-skills; https://github.com/microsoft/skills
codelab-typescript-services-configuration-defaults,software-development,implementation-and-code-architecture,Software implementation and code architecture,TypeScript services,configuration defaults,community agent-skill catalog; Microsoft skills catalog,https://github.com/VoltAgent/awesome-agent-skills; https://github.com/microsoft/skills
codelab-typescript-services-error-handling,software-development,implementation-and-code-architecture,Software implementation and code architecture,TypeScript services,error handling,community agent-skill catalog; Microsoft skills catalog,https://github.com/VoltAgent/awesome-agent-skills; https://github.com/microsoft/skills
codelab-typescript-services-build-packaging,software-development,implementation-and-code-architecture,Software implementation and code architecture,TypeScript services,build packaging,community agent-skill catalog; Microsoft skills catalog,https://github.com/VoltAgent/awesome-agent-skills; https://github.com/microsoft/skills
codelab-typescript-services-documentation-handoff,software-development,implementation-and-code-architecture,Software implementation and code architecture,TypeScript services,documentation handoff,community agent-skill catalog; Microsoft skills catalog,https://github.com/VoltAgent/awesome-agent-skills; https://github.com/microsoft/skills
codelab-rust-services-module-boundaries,software-development,implementation-and-code-architecture,Software implementation and code architecture,Rust services,module boundaries,community agent-skill catalog; Microsoft skills catalog,https://github.com/VoltAgent/awesome-agent-skills; https://github.com/microsoft/skills
codelab-rust-services-api-evolution,software-development,implementation-and-code-architecture,Software implementation and code architecture,Rust services,API evolution,community agent-skill catalog; Microsoft skills catalog,https://github.com/VoltAgent/awesome-agent-skills; https://github.com/microsoft/skills
codelab-rust-services-database-changes,software-development,implementation-and-code-architecture,Software implementation and code architecture,Rust services,database changes,community agent-skill catalog; Microsoft skills catalog,https://github.com/VoltAgent/awesome-agent-skills; https://github.com/microsoft/skills
codelab-rust-services-asynchronous-work,software-development,implementation-and-code-architecture,Software implementation and code architecture,Rust services,asynchronous work,community agent-skill catalog; Microsoft skills catalog,https://github.com/VoltAgent/awesome-agent-skills; https://github.com/microsoft/skills
codelab-rust-services-dependency-upgrades,software-development,implementation-and-code-architecture,Software implementation and code architecture,Rust services,dependency upgrades,community agent-skill catalog; Microsoft skills catalog,https://github.com/VoltAgent/awesome-agent-skills; https://github.com/microsoft/skills
codelab-rust-services-performance-budgets,software-development,implementation-and-code-architecture,Software implementation and code architecture,Rust services,performance budgets,community agent-skill catalog; Microsoft skills catalog,https://github.com/VoltAgent/awesome-agent-skills; https://github.com/microsoft/skills
codelab-rust-services-configuration-defaults,software-development,implementation-and-code-architecture,Software implementation and code architecture,Rust services,configuration defaults,community agent-skill catalog; Microsoft skills catalog,https://github.com/VoltAgent/awesome-agent-skills; https://github.com/microsoft/skills
codelab-rust-services-error-handling,software-development,implementation-and-code-architecture,Software implementation and code architecture,Rust services,error handling,community agent-skill catalog; Microsoft skills catalog,https://github.com/VoltAgent/awesome-agent-skills; https://github.com/microsoft/skills
codelab-rust-services-build-packaging,software-development,implementation-and-code-architecture,Software implementation and code architecture,Rust services,build packaging,community agent-skill catalog; Microsoft skills catalog,https://github.com/VoltAgent/awesome-agent-skills; https://github.com/microsoft/skills
codelab-rust-services-documentation-handoff,software-development,implementation-and-code-architecture,Software implementation and code architecture,Rust services,documentation handoff,community agent-skill catalog; Microsoft skills catalog,https://github.com/VoltAgent/awesome-agent-skills; https://github.com/microsoft/skills
codelab-go-services-module-boundaries,software-development,implementation-and-code-architecture,Software implementation and code architecture,Go services,module boundaries,community agent-skill catalog; Microsoft skills catalog,https://github.com/VoltAgent/awesome-agent-skills; https://github.com/microsoft/skills
codelab-go-services-api-evolution,software-development,implementation-and-code-architecture,Software implementation and code architecture,Go services,API evolution,community agent-skill catalog; Microsoft skills catalog,https://github.com/VoltAgent/awesome-agent-skills; https://github.com/microsoft/skills
codelab-go-services-database-changes,software-development,implementation-and-code-architecture,Software implementation and code architecture,Go services,database changes,community agent-skill catalog; Microsoft skills catalog,https://github.com/VoltAgent/awesome-agent-skills; https://github.com/microsoft/skills
codelab-go-services-asynchronous-work,software-development,implementation-and-code-architecture,Software implementation and code architecture,Go services,asynchronous work,community agent-skill catalog; Microsoft skills catalog,https://github.com/VoltAgent/awesome-agent-skills; https://github.com/microsoft/skills
codelab-go-services-dependency-upgrades,software-development,implementation-and-code-architecture,Software implementation and code architecture,Go services,dependency upgrades,community agent-skill catalog; Microsoft skills catalog,https://github.com/VoltAgent/awesome-agent-skills; https://github.com/microsoft/skills
codelab-go-services-performance-budgets,software-development,implementation-and-code-architecture,Software implementation and code architecture,Go services,performance budgets,community agent-skill catalog; Microsoft skills catalog,https://github.com/VoltAgent/awesome-agent-skills; https://github.com/microsoft/skills
codelab-go-services-configuration-defaults,software-development,implementation-and-code-architecture,Software implementation and code architecture,Go services,configuration defaults,community agent-skill catalog; Microsoft skills catalog,https://github.com/VoltAgent/awesome-agent-skills; https://github.com/microsoft/skills
codelab-go-services-error-handling,software-development,implementation-and-code-architecture,Software implementation and code architecture,Go services,error handling,community agent-skill catalog; Microsoft skills catalog,https://github.com/VoltAgent/awesome-agent-skills; https://github.com/microsoft/skills
codelab-go-services-build-packaging,software-development,implementation-and-code-architecture,Software implementation and code architecture,Go services,build packaging,community agent-skill catalog; Microsoft skills catalog,https://github.com/VoltAgent/awesome-agent-skills; https://github.com/microsoft/skills
codelab-go-services-documentation-handoff,software-development,implementation-and-code-architecture,Software implementation and code architecture,Go services,documentation handoff,community agent-skill catalog; Microsoft skills catalog,https://github.com/VoltAgent/awesome-agent-skills; https://github.com/microsoft/skills
codelab-java-and-kotlin-services-module-boundaries,software-development,implementation-and-code-architecture,Software implementation and code architecture,Java and Kotlin services,module boundaries,community agent-skill catalog; Microsoft skills catalog,https://github.com/VoltAgent/awesome-agent-skills; https://github.com/microsoft/skills
codelab-java-and-kotlin-services-api-evolution,software-development,implementation-and-code-architecture,Software implementation and code architecture,Java and Kotlin services,API evolution,community agent-skill catalog; Microsoft skills catalog,https://github.com/VoltAgent/awesome-agent-skills; https://github.com/microsoft/skills
codelab-java-and-kotlin-services-database-changes,software-development,implementation-and-code-architecture,Software implementation and code architecture,Java and Kotlin services,database changes,community agent-skill catalog; Microsoft skills catalog,https://github.com/VoltAgent/awesome-agent-skills; https://github.com/microsoft/skills
codelab-java-and-kotlin-services-asynchronous-work,software-development,implementation-and-code-architecture,Software implementation and code architecture,Java and Kotlin services,asynchronous work,community agent-skill catalog; Microsoft skills catalog,https://github.com/VoltAgent/awesome-agent-skills; https://github.com/microsoft/skills
codelab-java-and-kotlin-services-dependency-upgrades,software-development,implementation-and-code-architecture,Software implementation and code architecture,Java and Kotlin services,dependency upgrades,community agent-skill catalog; Microsoft skills catalog,https://github.com/VoltAgent/awesome-agent-skills; https://github.com/microsoft/skills
codelab-java-and-kotlin-services-performance-budgets,software-development,implementation-and-code-architecture,Software implementation and code architecture,Java and Kotlin services,performance budgets,community agent-skill catalog; Microsoft skills catalog,https://github.com/VoltAgent/awesome-agent-skills; https://github.com/microsoft/skills
codelab-java-and-kotlin-services-configuration-defaults,software-development,implementation-and-code-architecture,Software implementation and code architecture,Java and Kotlin services,configuration defaults,community agent-skill catalog; Microsoft skills catalog,https://github.com/VoltAgent/awesome-agent-skills; https://github.com/microsoft/skills
codelab-java-and-kotlin-services-error-handling,software-development,implementation-and-code-architecture,Software implementation and code architecture,Java and Kotlin services,error handling,community agent-skill catalog; Microsoft skills catalog,https://github.com/VoltAgent/awesome-agent-skills; https://github.com/microsoft/skills
codelab-java-and-kotlin-services-build-packaging,software-development,implementation-and-code-architecture,Software implementation and code architecture,Java and Kotlin services,build packaging,community agent-skill catalog; Microsoft skills catalog,https://github.com/VoltAgent/awesome-agent-skills; https://github.com/microsoft/skills
codelab-java-and-kotlin-services-documentation-handoff,software-development,implementation-and-code-architecture,Software implementation and code architecture,Java and Kotlin services,documentation handoff,community agent-skill catalog; Microsoft skills catalog,https://github.com/VoltAgent/awesome-agent-skills; https://github.com/microsoft/skills
codelab-c-sharp-and-dotnet-services-module-boundaries,software-development,implementation-and-code-architecture,Software implementation and code architecture,C sharp and dotnet services,module boundaries,community agent-skill catalog; Microsoft skills catalog,https://github.com/VoltAgent/awesome-agent-skills; https://github.com/microsoft/skills
codelab-c-sharp-and-dotnet-services-api-evolution,software-development,implementation-and-code-architecture,Software implementation and code architecture,C sharp and dotnet services,API evolution,community agent-skill catalog; Microsoft skills catalog,https://github.com/VoltAgent/awesome-agent-skills; https://github.com/microsoft/skills
codelab-c-sharp-and-dotnet-services-database-changes,software-development,implementation-and-code-architecture,Software implementation and code architecture,C sharp and dotnet services,database changes,community agent-skill catalog; Microsoft skills catalog,https://github.com/VoltAgent/awesome-agent-skills; https://github.com/microsoft/skills
codelab-c-sharp-and-dotnet-services-asynchronous-work,software-development,implementation-and-code-architecture,Software implementation and code architecture,C sharp and dotnet services,asynchronous work,community agent-skill catalog; Microsoft skills catalog,https://github.com/VoltAgent/awesome-agent-skills; https://github.com/microsoft/skills
codelab-c-sharp-and-dotnet-services-dependency-upgrades,software-development,implementation-and-code-architecture,Software implementation and code architecture,C sharp and dotnet services,dependency upgrades,community agent-skill catalog; Microsoft skills catalog,https://github.com/VoltAgent/awesome-agent-skills; https://github.com/microsoft/skills
codelab-c-sharp-and-dotnet-services-performance-budgets,software-development,implementation-and-code-architecture,Software implementation and code architecture,C sharp and dotnet services,performance budgets,community agent-skill catalog; Microsoft skills catalog,https://github.com/VoltAgent/awesome-agent-skills; https://github.com/microsoft/skills
codelab-c-sharp-and-dotnet-services-configuration-defaults,software-development,implementation-and-code-architecture,Software implementation and code architecture,C sharp and dotnet services,configuration defaults,community agent-skill catalog; Microsoft skills catalog,https://github.com/VoltAgent/awesome-agent-skills; https://github.com/microsoft/skills
codelab-c-sharp-and-dotnet-services-error-handling,software-development,implementation-and-code-architecture,Software implementation and code architecture,C sharp and dotnet services,error handling,community agent-skill catalog; Microsoft skills catalog,https://github.com/VoltAgent/awesome-agent-skills; https://github.com/microsoft/skills
codelab-c-sharp-and-dotnet-services-build-packaging,software-development,implementation-and-code-architecture,Software implementation and code architecture,C sharp and dotnet services,build packaging,community agent-skill catalog; Microsoft skills catalog,https://github.com/VoltAgent/awesome-agent-skills; https://github.com/microsoft/skills
codelab-c-sharp-and-dotnet-services-documentation-handoff,software-development,implementation-and-code-architecture,Software implementation and code architecture,C sharp and dotnet services,documentation handoff,community agent-skill catalog; Microsoft skills catalog,https://github.com/VoltAgent/awesome-agent-skills; https://github.com/microsoft/skills
codelab-swift-and-ios-apps-module-boundaries,software-development,implementation-and-code-architecture,Software implementation and code architecture,Swift and iOS apps,module boundaries,community agent-skill catalog; Microsoft skills catalog,https://github.com/VoltAgent/awesome-agent-skills; https://github.com/microsoft/skills
codelab-swift-and-ios-apps-api-evolution,software-development,implementation-and-code-architecture,Software implementation and code architecture,Swift and iOS apps,API evolution,community agent-skill catalog; Microsoft skills catalog,https://github.com/VoltAgent/awesome-agent-skills; https://github.com/microsoft/skills
codelab-swift-and-ios-apps-database-changes,software-development,implementation-and-code-architecture,Software implementation and code architecture,Swift and iOS apps,database changes,community agent-skill catalog; Microsoft skills catalog,https://github.com/VoltAgent/awesome-agent-skills; https://github.com/microsoft/skills
codelab-swift-and-ios-apps-asynchronous-work,software-development,implementation-and-code-architecture,Software implementation and code architecture,Swift and iOS apps,asynchronous work,community agent-skill catalog; Microsoft skills catalog,https://github.com/VoltAgent/awesome-agent-skills; https://github.com/microsoft/skills
codelab-swift-and-ios-apps-dependency-upgrades,software-development,implementation-and-code-architecture,Software implementation and code architecture,Swift and iOS apps,dependency upgrades,community agent-skill catalog; Microsoft skills catalog,https://github.com/VoltAgent/awesome-agent-skills; https://github.com/microsoft/skills
codelab-swift-and-ios-apps-performance-budgets,software-development,implementation-and-code-architecture,Software implementation and code architecture,Swift and iOS apps,performance budgets,community agent-skill catalog; Microsoft skills catalog,https://github.com/VoltAgent/awesome-agent-skills; https://github.com/microsoft/skills
codelab-swift-and-ios-apps-configuration-defaults,software-development,implementation-and-code-architecture,Software implementation and code architecture,Swift and iOS apps,configuration defaults,community agent-skill catalog; Microsoft skills catalog,https://github.com/VoltAgent/awesome-agent-skills; https://github.com/microsoft/skills
codelab-swift-and-ios-apps-error-handling,software-development,implementation-and-code-architecture,Software implementation and code architecture,Swift and iOS apps,error handling,community agent-skill catalog; Microsoft skills catalog,https://github.com/VoltAgent/awesome-agent-skills; https://github.com/microsoft/skills
codelab-swift-and-ios-apps-build-packaging,software-development,implementation-and-code-architecture,Software implementation and code architecture,Swift and iOS apps,build packaging,community agent-skill catalog; Microsoft skills catalog,https://github.com/VoltAgent/awesome-agent-skills; https://github.com/microsoft/skills
codelab-swift-and-ios-apps-documentation-handoff,software-development,implementation-and-code-architecture,Software implementation and code architecture,Swift and iOS apps,documentation handoff,community agent-skill catalog; Microsoft skills catalog,https://github.com/VoltAgent/awesome-agent-skills; https://github.com/microsoft/skills
codelab-react-and-next-js-apps-module-boundaries,software-development,implementation-and-code-architecture,Software implementation and code architecture,React and Next.js apps,module boundaries,community agent-skill catalog; Microsoft skills catalog,https://github.com/VoltAgent/awesome-agent-skills; https://github.com/microsoft/skills
codelab-react-and-next-js-apps-api-evolution,software-development,implementation-and-code-architecture,Software implementation and code architecture,React and Next.js apps,API evolution,community agent-skill catalog; Microsoft skills catalog,https://github.com/VoltAgent/awesome-agent-skills; https://github.com/microsoft/skills
codelab-react-and-next-js-apps-database-changes,software-development,implementation-and-code-architecture,Software implementation and code architecture,React and Next.js apps,database changes,community agent-skill catalog; Microsoft skills catalog,https://github.com/VoltAgent/awesome-agent-skills; https://github.com/microsoft/skills
codelab-react-and-next-js-apps-asynchronous-work,software-development,implementation-and-code-architecture,Software implementation and code architecture,React and Next.js apps,asynchronous work,community agent-skill catalog; Microsoft skills catalog,https://github.com/VoltAgent/awesome-agent-skills; https://github.com/microsoft/skills
codelab-react-and-next-js-apps-dependency-upgrades,software-development,implementation-and-code-architecture,Software implementation and code architecture,React and Next.js apps,dependency upgrades,community agent-skill catalog; Microsoft skills catalog,https://github.com/VoltAgent/awesome-agent-skills; https://github.com/microsoft/skills
codelab-react-and-next-js-apps-performance-budgets,software-development,implementation-and-code-architecture,Software implementation and code architecture,React and Next.js apps,performance budgets,community agent-skill catalog; Microsoft skills catalog,https://github.com/VoltAgent/awesome-agent-skills; https://github.com/microsoft/skills
codelab-react-and-next-js-apps-configuration-defaults,software-development,implementation-and-code-architecture,Software implementation and code architecture,React and Next.js apps,configuration defaults,community agent-skill catalog; Microsoft skills catalog,https://github.com/VoltAgent/awesome-agent-skills; https://github.com/microsoft/skills
codelab-react-and-next-js-apps-error-handling,software-development,implementation-and-code-architecture,Software implementation and code architecture,React and Next.js apps,error handling,community agent-skill catalog; Microsoft skills catalog,https://github.com/VoltAgent/awesome-agent-skills; https://github.com/microsoft/skills
codelab-react-and-next-js-apps-build-packaging,software-development,implementation-and-code-architecture,Software implementation and code architecture,React and Next.js apps,build packaging,community agent-skill catalog; Microsoft skills catalog,https://github.com/VoltAgent/awesome-agent-skills; https://github.com/microsoft/skills
codelab-react-and-next-js-apps-documentation-handoff,software-development,implementation-and-code-architecture,Software implementation and code architecture,React and Next.js apps,documentation handoff,community agent-skill catalog; Microsoft skills catalog,https://github.com/VoltAgent/awesome-agent-skills; https://github.com/microsoft/skills
codelab-flutter-and-mobile-apps-module-boundaries,software-development,implementation-and-code-architecture,Software implementation and code architecture,Flutter and mobile apps,module boundaries,community agent-skill catalog; Microsoft skills catalog,https://github.com/VoltAgent/awesome-agent-skills; https://github.com/microsoft/skills
codelab-flutter-and-mobile-apps-api-evolution,software-development,implementation-and-code-architecture,Software implementation and code architecture,Flutter and mobile apps,API evolution,community agent-skill catalog; Microsoft skills catalog,https://github.com/VoltAgent/awesome-agent-skills; https://github.com/microsoft/skills
codelab-flutter-and-mobile-apps-database-changes,software-development,implementation-and-code-architecture,Software implementation and code architecture,Flutter and mobile apps,database changes,community agent-skill catalog; Microsoft skills catalog,https://github.com/VoltAgent/awesome-agent-skills; https://github.com/microsoft/skills
codelab-flutter-and-mobile-apps-asynchronous-work,software-development,implementation-and-code-architecture,Software implementation and code architecture,Flutter and mobile apps,asynchronous work,community agent-skill catalog; Microsoft skills catalog,https://github.com/VoltAgent/awesome-agent-skills; https://github.com/microsoft/skills
codelab-flutter-and-mobile-apps-dependency-upgrades,software-development,implementation-and-code-architecture,Software implementation and code architecture,Flutter and mobile apps,dependency upgrades,community agent-skill catalog; Microsoft skills catalog,https://github.com/VoltAgent/awesome-agent-skills; https://github.com/microsoft/skills
codelab-flutter-and-mobile-apps-performance-budgets,software-development,implementation-and-code-architecture,Software implementation and code architecture,Flutter and mobile apps,performance budgets,community agent-skill catalog; Microsoft skills catalog,https://github.com/VoltAgent/awesome-agent-skills; https://github.com/microsoft/skills
codelab-flutter-and-mobile-apps-configuration-defaults,software-development,implementation-and-code-architecture,Software implementation and code architecture,Flutter and mobile apps,configuration defaults,community agent-skill catalog; Microsoft skills catalog,https://github.com/VoltAgent/awesome-agent-skills; https://github.com/microsoft/skills
codelab-flutter-and-mobile-apps-error-handling,software-development,implementation-and-code-architecture,Software implementation and code architecture,Flutter and mobile apps,error handling,community agent-skill catalog; Microsoft skills catalog,https://github.com/VoltAgent/awesome-agent-skills; https://github.com/microsoft/skills
codelab-flutter-and-mobile-apps-build-packaging,software-development,implementation-and-code-architecture,Software implementation and code architecture,Flutter and mobile apps,build packaging,community agent-skill catalog; Microsoft skills catalog,https://github.com/VoltAgent/awesome-agent-skills; https://github.com/microsoft/skills
codelab-flutter-and-mobile-apps-documentation-handoff,software-development,implementation-and-code-architecture,Software implementation and code architecture,Flutter and mobile apps,documentation handoff,community agent-skill catalog; Microsoft skills catalog,https://github.com/VoltAgent/awesome-agent-skills; https://github.com/microsoft/skills
testlab-unit-testing-legacy-code,software-development,testing-quality-release,Software testing and release assurance,unit testing,legacy code,community agent-skill catalog; Microsoft skills catalog; Trail of Bits skills catalog,https://github.com/VoltAgent/awesome-agent-skills; https://github.com/microsoft/skills; https://github.com/trailofbits/skills
testlab-unit-testing-version-migrations,software-development,testing-quality-release,Software testing and release assurance,unit testing,version migrations,community agent-skill catalog; Microsoft skills catalog; Trail of Bits skills catalog,https://github.com/VoltAgent/awesome-agent-skills; https://github.com/microsoft/skills; https://github.com/trailofbits/skills
testlab-unit-testing-flaky-failures,software-development,testing-quality-release,Software testing and release assurance,unit testing,flaky failures,community agent-skill catalog; Microsoft skills catalog; Trail of Bits skills catalog,https://github.com/VoltAgent/awesome-agent-skills; https://github.com/microsoft/skills; https://github.com/trailofbits/skills
testlab-unit-testing-cross-platform-behavior,software-development,testing-quality-release,Software testing and release assurance,unit testing,cross-platform behavior,community agent-skill catalog; Microsoft skills catalog; Trail of Bits skills catalog,https://github.com/VoltAgent/awesome-agent-skills; https://github.com/microsoft/skills; https://github.com/trailofbits/skills
testlab-unit-testing-api-compatibility,software-development,testing-quality-release,Software testing and release assurance,unit testing,API compatibility,community agent-skill catalog; Microsoft skills catalog; Trail of Bits skills catalog,https://github.com/VoltAgent/awesome-agent-skills; https://github.com/microsoft/skills; https://github.com/trailofbits/skills
testlab-unit-testing-data-edge-cases,software-development,testing-quality-release,Software testing and release assurance,unit testing,data edge cases,community agent-skill catalog; Microsoft skills catalog; Trail of Bits skills catalog,https://github.com/VoltAgent/awesome-agent-skills; https://github.com/microsoft/skills; https://github.com/trailofbits/skills
testlab-unit-testing-release-candidates,software-development,testing-quality-release,Software testing and release assurance,unit testing,release candidates,community agent-skill catalog; Microsoft skills catalog; Trail of Bits skills catalog,https://github.com/VoltAgent/awesome-agent-skills; https://github.com/microsoft/skills; https://github.com/trailofbits/skills
testlab-unit-testing-test-isolation,software-development,testing-quality-release,Software testing and release assurance,unit testing,test isolation,community agent-skill catalog; Microsoft skills catalog; Trail of Bits skills catalog,https://github.com/VoltAgent/awesome-agent-skills; https://github.com/microsoft/skills; https://github.com/trailofbits/skills
testlab-unit-testing-ci-cost-budgets,software-development,testing-quality-release,Software testing and release assurance,unit testing,CI cost budgets,community agent-skill catalog; Microsoft skills catalog; Trail of Bits skills catalog,https://github.com/VoltAgent/awesome-agent-skills; https://github.com/microsoft/skills; https://github.com/trailofbits/skills
testlab-unit-testing-regression-coverage,software-development,testing-quality-release,Software testing and release assurance,unit testing,regression coverage,community agent-skill catalog; Microsoft skills catalog; Trail of Bits skills catalog,https://github.com/VoltAgent/awesome-agent-skills; https://github.com/microsoft/skills; https://github.com/trailofbits/skills
testlab-integration-testing-legacy-code,software-development,testing-quality-release,Software testing and release assurance,integration testing,legacy code,community agent-skill catalog; Microsoft skills catalog; Trail of Bits skills catalog,https://github.com/VoltAgent/awesome-agent-skills; https://github.com/microsoft/skills; https://github.com/trailofbits/skills
testlab-integration-testing-version-migrations,software-development,testing-quality-release,Software testing and release assurance,integration testing,version migrations,community agent-skill catalog; Microsoft skills catalog; Trail of Bits skills catalog,https://github.com/VoltAgent/awesome-agent-skills; https://github.com/microsoft/skills; https://github.com/trailofbits/skills
testlab-integration-testing-flaky-failures,software-development,testing-quality-release,Software testing and release assurance,integration testing,flaky failures,community agent-skill catalog; Microsoft skills catalog; Trail of Bits skills catalog,https://github.com/VoltAgent/awesome-agent-skills; https://github.com/microsoft/skills; https://github.com/trailofbits/skills
testlab-integration-testing-cross-platform-behavior,software-development,testing-quality-release,Software testing and release assurance,integration testing,cross-platform behavior,community agent-skill catalog; Microsoft skills catalog; Trail of Bits skills catalog,https://github.com/VoltAgent/awesome-agent-skills; https://github.com/microsoft/skills; https://github.com/trailofbits/skills
testlab-integration-testing-api-compatibility,software-development,testing-quality-release,Software testing and release assurance,integration testing,API compatibility,community agent-skill catalog; Microsoft skills catalog; Trail of Bits skills catalog,https://github.com/VoltAgent/awesome-agent-skills; https://github.com/microsoft/skills; https://github.com/trailofbits/skills
testlab-integration-testing-data-edge-cases,software-development,testing-quality-release,Software testing and release assurance,integration testing,data edge cases,community agent-skill catalog; Microsoft skills catalog; Trail of Bits skills catalog,https://github.com/VoltAgent/awesome-agent-skills; https://github.com/microsoft/skills; https://github.com/trailofbits/skills
testlab-integration-testing-release-candidates,software-development,testing-quality-release,Software testing and release assurance,integration testing,release candidates,community agent-skill catalog; Microsoft skills catalog; Trail of Bits skills catalog,https://github.com/VoltAgent/awesome-agent-skills; https://github.com/microsoft/skills; https://github.com/trailofbits/skills
testlab-integration-testing-test-isolation,software-development,testing-quality-release,Software testing and release assurance,integration testing,test isolation,community agent-skill catalog; Microsoft skills catalog; Trail of Bits skills catalog,https://github.com/VoltAgent/awesome-agent-skills; https://github.com/microsoft/skills; https://github.com/trailofbits/skills
testlab-integration-testing-ci-cost-budgets,software-development,testing-quality-release,Software testing and release assurance,integration testing,CI cost budgets,community agent-skill catalog; Microsoft skills catalog; Trail of Bits skills catalog,https://github.com/VoltAgent/awesome-agent-skills; https://github.com/microsoft/skills; https://github.com/trailofbits/skills
testlab-integration-testing-regression-coverage,software-development,testing-quality-release,Software testing and release assurance,integration testing,regression coverage,community agent-skill catalog; Microsoft skills catalog; Trail of Bits skills catalog,https://github.com/VoltAgent/awesome-agent-skills; https://github.com/microsoft/skills; https://github.com/trailofbits/skills
testlab-contract-testing-legacy-code,software-development,testing-quality-release,Software testing and release assurance,contract testing,legacy code,community agent-skill catalog; Microsoft skills catalog; Trail of Bits skills catalog,https://github.com/VoltAgent/awesome-agent-skills; https://github.com/microsoft/skills; https://github.com/trailofbits/skills
testlab-contract-testing-version-migrations,software-development,testing-quality-release,Software testing and release assurance,contract testing,version migrations,community agent-skill catalog; Microsoft skills catalog; Trail of Bits skills catalog,https://github.com/VoltAgent/awesome-agent-skills; https://github.com/microsoft/skills; https://github.com/trailofbits/skills
testlab-contract-testing-flaky-failures,software-development,testing-quality-release,Software testing and release assurance,contract testing,flaky failures,community agent-skill catalog; Microsoft skills catalog; Trail of Bits skills catalog,https://github.com/VoltAgent/awesome-agent-skills; https://github.com/microsoft/skills; https://github.com/trailofbits/skills
testlab-contract-testing-cross-platform-behavior,software-development,testing-quality-release,Software testing and release assurance,contract testing,cross-platform behavior,community agent-skill catalog; Microsoft skills catalog; Trail of Bits skills catalog,https://github.com/VoltAgent/awesome-agent-skills; https://github.com/microsoft/skills; https://github.com/trailofbits/skills
testlab-contract-testing-api-compatibility,software-development,testing-quality-release,Software testing and release assurance,contract testing,API compatibility,community agent-skill catalog; Microsoft skills catalog; Trail of Bits skills catalog,https://github.com/VoltAgent/awesome-agent-skills; https://github.com/microsoft/skills; https://github.com/trailofbits/skills
testlab-contract-testing-data-edge-cases,software-development,testing-quality-release,Software testing and release assurance,contract testing,data edge cases,community agent-skill catalog; Microsoft skills catalog; Trail of Bits skills catalog,https://github.com/VoltAgent/awesome-agent-skills; https://github.com/microsoft/skills; https://github.com/trailofbits/skills
testlab-contract-testing-release-candidates,software-development,testing-quality-release,Software testing and release assurance,contract testing,release candidates,community agent-skill catalog; Microsoft skills catalog; Trail of Bits skills catalog,https://github.com/VoltAgent/awesome-agent-skills; https://github.com/microsoft/skills; https://github.com/trailofbits/skills
testlab-contract-testing-test-isolation,software-development,testing-quality-release,Software testing and release assurance,contract testing,test isolation,community agent-skill catalog; Microsoft skills catalog; Trail of Bits skills catalog,https://github.com/VoltAgent/awesome-agent-skills; https://github.com/microsoft/skills; https://github.com/trailofbits/skills
testlab-contract-testing-ci-cost-budgets,software-development,testing-quality-release,Software testing and release assurance,contract testing,CI cost budgets,community agent-skill catalog; Microsoft skills catalog; Trail of Bits skills catalog,https://github.com/VoltAgent/awesome-agent-skills; https://github.com/microsoft/skills; https://github.com/trailofbits/skills
testlab-contract-testing-regression-coverage,software-development,testing-quality-release,Software testing and release assurance,contract testing,regression coverage,community agent-skill catalog; Microsoft skills catalog; Trail of Bits skills catalog,https://github.com/VoltAgent/awesome-agent-skills; https://github.com/microsoft/skills; https://github.com/trailofbits/skills
testlab-property-based-testing-legacy-code,software-development,testing-quality-release,Software testing and release assurance,property-based testing,legacy code,community agent-skill catalog; Microsoft skills catalog; Trail of Bits skills catalog,https://github.com/VoltAgent/awesome-agent-skills; https://github.com/microsoft/skills; https://github.com/trailofbits/skills
testlab-property-based-testing-version-migrations,software-development,testing-quality-release,Software testing and release assurance,property-based testing,version migrations,community agent-skill catalog; Microsoft skills catalog; Trail of Bits skills catalog,https://github.com/VoltAgent/awesome-agent-skills; https://github.com/microsoft/skills; https://github.com/trailofbits/skills
testlab-property-based-testing-flaky-failures,software-development,testing-quality-release,Software testing and release assurance,property-based testing,flaky failures,community agent-skill catalog; Microsoft skills catalog; Trail of Bits skills catalog,https://github.com/VoltAgent/awesome-agent-skills; https://github.com/microsoft/skills; https://github.com/trailofbits/skills
testlab-property-based-testing-cross-platform-behavior,software-development,testing-quality-release,Software testing and release assurance,property-based testing,cross-platform behavior,community agent-skill catalog; Microsoft skills catalog; Trail of Bits skills catalog,https://github.com/VoltAgent/awesome-agent-skills; https://github.com/microsoft/skills; https://github.com/trailofbits/skills
testlab-property-based-testing-api-compatibility,software-development,testing-quality-release,Software testing and release assurance,property-based testing,API compatibility,community agent-skill catalog; Microsoft skills catalog; Trail of Bits skills catalog,https://github.com/VoltAgent/awesome-agent-skills; https://github.com/microsoft/skills; https://github.com/trailofbits/skills
testlab-property-based-testing-data-edge-cases,software-development,testing-quality-release,Software testing and release assurance,property-based testing,data edge cases,community agent-skill catalog; Microsoft skills catalog; Trail of Bits skills catalog,https://github.com/VoltAgent/awesome-agent-skills; https://github.com/microsoft/skills; https://github.com/trailofbits/skills
testlab-property-based-testing-release-candidates,software-development,testing-quality-release,Software testing and release assurance,property-based testing,release candidates,community agent-skill catalog; Microsoft skills catalog; Trail of Bits skills catalog,https://github.com/VoltAgent/awesome-agent-skills; https://github.com/microsoft/skills; https://github.com/trailofbits/skills
testlab-property-based-testing-test-isolation,software-development,testing-quality-release,Software testing and release assurance,property-based testing,test isolation,community agent-skill catalog; Microsoft skills catalog; Trail of Bits skills catalog,https://github.com/VoltAgent/awesome-agent-skills; https://github.com/microsoft/skills; https://github.com/trailofbits/skills
testlab-property-based-testing-ci-cost-budgets,software-development,testing-quality-release,Software testing and release assurance,property-based testing,CI cost budgets,community agent-skill catalog; Microsoft skills catalog; Trail of Bits skills catalog,https://github.com/VoltAgent/awesome-agent-skills; https://github.com/microsoft/skills; https://github.com/trailofbits/skills
testlab-property-based-testing-regression-coverage,software-development,testing-quality-release,Software testing and release assurance,property-based testing,regression coverage,community agent-skill catalog; Microsoft skills catalog; Trail of Bits skills catalog,https://github.com/VoltAgent/awesome-agent-skills; https://github.com/microsoft/skills; https://github.com/trailofbits/skills
testlab-fuzz-testing-legacy-code,software-development,testing-quality-release,Software testing and release assurance,fuzz testing,legacy code,community agent-skill catalog; Microsoft skills catalog; Trail of Bits skills catalog,https://github.com/VoltAgent/awesome-agent-skills; https://github.com/microsoft/skills; https://github.com/trailofbits/skills
testlab-fuzz-testing-version-migrations,software-development,testing-quality-release,Software testing and release assurance,fuzz testing,version migrations,community agent-skill catalog; Microsoft skills catalog; Trail of Bits skills catalog,https://github.com/VoltAgent/awesome-agent-skills; https://github.com/microsoft/skills; https://github.com/trailofbits/skills
testlab-fuzz-testing-flaky-failures,software-development,testing-quality-release,Software testing and release assurance,fuzz testing,flaky failures,community agent-skill catalog; Microsoft skills catalog; Trail of Bits skills catalog,https://github.com/VoltAgent/awesome-agent-skills; https://github.com/microsoft/skills; https://github.com/trailofbits/skills
testlab-fuzz-testing-cross-platform-behavior,software-development,testing-quality-release,Software testing and release assurance,fuzz testing,cross-platform behavior,community agent-skill catalog; Microsoft skills catalog; Trail of Bits skills catalog,https://github.com/VoltAgent/awesome-agent-skills; https://github.com/microsoft/skills; https://github.com/trailofbits/skills
testlab-fuzz-testing-api-compatibility,software-development,testing-quality-release,Software testing and release assurance,fuzz testing,API compatibility,community agent-skill catalog; Microsoft skills catalog; Trail of Bits skills catalog,https://github.com/VoltAgent/awesome-agent-skills; https://github.com/microsoft/skills; https://github.com/trailofbits/skills
testlab-fuzz-testing-data-edge-cases,software-development,testing-quality-release,Software testing and release assurance,fuzz testing,data edge cases,community agent-skill catalog; Microsoft skills catalog; Trail of Bits skills catalog,https://github.com/VoltAgent/awesome-agent-skills; https://github.com/microsoft/skills; https://github.com/trailofbits/skills
testlab-fuzz-testing-release-candidates,software-development,testing-quality-release,Software testing and release assurance,fuzz testing,release candidates,community agent-skill catalog; Microsoft skills catalog; Trail of Bits skills catalog,https://github.com/VoltAgent/awesome-agent-skills; https://github.com/microsoft/skills; https://github.com/trailofbits/skills
testlab-fuzz-testing-test-isolation,software-development,testing-quality-release,Software testing and release assurance,fuzz testing,test isolation,community agent-skill catalog; Microsoft skills catalog; Trail of Bits skills catalog,https://github.com/VoltAgent/awesome-agent-skills; https://github.com/microsoft/skills; https://github.com/trailofbits/skills
testlab-fuzz-testing-ci-cost-budgets,software-development,testing-quality-release,Software testing and release assurance,fuzz testing,CI cost budgets,community agent-skill catalog; Microsoft skills catalog; Trail of Bits skills catalog,https://github.com/VoltAgent/awesome-agent-skills; https://github.com/microsoft/skills; https://github.com/trailofbits/skills
testlab-fuzz-testing-regression-coverage,software-development,testing-quality-release,Software testing and release assurance,fuzz testing,regression coverage,community agent-skill catalog; Microsoft skills catalog; Trail of Bits skills catalog,https://github.com/VoltAgent/awesome-agent-skills; https://github.com/microsoft/skills; https://github.com/trailofbits/skills
testlab-browser-interaction-testing-legacy-code,software-development,testing-quality-release,Software testing and release assurance,browser interaction testing,legacy code,community agent-skill catalog; Microsoft skills catalog; Trail of Bits skills catalog,https://github.com/VoltAgent/awesome-agent-skills; https://github.com/microsoft/skills; https://github.com/trailofbits/skills
testlab-browser-interaction-testing-version-migrations,software-development,testing-quality-release,Software testing and release assurance,browser interaction testing,version migrations,community agent-skill catalog; Microsoft skills catalog; Trail of Bits skills catalog,https://github.com/VoltAgent/awesome-agent-skills; https://github.com/microsoft/skills; https://github.com/trailofbits/skills
testlab-browser-interaction-testing-flaky-failures,software-development,testing-quality-release,Software testing and release assurance,browser interaction testing,flaky failures,community agent-skill catalog; Microsoft skills catalog; Trail of Bits skills catalog,https://github.com/VoltAgent/awesome-agent-skills; https://github.com/microsoft/skills; https://github.com/trailofbits/skills
testlab-browser-interaction-testing-cross-platform-behavior,software-development,testing-quality-release,Software testing and release assurance,browser interaction testing,cross-platform behavior,community agent-skill catalog; Microsoft skills catalog; Trail of Bits skills catalog,https://github.com/VoltAgent/awesome-agent-skills; https://github.com/microsoft/skills; https://github.com/trailofbits/skills
testlab-browser-interaction-testing-api-compatibility,software-development,testing-quality-release,Software testing and release assurance,browser interaction testing,API compatibility,community agent-skill catalog; Microsoft skills catalog; Trail of Bits skills catalog,https://github.com/VoltAgent/awesome-agent-skills; https://github.com/microsoft/skills; https://github.com/trailofbits/skills
testlab-browser-interaction-testing-data-edge-cases,software-development,testing-quality-release,Software testing and release assurance,browser interaction testing,data edge cases,community agent-skill catalog; Microsoft skills catalog; Trail of Bits skills catalog,https://github.com/VoltAgent/awesome-agent-skills; https://github.com/microsoft/skills; https://github.com/trailofbits/skills
testlab-browser-interaction-testing-release-candidates,software-development,testing-quality-release,Software testing and release assurance,browser interaction testing,release candidates,community agent-skill catalog; Microsoft skills catalog; Trail of Bits skills catalog,https://github.com/VoltAgent/awesome-agent-skills; https://github.com/microsoft/skills; https://github.com/trailofbits/skills
testlab-browser-interaction-testing-test-isolation,software-development,testing-quality-release,Software testing and release assurance,browser interaction testing,test isolation,community agent-skill catalog; Microsoft skills catalog; Trail of Bits skills catalog,https://github.com/VoltAgent/awesome-agent-skills; https://github.com/microsoft/skills; https://github.com/trailofbits/skills
testlab-browser-interaction-testing-ci-cost-budgets,software-development,testing-quality-release,Software testing and release assurance,browser interaction testing,CI cost budgets,community agent-skill catalog; Microsoft skills catalog; Trail of Bits skills catalog,https://github.com/VoltAgent/awesome-agent-skills; https://github.com/microsoft/skills; https://github.com/trailofbits/skills
testlab-browser-interaction-testing-regression-coverage,software-development,testing-quality-release,Software testing and release assurance,browser interaction testing,regression coverage,community agent-skill catalog; Microsoft skills catalog; Trail of Bits skills catalog,https://github.com/VoltAgent/awesome-agent-skills; https://github.com/microsoft/skills; https://github.com/trailofbits/skills
testlab-accessibility-testing-legacy-code,software-development,testing-quality-release,Software testing and release assurance,accessibility testing,legacy code,community agent-skill catalog; Microsoft skills catalog; Trail of Bits skills catalog,https://github.com/VoltAgent/awesome-agent-skills; https://github.com/microsoft/skills; https://github.com/trailofbits/skills
testlab-accessibility-testing-version-migrations,software-development,testing-quality-release,Software testing and release assurance,accessibility testing,version migrations,community agent-skill catalog; Microsoft skills catalog; Trail of Bits skills catalog,https://github.com/VoltAgent/awesome-agent-skills; https://github.com/microsoft/skills; https://github.com/trailofbits/skills
testlab-accessibility-testing-flaky-failures,software-development,testing-quality-release,Software testing and release assurance,accessibility testing,flaky failures,community agent-skill catalog; Microsoft skills catalog; Trail of Bits skills catalog,https://github.com/VoltAgent/awesome-agent-skills; https://github.com/microsoft/skills; https://github.com/trailofbits/skills
testlab-accessibility-testing-cross-platform-behavior,software-development,testing-quality-release,Software testing and release assurance,accessibility testing,cross-platform behavior,community agent-skill catalog; Microsoft skills catalog; Trail of Bits skills catalog,https://github.com/VoltAgent/awesome-agent-skills; https://github.com/microsoft/skills; https://github.com/trailofbits/skills
testlab-accessibility-testing-api-compatibility,software-development,testing-quality-release,Software testing and release assurance,accessibility testing,API compatibility,community agent-skill catalog; Microsoft skills catalog; Trail of Bits skills catalog,https://github.com/VoltAgent/awesome-agent-skills; https://github.com/microsoft/skills; https://github.com/trailofbits/skills
testlab-accessibility-testing-data-edge-cases,software-development,testing-quality-release,Software testing and release assurance,accessibility testing,data edge cases,community agent-skill catalog; Microsoft skills catalog; Trail of Bits skills catalog,https://github.com/VoltAgent/awesome-agent-skills; https://github.com/microsoft/skills; https://github.com/trailofbits/skills
testlab-accessibility-testing-release-candidates,software-development,testing-quality-release,Software testing and release assurance,accessibility testing,release candidates,community agent-skill catalog; Microsoft skills catalog; Trail of Bits skills catalog,https://github.com/VoltAgent/awesome-agent-skills; https://github.com/microsoft/skills; https://github.com/trailofbits/skills
testlab-accessibility-testing-test-isolation,software-development,testing-quality-release,Software testing and release assurance,accessibility testing,test isolation,community agent-skill catalog; Microsoft skills catalog; Trail of Bits skills catalog,https://github.com/VoltAgent/awesome-agent-skills; https://github.com/microsoft/skills; https://github.com/trailofbits/skills
testlab-accessibility-testing-ci-cost-budgets,software-development,testing-quality-release,Software testing and release assurance,accessibility testing,CI cost budgets,community agent-skill catalog; Microsoft skills catalog; Trail of Bits skills catalog,https://github.com/VoltAgent/awesome-agent-skills; https://github.com/microsoft/skills; https://github.com/trailofbits/skills
testlab-accessibility-testing-regression-coverage,software-development,testing-quality-release,Software testing and release assurance,accessibility testing,regression coverage,community agent-skill catalog; Microsoft skills catalog; Trail of Bits skills catalog,https://github.com/VoltAgent/awesome-agent-skills; https://github.com/microsoft/skills; https://github.com/trailofbits/skills
testlab-load-and-reliability-testing-legacy-code,software-development,testing-quality-release,Software testing and release assurance,load and reliability testing,legacy code,community agent-skill catalog; Microsoft skills catalog; Trail of Bits skills catalog,https://github.com/VoltAgent/awesome-agent-skills; https://github.com/microsoft/skills; https://github.com/trailofbits/skills
testlab-load-and-reliability-testing-version-migrations,software-development,testing-quality-release,Software testing and release assurance,load and reliability testing,version migrations,community agent-skill catalog; Microsoft skills catalog; Trail of Bits skills catalog,https://github.com/VoltAgent/awesome-agent-skills; https://github.com/microsoft/skills; https://github.com/trailofbits/skills
testlab-load-and-reliability-testing-flaky-failures,software-development,testing-quality-release,Software testing and release assurance,load and reliability testing,flaky failures,community agent-skill catalog; Microsoft skills catalog; Trail of Bits skills catalog,https://github.com/VoltAgent/awesome-agent-skills; https://github.com/microsoft/skills; https://github.com/trailofbits/skills
testlab-load-and-reliability-testing-cross-platform-behavior,software-development,testing-quality-release,Software testing and release assurance,load and reliability testing,cross-platform behavior,community agent-skill catalog; Microsoft skills catalog; Trail of Bits skills catalog,https://github.com/VoltAgent/awesome-agent-skills; https://github.com/microsoft/skills; https://github.com/trailofbits/skills
testlab-load-and-reliability-testing-api-compatibility,software-development,testing-quality-release,Software testing and release assurance,load and reliability testing,API compatibility,community agent-skill catalog; Microsoft skills catalog; Trail of Bits skills catalog,https://github.com/VoltAgent/awesome-agent-skills; https://github.com/microsoft/skills; https://github.com/trailofbits/skills
testlab-load-and-reliability-testing-data-edge-cases,software-development,testing-quality-release,Software testing and release assurance,load and reliability testing,data edge cases,community agent-skill catalog; Microsoft skills catalog; Trail of Bits skills catalog,https://github.com/VoltAgent/awesome-agent-skills; https://github.com/microsoft/skills; https://github.com/trailofbits/skills
testlab-load-and-reliability-testing-release-candidates,software-development,testing-quality-release,Software testing and release assurance,load and reliability testing,release candidates,community agent-skill catalog; Microsoft skills catalog; Trail of Bits skills catalog,https://github.com/VoltAgent/awesome-agent-skills; https://github.com/microsoft/skills; https://github.com/trailofbits/skills
testlab-load-and-reliability-testing-test-isolation,software-development,testing-quality-release,Software testing and release assurance,load and reliability testing,test isolation,community agent-skill catalog; Microsoft skills catalog; Trail of Bits skills catalog,https://github.com/VoltAgent/awesome-agent-skills; https://github.com/microsoft/skills; https://github.com/trailofbits/skills
testlab-load-and-reliability-testing-ci-cost-budgets,software-development,testing-quality-release,Software testing and release assurance,load and reliability testing,CI cost budgets,community agent-skill catalog; Microsoft skills catalog; Trail of Bits skills catalog,https://github.com/VoltAgent/awesome-agent-skills; https://github.com/microsoft/skills; https://github.com/trailofbits/skills
testlab-load-and-reliability-testing-regression-coverage,software-development,testing-quality-release,Software testing and release assurance,load and reliability testing,regression coverage,community agent-skill catalog; Microsoft skills catalog; Trail of Bits skills catalog,https://github.com/VoltAgent/awesome-agent-skills; https://github.com/microsoft/skills; https://github.com/trailofbits/skills
authorizedsec-web-application-defense-scoped-asset-inventory,cloud-infrastructure-security,authorized-security-testing,Authorized cybersecurity testing and defense,web application defense,scoped asset inventory,Trail of Bits skills catalog; OWASP Web Security Testing Guide; OWASP Application Security Verification Standard; MITRE ATT&CK knowledge base,https://github.com/trailofbits/skills; https://owasp.org/projects/web-security-testing-guide; https://owasp.org/projects/asvs; https://attack.mitre.org/
authorizedsec-web-application-defense-threat-modeling,cloud-infrastructure-security,authorized-security-testing,Authorized cybersecurity testing and defense,web application defense,threat modeling,Trail of Bits skills catalog; OWASP Web Security Testing Guide; OWASP Application Security Verification Standard; MITRE ATT&CK knowledge base,https://github.com/trailofbits/skills; https://owasp.org/projects/web-security-testing-guide; https://owasp.org/projects/asvs; https://attack.mitre.org/
authorizedsec-web-application-defense-secure-configuration,cloud-infrastructure-security,authorized-security-testing,Authorized cybersecurity testing and defense,web application defense,secure configuration,Trail of Bits skills catalog; OWASP Web Security Testing Guide; OWASP Application Security Verification Standard; MITRE ATT&CK knowledge base,https://github.com/trailofbits/skills; https://owasp.org/projects/web-security-testing-guide; https://owasp.org/projects/asvs; https://attack.mitre.org/
authorizedsec-web-application-defense-authorized-lab-verification,cloud-infrastructure-security,authorized-security-testing,Authorized cybersecurity testing and defense,web application defense,authorized lab verification,Trail of Bits skills catalog; OWASP Web Security Testing Guide; OWASP Application Security Verification Standard; MITRE ATT&CK knowledge base,https://github.com/trailofbits/skills; https://owasp.org/projects/web-security-testing-guide; https://owasp.org/projects/asvs; https://attack.mitre.org/
authorizedsec-web-application-defense-log-coverage,cloud-infrastructure-security,authorized-security-testing,Authorized cybersecurity testing and defense,web application defense,log coverage,Trail of Bits skills catalog; OWASP Web Security Testing Guide; OWASP Application Security Verification Standard; MITRE ATT&CK knowledge base,https://github.com/trailofbits/skills; https://owasp.org/projects/web-security-testing-guide; https://owasp.org/projects/asvs; https://attack.mitre.org/
authorizedsec-web-application-defense-false-positive-reduction,cloud-infrastructure-security,authorized-security-testing,Authorized cybersecurity testing and defense,web application defense,false-positive reduction,Trail of Bits skills catalog; OWASP Web Security Testing Guide; OWASP Application Security Verification Standard; MITRE ATT&CK knowledge base,https://github.com/trailofbits/skills; https://owasp.org/projects/web-security-testing-guide; https://owasp.org/projects/asvs; https://attack.mitre.org/
authorizedsec-web-application-defense-remediation-validation,cloud-infrastructure-security,authorized-security-testing,Authorized cybersecurity testing and defense,web application defense,remediation validation,Trail of Bits skills catalog; OWASP Web Security Testing Guide; OWASP Application Security Verification Standard; MITRE ATT&CK knowledge base,https://github.com/trailofbits/skills; https://owasp.org/projects/web-security-testing-guide; https://owasp.org/projects/asvs; https://attack.mitre.org/
authorizedsec-web-application-defense-incident-handoff,cloud-infrastructure-security,authorized-security-testing,Authorized cybersecurity testing and defense,web application defense,incident handoff,Trail of Bits skills catalog; OWASP Web Security Testing Guide; OWASP Application Security Verification Standard; MITRE ATT&CK knowledge base,https://github.com/trailofbits/skills; https://owasp.org/projects/web-security-testing-guide; https://owasp.org/projects/asvs; https://attack.mitre.org/
authorizedsec-web-application-defense-change-impact,cloud-infrastructure-security,authorized-security-testing,Authorized cybersecurity testing and defense,web application defense,change impact,Trail of Bits skills catalog; OWASP Web Security Testing Guide; OWASP Application Security Verification Standard; MITRE ATT&CK knowledge base,https://github.com/trailofbits/skills; https://owasp.org/projects/web-security-testing-guide; https://owasp.org/projects/asvs; https://attack.mitre.org/
authorizedsec-web-application-defense-control-coverage,cloud-infrastructure-security,authorized-security-testing,Authorized cybersecurity testing and defense,web application defense,control coverage,Trail of Bits skills catalog; OWASP Web Security Testing Guide; OWASP Application Security Verification Standard; MITRE ATT&CK knowledge base,https://github.com/trailofbits/skills; https://owasp.org/projects/web-security-testing-guide; https://owasp.org/projects/asvs; https://attack.mitre.org/
authorizedsec-api-authorization-scoped-asset-inventory,cloud-infrastructure-security,authorized-security-testing,Authorized cybersecurity testing and defense,API authorization,scoped asset inventory,Trail of Bits skills catalog; OWASP Web Security Testing Guide; OWASP Application Security Verification Standard; MITRE ATT&CK knowledge base,https://github.com/trailofbits/skills; https://owasp.org/projects/web-security-testing-guide; https://owasp.org/projects/asvs; https://attack.mitre.org/
authorizedsec-api-authorization-threat-modeling,cloud-infrastructure-security,authorized-security-testing,Authorized cybersecurity testing and defense,API authorization,threat modeling,Trail of Bits skills catalog; OWASP Web Security Testing Guide; OWASP Application Security Verification Standard; MITRE ATT&CK knowledge base,https://github.com/trailofbits/skills; https://owasp.org/projects/web-security-testing-guide; https://owasp.org/projects/asvs; https://attack.mitre.org/
authorizedsec-api-authorization-secure-configuration,cloud-infrastructure-security,authorized-security-testing,Authorized cybersecurity testing and defense,API authorization,secure configuration,Trail of Bits skills catalog; OWASP Web Security Testing Guide; OWASP Application Security Verification Standard; MITRE ATT&CK knowledge base,https://github.com/trailofbits/skills; https://owasp.org/projects/web-security-testing-guide; https://owasp.org/projects/asvs; https://attack.mitre.org/
authorizedsec-api-authorization-authorized-lab-verification,cloud-infrastructure-security,authorized-security-testing,Authorized cybersecurity testing and defense,API authorization,authorized lab verification,Trail of Bits skills catalog; OWASP Web Security Testing Guide; OWASP Application Security Verification Standard; MITRE ATT&CK knowledge base,https://github.com/trailofbits/skills; https://owasp.org/projects/web-security-testing-guide; https://owasp.org/projects/asvs; https://attack.mitre.org/
authorizedsec-api-authorization-log-coverage,cloud-infrastructure-security,authorized-security-testing,Authorized cybersecurity testing and defense,API authorization,log coverage,Trail of Bits skills catalog; OWASP Web Security Testing Guide; OWASP Application Security Verification Standard; MITRE ATT&CK knowledge base,https://github.com/trailofbits/skills; https://owasp.org/projects/web-security-testing-guide; https://owasp.org/projects/asvs; https://attack.mitre.org/
authorizedsec-api-authorization-false-positive-reduction,cloud-infrastructure-security,authorized-security-testing,Authorized cybersecurity testing and defense,API authorization,false-positive reduction,Trail of Bits skills catalog; OWASP Web Security Testing Guide; OWASP Application Security Verification Standard; MITRE ATT&CK knowledge base,https://github.com/trailofbits/skills; https://owasp.org/projects/web-security-testing-guide; https://owasp.org/projects/asvs; https://attack.mitre.org/
authorizedsec-api-authorization-remediation-validation,cloud-infrastructure-security,authorized-security-testing,Authorized cybersecurity testing and defense,API authorization,remediation validation,Trail of Bits skills catalog; OWASP Web Security Testing Guide; OWASP Application Security Verification Standard; MITRE ATT&CK knowledge base,https://github.com/trailofbits/skills; https://owasp.org/projects/web-security-testing-guide; https://owasp.org/projects/asvs; https://attack.mitre.org/
authorizedsec-api-authorization-incident-handoff,cloud-infrastructure-security,authorized-security-testing,Authorized cybersecurity testing and defense,API authorization,incident handoff,Trail of Bits skills catalog; OWASP Web Security Testing Guide; OWASP Application Security Verification Standard; MITRE ATT&CK knowledge base,https://github.com/trailofbits/skills; https://owasp.org/projects/web-security-testing-guide; https://owasp.org/projects/asvs; https://attack.mitre.org/
authorizedsec-api-authorization-change-impact,cloud-infrastructure-security,authorized-security-testing,Authorized cybersecurity testing and defense,API authorization,change impact,Trail of Bits skills catalog; OWASP Web Security Testing Guide; OWASP Application Security Verification Standard; MITRE ATT&CK knowledge base,https://github.com/trailofbits/skills; https://owasp.org/projects/web-security-testing-guide; https://owasp.org/projects/asvs; https://attack.mitre.org/
authorizedsec-api-authorization-control-coverage,cloud-infrastructure-security,authorized-security-testing,Authorized cybersecurity testing and defense,API authorization,control coverage,Trail of Bits skills catalog; OWASP Web Security Testing Guide; OWASP Application Security Verification Standard; MITRE ATT&CK knowledge base,https://github.com/trailofbits/skills; https://owasp.org/projects/web-security-testing-guide; https://owasp.org/projects/asvs; https://attack.mitre.org/
authorizedsec-cloud-identity-scoped-asset-inventory,cloud-infrastructure-security,authorized-security-testing,Authorized cybersecurity testing and defense,cloud identity,scoped asset inventory,Trail of Bits skills catalog; OWASP Web Security Testing Guide; OWASP Application Security Verification Standard; MITRE ATT&CK knowledge base,https://github.com/trailofbits/skills; https://owasp.org/projects/web-security-testing-guide; https://owasp.org/projects/asvs; https://attack.mitre.org/
authorizedsec-cloud-identity-threat-modeling,cloud-infrastructure-security,authorized-security-testing,Authorized cybersecurity testing and defense,cloud identity,threat modeling,Trail of Bits skills catalog; OWASP Web Security Testing Guide; OWASP Application Security Verification Standard; MITRE ATT&CK knowledge base,https://github.com/trailofbits/skills; https://owasp.org/projects/web-security-testing-guide; https://owasp.org/projects/asvs; https://attack.mitre.org/
authorizedsec-cloud-identity-secure-configuration,cloud-infrastructure-security,authorized-security-testing,Authorized cybersecurity testing and defense,cloud identity,secure configuration,Trail of Bits skills catalog; OWASP Web Security Testing Guide; OWASP Application Security Verification Standard; MITRE ATT&CK knowledge base,https://github.com/trailofbits/skills; https://owasp.org/projects/web-security-testing-guide; https://owasp.org/projects/asvs; https://attack.mitre.org/
authorizedsec-cloud-identity-authorized-lab-verification,cloud-infrastructure-security,authorized-security-testing,Authorized cybersecurity testing and defense,cloud identity,authorized lab verification,Trail of Bits skills catalog; OWASP Web Security Testing Guide; OWASP Application Security Verification Standard; MITRE ATT&CK knowledge base,https://github.com/trailofbits/skills; https://owasp.org/projects/web-security-testing-guide; https://owasp.org/projects/asvs; https://attack.mitre.org/
authorizedsec-cloud-identity-log-coverage,cloud-infrastructure-security,authorized-security-testing,Authorized cybersecurity testing and defense,cloud identity,log coverage,Trail of Bits skills catalog; OWASP Web Security Testing Guide; OWASP Application Security Verification Standard; MITRE ATT&CK knowledge base,https://github.com/trailofbits/skills; https://owasp.org/projects/web-security-testing-guide; https://owasp.org/projects/asvs; https://attack.mitre.org/
authorizedsec-cloud-identity-false-positive-reduction,cloud-infrastructure-security,authorized-security-testing,Authorized cybersecurity testing and defense,cloud identity,false-positive reduction,Trail of Bits skills catalog; OWASP Web Security Testing Guide; OWASP Application Security Verification Standard; MITRE ATT&CK knowledge base,https://github.com/trailofbits/skills; https://owasp.org/projects/web-security-testing-guide; https://owasp.org/projects/asvs; https://attack.mitre.org/
authorizedsec-cloud-identity-remediation-validation,cloud-infrastructure-security,authorized-security-testing,Authorized cybersecurity testing and defense,cloud identity,remediation validation,Trail of Bits skills catalog; OWASP Web Security Testing Guide; OWASP Application Security Verification Standard; MITRE ATT&CK knowledge base,https://github.com/trailofbits/skills; https://owasp.org/projects/web-security-testing-guide; https://owasp.org/projects/asvs; https://attack.mitre.org/
authorizedsec-cloud-identity-incident-handoff,cloud-infrastructure-security,authorized-security-testing,Authorized cybersecurity testing and defense,cloud identity,incident handoff,Trail of Bits skills catalog; OWASP Web Security Testing Guide; OWASP Application Security Verification Standard; MITRE ATT&CK knowledge base,https://github.com/trailofbits/skills; https://owasp.org/projects/web-security-testing-guide; https://owasp.org/projects/asvs; https://attack.mitre.org/
authorizedsec-cloud-identity-change-impact,cloud-infrastructure-security,authorized-security-testing,Authorized cybersecurity testing and defense,cloud identity,change impact,Trail of Bits skills catalog; OWASP Web Security Testing Guide; OWASP Application Security Verification Standard; MITRE ATT&CK knowledge base,https://github.com/trailofbits/skills; https://owasp.org/projects/web-security-testing-guide; https://owasp.org/projects/asvs; https://attack.mitre.org/
authorizedsec-cloud-identity-control-coverage,cloud-infrastructure-security,authorized-security-testing,Authorized cybersecurity testing and defense,cloud identity,control coverage,Trail of Bits skills catalog; OWASP Web Security Testing Guide; OWASP Application Security Verification Standard; MITRE ATT&CK knowledge base,https://github.com/trailofbits/skills; https://owasp.org/projects/web-security-testing-guide; https://owasp.org/projects/asvs; https://attack.mitre.org/
authorizedsec-container-hardening-scoped-asset-inventory,cloud-infrastructure-security,authorized-security-testing,Authorized cybersecurity testing and defense,container hardening,scoped asset inventory,Trail of Bits skills catalog; OWASP Web Security Testing Guide; OWASP Application Security Verification Standard; MITRE ATT&CK knowledge base,https://github.com/trailofbits/skills; https://owasp.org/projects/web-security-testing-guide; https://owasp.org/projects/asvs; https://attack.mitre.org/
authorizedsec-container-hardening-threat-modeling,cloud-infrastructure-security,authorized-security-testing,Authorized cybersecurity testing and defense,container hardening,threat modeling,Trail of Bits skills catalog; OWASP Web Security Testing Guide; OWASP Application Security Verification Standard; MITRE ATT&CK knowledge base,https://github.com/trailofbits/skills; https://owasp.org/projects/web-security-testing-guide; https://owasp.org/projects/asvs; https://attack.mitre.org/
authorizedsec-container-hardening-secure-configuration,cloud-infrastructure-security,authorized-security-testing,Authorized cybersecurity testing and defense,container hardening,secure configuration,Trail of Bits skills catalog; OWASP Web Security Testing Guide; OWASP Application Security Verification Standard; MITRE ATT&CK knowledge base,https://github.com/trailofbits/skills; https://owasp.org/projects/web-security-testing-guide; https://owasp.org/projects/asvs; https://attack.mitre.org/
authorizedsec-container-hardening-authorized-lab-verification,cloud-infrastructure-security,authorized-security-testing,Authorized cybersecurity testing and defense,container hardening,authorized lab verification,Trail of Bits skills catalog; OWASP Web Security Testing Guide; OWASP Application Security Verification Standard; MITRE ATT&CK knowledge base,https://github.com/trailofbits/skills; https://owasp.org/projects/web-security-testing-guide; https://owasp.org/projects/asvs; https://attack.mitre.org/
authorizedsec-container-hardening-log-coverage,cloud-infrastructure-security,authorized-security-testing,Authorized cybersecurity testing and defense,container hardening,log coverage,Trail of Bits skills catalog; OWASP Web Security Testing Guide; OWASP Application Security Verification Standard; MITRE ATT&CK knowledge base,https://github.com/trailofbits/skills; https://owasp.org/projects/web-security-testing-guide; https://owasp.org/projects/asvs; https://attack.mitre.org/
authorizedsec-container-hardening-false-positive-reduction,cloud-infrastructure-security,authorized-security-testing,Authorized cybersecurity testing and defense,container hardening,false-positive reduction,Trail of Bits skills catalog; OWASP Web Security Testing Guide; OWASP Application Security Verification Standard; MITRE ATT&CK knowledge base,https://github.com/trailofbits/skills; https://owasp.org/projects/web-security-testing-guide; https://owasp.org/projects/asvs; https://attack.mitre.org/
authorizedsec-container-hardening-remediation-validation,cloud-infrastructure-security,authorized-security-testing,Authorized cybersecurity testing and defense,container hardening,remediation validation,Trail of Bits skills catalog; OWASP Web Security Testing Guide; OWASP Application Security Verification Standard; MITRE ATT&CK knowledge base,https://github.com/trailofbits/skills; https://owasp.org/projects/web-security-testing-guide; https://owasp.org/projects/asvs; https://attack.mitre.org/
authorizedsec-container-hardening-incident-handoff,cloud-infrastructure-security,authorized-security-testing,Authorized cybersecurity testing and defense,container hardening,incident handoff,Trail of Bits skills catalog; OWASP Web Security Testing Guide; OWASP Application Security Verification Standard; MITRE ATT&CK knowledge base,https://github.com/trailofbits/skills; https://owasp.org/projects/web-security-testing-guide; https://owasp.org/projects/asvs; https://attack.mitre.org/
authorizedsec-container-hardening-change-impact,cloud-infrastructure-security,authorized-security-testing,Authorized cybersecurity testing and defense,container hardening,change impact,Trail of Bits skills catalog; OWASP Web Security Testing Guide; OWASP Application Security Verification Standard; MITRE ATT&CK knowledge base,https://github.com/trailofbits/skills; https://owasp.org/projects/web-security-testing-guide; https://owasp.org/projects/asvs; https://attack.mitre.org/
authorizedsec-container-hardening-control-coverage,cloud-infrastructure-security,authorized-security-testing,Authorized cybersecurity testing and defense,container hardening,control coverage,Trail of Bits skills catalog; OWASP Web Security Testing Guide; OWASP Application Security Verification Standard; MITRE ATT&CK knowledge base,https://github.com/trailofbits/skills; https://owasp.org/projects/web-security-testing-guide; https://owasp.org/projects/asvs; https://attack.mitre.org/
authorizedsec-software-supply-chain-integrity-scoped-asset-inventory,cloud-infrastructure-security,authorized-security-testing,Authorized cybersecurity testing and defense,software supply-chain integrity,scoped asset inventory,Trail of Bits skills catalog; OWASP Web Security Testing Guide; OWASP Application Security Verification Standard; MITRE ATT&CK knowledge base,https://github.com/trailofbits/skills; https://owasp.org/projects/web-security-testing-guide; https://owasp.org/projects/asvs; https://attack.mitre.org/
authorizedsec-software-supply-chain-integrity-threat-modeling,cloud-infrastructure-security,authorized-security-testing,Authorized cybersecurity testing and defense,software supply-chain integrity,threat modeling,Trail of Bits skills catalog; OWASP Web Security Testing Guide; OWASP Application Security Verification Standard; MITRE ATT&CK knowledge base,https://github.com/trailofbits/skills; https://owasp.org/projects/web-security-testing-guide; https://owasp.org/projects/asvs; https://attack.mitre.org/
authorizedsec-software-supply-chain-integrity-secure-configuration,cloud-infrastructure-security,authorized-security-testing,Authorized cybersecurity testing and defense,software supply-chain integrity,secure configuration,Trail of Bits skills catalog; OWASP Web Security Testing Guide; OWASP Application Security Verification Standard; MITRE ATT&CK knowledge base,https://github.com/trailofbits/skills; https://owasp.org/projects/web-security-testing-guide; https://owasp.org/projects/asvs; https://attack.mitre.org/
authorizedsec-software-supply-chain-integrity-authorized-lab-verification,cloud-infrastructure-security,authorized-security-testing,Authorized cybersecurity testing and defense,software supply-chain integrity,authorized lab verification,Trail of Bits skills catalog; OWASP Web Security Testing Guide; OWASP Application Security Verification Standard; MITRE ATT&CK knowledge base,https://github.com/trailofbits/skills; https://owasp.org/projects/web-security-testing-guide; https://owasp.org/projects/asvs; https://attack.mitre.org/
authorizedsec-software-supply-chain-integrity-log-coverage,cloud-infrastructure-security,authorized-security-testing,Authorized cybersecurity testing and defense,software supply-chain integrity,log coverage,Trail of Bits skills catalog; OWASP Web Security Testing Guide; OWASP Application Security Verification Standard; MITRE ATT&CK knowledge base,https://github.com/trailofbits/skills; https://owasp.org/projects/web-security-testing-guide; https://owasp.org/projects/asvs; https://attack.mitre.org/
authorizedsec-software-supply-chain-integrity-false-positive-reduction,cloud-infrastructure-security,authorized-security-testing,Authorized cybersecurity testing and defense,software supply-chain integrity,false-positive reduction,Trail of Bits skills catalog; OWASP Web Security Testing Guide; OWASP Application Security Verification Standard; MITRE ATT&CK knowledge base,https://github.com/trailofbits/skills; https://owasp.org/projects/web-security-testing-guide; https://owasp.org/projects/asvs; https://attack.mitre.org/
authorizedsec-software-supply-chain-integrity-remediation-validation,cloud-infrastructure-security,authorized-security-testing,Authorized cybersecurity testing and defense,software supply-chain integrity,remediation validation,Trail of Bits skills catalog; OWASP Web Security Testing Guide; OWASP Application Security Verification Standard; MITRE ATT&CK knowledge base,https://github.com/trailofbits/skills; https://owasp.org/projects/web-security-testing-guide; https://owasp.org/projects/asvs; https://attack.mitre.org/
authorizedsec-software-supply-chain-integrity-incident-handoff,cloud-infrastructure-security,authorized-security-testing,Authorized cybersecurity testing and defense,software supply-chain integrity,incident handoff,Trail of Bits skills catalog; OWASP Web Security Testing Guide; OWASP Application Security Verification Standard; MITRE ATT&CK knowledge base,https://github.com/trailofbits/skills; https://owasp.org/projects/web-security-testing-guide; https://owasp.org/projects/asvs; https://attack.mitre.org/
authorizedsec-software-supply-chain-integrity-change-impact,cloud-infrastructure-security,authorized-security-testing,Authorized cybersecurity testing and defense,software supply-chain integrity,change impact,Trail of Bits skills catalog; OWASP Web Security Testing Guide; OWASP Application Security Verification Standard; MITRE ATT&CK knowledge base,https://github.com/trailofbits/skills; https://owasp.org/projects/web-security-testing-guide; https://owasp.org/projects/asvs; https://attack.mitre.org/
authorizedsec-software-supply-chain-integrity-control-coverage,cloud-infrastructure-security,authorized-security-testing,Authorized cybersecurity testing and defense,software supply-chain integrity,control coverage,Trail of Bits skills catalog; OWASP Web Security Testing Guide; OWASP Application Security Verification Standard; MITRE ATT&CK knowledge base,https://github.com/trailofbits/skills; https://owasp.org/projects/web-security-testing-guide; https://owasp.org/projects/asvs; https://attack.mitre.org/
authorizedsec-secrets-exposure-review-scoped-asset-inventory,cloud-infrastructure-security,authorized-security-testing,Authorized cybersecurity testing and defense,secrets exposure review,scoped asset inventory,Trail of Bits skills catalog; OWASP Web Security Testing Guide; OWASP Application Security Verification Standard; MITRE ATT&CK knowledge base,https://github.com/trailofbits/skills; https://owasp.org/projects/web-security-testing-guide; https://owasp.org/projects/asvs; https://attack.mitre.org/
authorizedsec-secrets-exposure-review-threat-modeling,cloud-infrastructure-security,authorized-security-testing,Authorized cybersecurity testing and defense,secrets exposure review,threat modeling,Trail of Bits skills catalog; OWASP Web Security Testing Guide; OWASP Application Security Verification Standard; MITRE ATT&CK knowledge base,https://github.com/trailofbits/skills; https://owasp.org/projects/web-security-testing-guide; https://owasp.org/projects/asvs; https://attack.mitre.org/
authorizedsec-secrets-exposure-review-secure-configuration,cloud-infrastructure-security,authorized-security-testing,Authorized cybersecurity testing and defense,secrets exposure review,secure configuration,Trail of Bits skills catalog; OWASP Web Security Testing Guide; OWASP Application Security Verification Standard; MITRE ATT&CK knowledge base,https://github.com/trailofbits/skills; https://owasp.org/projects/web-security-testing-guide; https://owasp.org/projects/asvs; https://attack.mitre.org/
authorizedsec-secrets-exposure-review-authorized-lab-verification,cloud-infrastructure-security,authorized-security-testing,Authorized cybersecurity testing and defense,secrets exposure review,authorized lab verification,Trail of Bits skills catalog; OWASP Web Security Testing Guide; OWASP Application Security Verification Standard; MITRE ATT&CK knowledge base,https://github.com/trailofbits/skills; https://owasp.org/projects/web-security-testing-guide; https://owasp.org/projects/asvs; https://attack.mitre.org/
authorizedsec-secrets-exposure-review-log-coverage,cloud-infrastructure-security,authorized-security-testing,Authorized cybersecurity testing and defense,secrets exposure review,log coverage,Trail of Bits skills catalog; OWASP Web Security Testing Guide; OWASP Application Security Verification Standard; MITRE ATT&CK knowledge base,https://github.com/trailofbits/skills; https://owasp.org/projects/web-security-testing-guide; https://owasp.org/projects/asvs; https://attack.mitre.org/
authorizedsec-secrets-exposure-review-false-positive-reduction,cloud-infrastructure-security,authorized-security-testing,Authorized cybersecurity testing and defense,secrets exposure review,false-positive reduction,Trail of Bits skills catalog; OWASP Web Security Testing Guide; OWASP Application Security Verification Standard; MITRE ATT&CK knowledge base,https://github.com/trailofbits/skills; https://owasp.org/projects/web-security-testing-guide; https://owasp.org/projects/asvs; https://attack.mitre.org/
authorizedsec-secrets-exposure-review-remediation-validation,cloud-infrastructure-security,authorized-security-testing,Authorized cybersecurity testing and defense,secrets exposure review,remediation validation,Trail of Bits skills catalog; OWASP Web Security Testing Guide; OWASP Application Security Verification Standard; MITRE ATT&CK knowledge base,https://github.com/trailofbits/skills; https://owasp.org/projects/web-security-testing-guide; https://owasp.org/projects/asvs; https://attack.mitre.org/
authorizedsec-secrets-exposure-review-incident-handoff,cloud-infrastructure-security,authorized-security-testing,Authorized cybersecurity testing and defense,secrets exposure review,incident handoff,Trail of Bits skills catalog; OWASP Web Security Testing Guide; OWASP Application Security Verification Standard; MITRE ATT&CK knowledge base,https://github.com/trailofbits/skills; https://owasp.org/projects/web-security-testing-guide; https://owasp.org/projects/asvs; https://attack.mitre.org/
authorizedsec-secrets-exposure-review-change-impact,cloud-infrastructure-security,authorized-security-testing,Authorized cybersecurity testing and defense,secrets exposure review,change impact,Trail of Bits skills catalog; OWASP Web Security Testing Guide; OWASP Application Security Verification Standard; MITRE ATT&CK knowledge base,https://github.com/trailofbits/skills; https://owasp.org/projects/web-security-testing-guide; https://owasp.org/projects/asvs; https://attack.mitre.org/
authorizedsec-secrets-exposure-review-control-coverage,cloud-infrastructure-security,authorized-security-testing,Authorized cybersecurity testing and defense,secrets exposure review,control coverage,Trail of Bits skills catalog; OWASP Web Security Testing Guide; OWASP Application Security Verification Standard; MITRE ATT&CK knowledge base,https://github.com/trailofbits/skills; https://owasp.org/projects/web-security-testing-guide; https://owasp.org/projects/asvs; https://attack.mitre.org/
authorizedsec-ai-tool-and-prompt-security-scoped-asset-inventory,cloud-infrastructure-security,authorized-security-testing,Authorized cybersecurity testing and defense,AI tool and prompt security,scoped asset inventory,Trail of Bits skills catalog; OWASP Web Security Testing Guide; OWASP Application Security Verification Standard; MITRE ATT&CK knowledge base,https://github.com/trailofbits/skills; https://owasp.org/projects/web-security-testing-guide; https://owasp.org/projects/asvs; https://attack.mitre.org/
authorizedsec-ai-tool-and-prompt-security-threat-modeling,cloud-infrastructure-security,authorized-security-testing,Authorized cybersecurity testing and defense,AI tool and prompt security,threat modeling,Trail of Bits skills catalog; OWASP Web Security Testing Guide; OWASP Application Security Verification Standard; MITRE ATT&CK knowledge base,https://github.com/trailofbits/skills; https://owasp.org/projects/web-security-testing-guide; https://owasp.org/projects/asvs; https://attack.mitre.org/
authorizedsec-ai-tool-and-prompt-security-secure-configuration,cloud-infrastructure-security,authorized-security-testing,Authorized cybersecurity testing and defense,AI tool and prompt security,secure configuration,Trail of Bits skills catalog; OWASP Web Security Testing Guide; OWASP Application Security Verification Standard; MITRE ATT&CK knowledge base,https://github.com/trailofbits/skills; https://owasp.org/projects/web-security-testing-guide; https://owasp.org/projects/asvs; https://attack.mitre.org/
authorizedsec-ai-tool-and-prompt-security-authorized-lab-verification,cloud-infrastructure-security,authorized-security-testing,Authorized cybersecurity testing and defense,AI tool and prompt security,authorized lab verification,Trail of Bits skills catalog; OWASP Web Security Testing Guide; OWASP Application Security Verification Standard; MITRE ATT&CK knowledge base,https://github.com/trailofbits/skills; https://owasp.org/projects/web-security-testing-guide; https://owasp.org/projects/asvs; https://attack.mitre.org/
authorizedsec-ai-tool-and-prompt-security-log-coverage,cloud-infrastructure-security,authorized-security-testing,Authorized cybersecurity testing and defense,AI tool and prompt security,log coverage,Trail of Bits skills catalog; OWASP Web Security Testing Guide; OWASP Application Security Verification Standard; MITRE ATT&CK knowledge base,https://github.com/trailofbits/skills; https://owasp.org/projects/web-security-testing-guide; https://owasp.org/projects/asvs; https://attack.mitre.org/
authorizedsec-ai-tool-and-prompt-security-false-positive-reduction,cloud-infrastructure-security,authorized-security-testing,Authorized cybersecurity testing and defense,AI tool and prompt security,false-positive reduction,Trail of Bits skills catalog; OWASP Web Security Testing Guide; OWASP Application Security Verification Standard; MITRE ATT&CK knowledge base,https://github.com/trailofbits/skills; https://owasp.org/projects/web-security-testing-guide; https://owasp.org/projects/asvs; https://attack.mitre.org/
authorizedsec-ai-tool-and-prompt-security-remediation-validation,cloud-infrastructure-security,authorized-security-testing,Authorized cybersecurity testing and defense,AI tool and prompt security,remediation validation,Trail of Bits skills catalog; OWASP Web Security Testing Guide; OWASP Application Security Verification Standard; MITRE ATT&CK knowledge base,https://github.com/trailofbits/skills; https://owasp.org/projects/web-security-testing-guide; https://owasp.org/projects/asvs; https://attack.mitre.org/
authorizedsec-ai-tool-and-prompt-security-incident-handoff,cloud-infrastructure-security,authorized-security-testing,Authorized cybersecurity testing and defense,AI tool and prompt security,incident handoff,Trail of Bits skills catalog; OWASP Web Security Testing Guide; OWASP Application Security Verification Standard; MITRE ATT&CK knowledge base,https://github.com/trailofbits/skills; https://owasp.org/projects/web-security-testing-guide; https://owasp.org/projects/asvs; https://attack.mitre.org/
authorizedsec-ai-tool-and-prompt-security-change-impact,cloud-infrastructure-security,authorized-security-testing,Authorized cybersecurity testing and defense,AI tool and prompt security,change impact,Trail of Bits skills catalog; OWASP Web Security Testing Guide; OWASP Application Security Verification Standard; MITRE ATT&CK knowledge base,https://github.com/trailofbits/skills; https://owasp.org/projects/web-security-testing-guide; https://owasp.org/projects/asvs; https://attack.mitre.org/
authorizedsec-ai-tool-and-prompt-security-control-coverage,cloud-infrastructure-security,authorized-security-testing,Authorized cybersecurity testing and defense,AI tool and prompt security,control coverage,Trail of Bits skills catalog; OWASP Web Security Testing Guide; OWASP Application Security Verification Standard; MITRE ATT&CK knowledge base,https://github.com/trailofbits/skills; https://owasp.org/projects/web-security-testing-guide; https://owasp.org/projects/asvs; https://attack.mitre.org/
authorizedsec-mobile-application-defense-scoped-asset-inventory,cloud-infrastructure-security,authorized-security-testing,Authorized cybersecurity testing and defense,mobile application defense,scoped asset inventory,Trail of Bits skills catalog; OWASP Web Security Testing Guide; OWASP Application Security Verification Standard; MITRE ATT&CK knowledge base,https://github.com/trailofbits/skills; https://owasp.org/projects/web-security-testing-guide; https://owasp.org/projects/asvs; https://attack.mitre.org/
authorizedsec-mobile-application-defense-threat-modeling,cloud-infrastructure-security,authorized-security-testing,Authorized cybersecurity testing and defense,mobile application defense,threat modeling,Trail of Bits skills catalog; OWASP Web Security Testing Guide; OWASP Application Security Verification Standard; MITRE ATT&CK knowledge base,https://github.com/trailofbits/skills; https://owasp.org/projects/web-security-testing-guide; https://owasp.org/projects/asvs; https://attack.mitre.org/
authorizedsec-mobile-application-defense-secure-configuration,cloud-infrastructure-security,authorized-security-testing,Authorized cybersecurity testing and defense,mobile application defense,secure configuration,Trail of Bits skills catalog; OWASP Web Security Testing Guide; OWASP Application Security Verification Standard; MITRE ATT&CK knowledge base,https://github.com/trailofbits/skills; https://owasp.org/projects/web-security-testing-guide; https://owasp.org/projects/asvs; https://attack.mitre.org/
authorizedsec-mobile-application-defense-authorized-lab-verification,cloud-infrastructure-security,authorized-security-testing,Authorized cybersecurity testing and defense,mobile application defense,authorized lab verification,Trail of Bits skills catalog; OWASP Web Security Testing Guide; OWASP Application Security Verification Standard; MITRE ATT&CK knowledge base,https://github.com/trailofbits/skills; https://owasp.org/projects/web-security-testing-guide; https://owasp.org/projects/asvs; https://attack.mitre.org/
authorizedsec-mobile-application-defense-log-coverage,cloud-infrastructure-security,authorized-security-testing,Authorized cybersecurity testing and defense,mobile application defense,log coverage,Trail of Bits skills catalog; OWASP Web Security Testing Guide; OWASP Application Security Verification Standard; MITRE ATT&CK knowledge base,https://github.com/trailofbits/skills; https://owasp.org/projects/web-security-testing-guide; https://owasp.org/projects/asvs; https://attack.mitre.org/
authorizedsec-mobile-application-defense-false-positive-reduction,cloud-infrastructure-security,authorized-security-testing,Authorized cybersecurity testing and defense,mobile application defense,false-positive reduction,Trail of Bits skills catalog; OWASP Web Security Testing Guide; OWASP Application Security Verification Standard; MITRE ATT&CK knowledge base,https://github.com/trailofbits/skills; https://owasp.org/projects/web-security-testing-guide; https://owasp.org/projects/asvs; https://attack.mitre.org/
authorizedsec-mobile-application-defense-remediation-validation,cloud-infrastructure-security,authorized-security-testing,Authorized cybersecurity testing and defense,mobile application defense,remediation validation,Trail of Bits skills catalog; OWASP Web Security Testing Guide; OWASP Application Security Verification Standard; MITRE ATT&CK knowledge base,https://github.com/trailofbits/skills; https://owasp.org/projects/web-security-testing-guide; https://owasp.org/projects/asvs; https://attack.mitre.org/
authorizedsec-mobile-application-defense-incident-handoff,cloud-infrastructure-security,authorized-security-testing,Authorized cybersecurity testing and defense,mobile application defense,incident handoff,Trail of Bits skills catalog; OWASP Web Security Testing Guide; OWASP Application Security Verification Standard; MITRE ATT&CK knowledge base,https://github.com/trailofbits/skills; https://owasp.org/projects/web-security-testing-guide; https://owasp.org/projects/asvs; https://attack.mitre.org/
authorizedsec-mobile-application-defense-change-impact,cloud-infrastructure-security,authorized-security-testing,Authorized cybersecurity testing and defense,mobile application defense,change impact,Trail of Bits skills catalog; OWASP Web Security Testing Guide; OWASP Application Security Verification Standard; MITRE ATT&CK knowledge base,https://github.com/trailofbits/skills; https://owasp.org/projects/web-security-testing-guide; https://owasp.org/projects/asvs; https://attack.mitre.org/
authorizedsec-mobile-application-defense-control-coverage,cloud-infrastructure-security,authorized-security-testing,Authorized cybersecurity testing and defense,mobile application defense,control coverage,Trail of Bits skills catalog; OWASP Web Security Testing Guide; OWASP Application Security Verification Standard; MITRE ATT&CK knowledge base,https://github.com/trailofbits/skills; https://owasp.org/projects/web-security-testing-guide; https://owasp.org/projects/asvs; https://attack.mitre.org/
authorizedsec-detection-engineering-scoped-asset-inventory,cloud-infrastructure-security,authorized-security-testing,Authorized cybersecurity testing and defense,detection engineering,scoped asset inventory,Trail of Bits skills catalog; OWASP Web Security Testing Guide; OWASP Application Security Verification Standard; MITRE ATT&CK knowledge base,https://github.com/trailofbits/skills; https://owasp.org/projects/web-security-testing-guide; https://owasp.org/projects/asvs; https://attack.mitre.org/
authorizedsec-detection-engineering-threat-modeling,cloud-infrastructure-security,authorized-security-testing,Authorized cybersecurity testing and defense,detection engineering,threat modeling,Trail of Bits skills catalog; OWASP Web Security Testing Guide; OWASP Application Security Verification Standard; MITRE ATT&CK knowledge base,https://github.com/trailofbits/skills; https://owasp.org/projects/web-security-testing-guide; https://owasp.org/projects/asvs; https://attack.mitre.org/
authorizedsec-detection-engineering-secure-configuration,cloud-infrastructure-security,authorized-security-testing,Authorized cybersecurity testing and defense,detection engineering,secure configuration,Trail of Bits skills catalog; OWASP Web Security Testing Guide; OWASP Application Security Verification Standard; MITRE ATT&CK knowledge base,https://github.com/trailofbits/skills; https://owasp.org/projects/web-security-testing-guide; https://owasp.org/projects/asvs; https://attack.mitre.org/
authorizedsec-detection-engineering-authorized-lab-verification,cloud-infrastructure-security,authorized-security-testing,Authorized cybersecurity testing and defense,detection engineering,authorized lab verification,Trail of Bits skills catalog; OWASP Web Security Testing Guide; OWASP Application Security Verification Standard; MITRE ATT&CK knowledge base,https://github.com/trailofbits/skills; https://owasp.org/projects/web-security-testing-guide; https://owasp.org/projects/asvs; https://attack.mitre.org/
authorizedsec-detection-engineering-log-coverage,cloud-infrastructure-security,authorized-security-testing,Authorized cybersecurity testing and defense,detection engineering,log coverage,Trail of Bits skills catalog; OWASP Web Security Testing Guide; OWASP Application Security Verification Standard; MITRE ATT&CK knowledge base,https://github.com/trailofbits/skills; https://owasp.org/projects/web-security-testing-guide; https://owasp.org/projects/asvs; https://attack.mitre.org/
authorizedsec-detection-engineering-false-positive-reduction,cloud-infrastructure-security,authorized-security-testing,Authorized cybersecurity testing and defense,detection engineering,false-positive reduction,Trail of Bits skills catalog; OWASP Web Security Testing Guide; OWASP Application Security Verification Standard; MITRE ATT&CK knowledge base,https://github.com/trailofbits/skills; https://owasp.org/projects/web-security-testing-guide; https://owasp.org/projects/asvs; https://attack.mitre.org/
authorizedsec-detection-engineering-remediation-validation,cloud-infrastructure-security,authorized-security-testing,Authorized cybersecurity testing and defense,detection engineering,remediation validation,Trail of Bits skills catalog; OWASP Web Security Testing Guide; OWASP Application Security Verification Standard; MITRE ATT&CK knowledge base,https://github.com/trailofbits/skills; https://owasp.org/projects/web-security-testing-guide; https://owasp.org/projects/asvs; https://attack.mitre.org/
authorizedsec-detection-engineering-incident-handoff,cloud-infrastructure-security,authorized-security-testing,Authorized cybersecurity testing and defense,detection engineering,incident handoff,Trail of Bits skills catalog; OWASP Web Security Testing Guide; OWASP Application Security Verification Standard; MITRE ATT&CK knowledge base,https://github.com/trailofbits/skills; https://owasp.org/projects/web-security-testing-guide; https://owasp.org/projects/asvs; https://attack.mitre.org/
authorizedsec-detection-engineering-change-impact,cloud-infrastructure-security,authorized-security-testing,Authorized cybersecurity testing and defense,detection engineering,change impact,Trail of Bits skills catalog; OWASP Web Security Testing Guide; OWASP Application Security Verification Standard; MITRE ATT&CK knowledge base,https://github.com/trailofbits/skills; https://owasp.org/projects/web-security-testing-guide; https://owasp.org/projects/asvs; https://attack.mitre.org/
authorizedsec-detection-engineering-control-coverage,cloud-infrastructure-security,authorized-security-testing,Authorized cybersecurity testing and defense,detection engineering,control coverage,Trail of Bits skills catalog; OWASP Web Security Testing Guide; OWASP Application Security Verification Standard; MITRE ATT&CK knowledge base,https://github.com/trailofbits/skills; https://owasp.org/projects/web-security-testing-guide; https://owasp.org/projects/asvs; https://attack.mitre.org/
managementlab-project-portfolio-planning-uncertain-requirements,business-operations,management-planning-and-tasking,"Management, planning, and task operations",project portfolio planning,uncertain requirements,community agent-skill catalog; Microsoft skills catalog; Construction-agent skill catalog,https://github.com/VoltAgent/awesome-agent-skills; https://github.com/microsoft/skills; https://github.com/datadrivenconstruction/DDC_Skills_for_AI_Agents_in_Construction
managementlab-project-portfolio-planning-cross-team-dependencies,business-operations,management-planning-and-tasking,"Management, planning, and task operations",project portfolio planning,cross-team dependencies,community agent-skill catalog; Microsoft skills catalog; Construction-agent skill catalog,https://github.com/VoltAgent/awesome-agent-skills; https://github.com/microsoft/skills; https://github.com/datadrivenconstruction/DDC_Skills_for_AI_Agents_in_Construction
managementlab-project-portfolio-planning-competing-deadlines,business-operations,management-planning-and-tasking,"Management, planning, and task operations",project portfolio planning,competing deadlines,community agent-skill catalog; Microsoft skills catalog; Construction-agent skill catalog,https://github.com/VoltAgent/awesome-agent-skills; https://github.com/microsoft/skills; https://github.com/datadrivenconstruction/DDC_Skills_for_AI_Agents_in_Construction
managementlab-project-portfolio-planning-limited-capacity,business-operations,management-planning-and-tasking,"Management, planning, and task operations",project portfolio planning,limited capacity,community agent-skill catalog; Microsoft skills catalog; Construction-agent skill catalog,https://github.com/VoltAgent/awesome-agent-skills; https://github.com/microsoft/skills; https://github.com/datadrivenconstruction/DDC_Skills_for_AI_Agents_in_Construction
managementlab-project-portfolio-planning-stakeholder-alignment,business-operations,management-planning-and-tasking,"Management, planning, and task operations",project portfolio planning,stakeholder alignment,community agent-skill catalog; Microsoft skills catalog; Construction-agent skill catalog,https://github.com/VoltAgent/awesome-agent-skills; https://github.com/microsoft/skills; https://github.com/datadrivenconstruction/DDC_Skills_for_AI_Agents_in_Construction
managementlab-project-portfolio-planning-risk-escalation,business-operations,management-planning-and-tasking,"Management, planning, and task operations",project portfolio planning,risk escalation,community agent-skill catalog; Microsoft skills catalog; Construction-agent skill catalog,https://github.com/VoltAgent/awesome-agent-skills; https://github.com/microsoft/skills; https://github.com/datadrivenconstruction/DDC_Skills_for_AI_Agents_in_Construction
managementlab-project-portfolio-planning-metric-selection,business-operations,management-planning-and-tasking,"Management, planning, and task operations",project portfolio planning,metric selection,community agent-skill catalog; Microsoft skills catalog; Construction-agent skill catalog,https://github.com/VoltAgent/awesome-agent-skills; https://github.com/microsoft/skills; https://github.com/datadrivenconstruction/DDC_Skills_for_AI_Agents_in_Construction
managementlab-project-portfolio-planning-handoff-completeness,business-operations,management-planning-and-tasking,"Management, planning, and task operations",project portfolio planning,handoff completeness,community agent-skill catalog; Microsoft skills catalog; Construction-agent skill catalog,https://github.com/VoltAgent/awesome-agent-skills; https://github.com/microsoft/skills; https://github.com/datadrivenconstruction/DDC_Skills_for_AI_Agents_in_Construction
managementlab-project-portfolio-planning-post-incident-learning,business-operations,management-planning-and-tasking,"Management, planning, and task operations",project portfolio planning,post-incident learning,community agent-skill catalog; Microsoft skills catalog; Construction-agent skill catalog,https://github.com/VoltAgent/awesome-agent-skills; https://github.com/microsoft/skills; https://github.com/datadrivenconstruction/DDC_Skills_for_AI_Agents_in_Construction
managementlab-project-portfolio-planning-continuous-improvement,business-operations,management-planning-and-tasking,"Management, planning, and task operations",project portfolio planning,continuous improvement,community agent-skill catalog; Microsoft skills catalog; Construction-agent skill catalog,https://github.com/VoltAgent/awesome-agent-skills; https://github.com/microsoft/skills; https://github.com/datadrivenconstruction/DDC_Skills_for_AI_Agents_in_Construction
managementlab-product-discovery-uncertain-requirements,business-operations,management-planning-and-tasking,"Management, planning, and task operations",product discovery,uncertain requirements,community agent-skill catalog; Microsoft skills catalog; Construction-agent skill catalog,https://github.com/VoltAgent/awesome-agent-skills; https://github.com/microsoft/skills; https://github.com/datadrivenconstruction/DDC_Skills_for_AI_Agents_in_Construction
managementlab-product-discovery-cross-team-dependencies,business-operations,management-planning-and-tasking,"Management, planning, and task operations",product discovery,cross-team dependencies,community agent-skill catalog; Microsoft skills catalog; Construction-agent skill catalog,https://github.com/VoltAgent/awesome-agent-skills; https://github.com/microsoft/skills; https://github.com/datadrivenconstruction/DDC_Skills_for_AI_Agents_in_Construction
managementlab-product-discovery-competing-deadlines,business-operations,management-planning-and-tasking,"Management, planning, and task operations",product discovery,competing deadlines,community agent-skill catalog; Microsoft skills catalog; Construction-agent skill catalog,https://github.com/VoltAgent/awesome-agent-skills; https://github.com/microsoft/skills; https://github.com/datadrivenconstruction/DDC_Skills_for_AI_Agents_in_Construction
managementlab-product-discovery-limited-capacity,business-operations,management-planning-and-tasking,"Management, planning, and task operations",product discovery,limited capacity,community agent-skill catalog; Microsoft skills catalog; Construction-agent skill catalog,https://github.com/VoltAgent/awesome-agent-skills; https://github.com/microsoft/skills; https://github.com/datadrivenconstruction/DDC_Skills_for_AI_Agents_in_Construction
managementlab-product-discovery-stakeholder-alignment,business-operations,management-planning-and-tasking,"Management, planning, and task operations",product discovery,stakeholder alignment,community agent-skill catalog; Microsoft skills catalog; Construction-agent skill catalog,https://github.com/VoltAgent/awesome-agent-skills; https://github.com/microsoft/skills; https://github.com/datadrivenconstruction/DDC_Skills_for_AI_Agents_in_Construction
managementlab-product-discovery-risk-escalation,business-operations,management-planning-and-tasking,"Management, planning, and task operations",product discovery,risk escalation,community agent-skill catalog; Microsoft skills catalog; Construction-agent skill catalog,https://github.com/VoltAgent/awesome-agent-skills; https://github.com/microsoft/skills; https://github.com/datadrivenconstruction/DDC_Skills_for_AI_Agents_in_Construction
managementlab-product-discovery-metric-selection,business-operations,management-planning-and-tasking,"Management, planning, and task operations",product discovery,metric selection,community agent-skill catalog; Microsoft skills catalog; Construction-agent skill catalog,https://github.com/VoltAgent/awesome-agent-skills; https://github.com/microsoft/skills; https://github.com/datadrivenconstruction/DDC_Skills_for_AI_Agents_in_Construction
managementlab-product-discovery-handoff-completeness,business-operations,management-planning-and-tasking,"Management, planning, and task operations",product discovery,handoff completeness,community agent-skill catalog; Microsoft skills catalog; Construction-agent skill catalog,https://github.com/VoltAgent/awesome-agent-skills; https://github.com/microsoft/skills; https://github.com/datadrivenconstruction/DDC_Skills_for_AI_Agents_in_Construction
managementlab-product-discovery-post-incident-learning,business-operations,management-planning-and-tasking,"Management, planning, and task operations",product discovery,post-incident learning,community agent-skill catalog; Microsoft skills catalog; Construction-agent skill catalog,https://github.com/VoltAgent/awesome-agent-skills; https://github.com/microsoft/skills; https://github.com/datadrivenconstruction/DDC_Skills_for_AI_Agents_in_Construction
managementlab-product-discovery-continuous-improvement,business-operations,management-planning-and-tasking,"Management, planning, and task operations",product discovery,continuous improvement,community agent-skill catalog; Microsoft skills catalog; Construction-agent skill catalog,https://github.com/VoltAgent/awesome-agent-skills; https://github.com/microsoft/skills; https://github.com/datadrivenconstruction/DDC_Skills_for_AI_Agents_in_Construction
managementlab-team-capacity-planning-uncertain-requirements,business-operations,management-planning-and-tasking,"Management, planning, and task operations",team capacity planning,uncertain requirements,community agent-skill catalog; Microsoft skills catalog; Construction-agent skill catalog,https://github.com/VoltAgent/awesome-agent-skills; https://github.com/microsoft/skills; https://github.com/datadrivenconstruction/DDC_Skills_for_AI_Agents_in_Construction
managementlab-team-capacity-planning-cross-team-dependencies,business-operations,management-planning-and-tasking,"Management, planning, and task operations",team capacity planning,cross-team dependencies,community agent-skill catalog; Microsoft skills catalog; Construction-agent skill catalog,https://github.com/VoltAgent/awesome-agent-skills; https://github.com/microsoft/skills; https://github.com/datadrivenconstruction/DDC_Skills_for_AI_Agents_in_Construction
managementlab-team-capacity-planning-competing-deadlines,business-operations,management-planning-and-tasking,"Management, planning, and task operations",team capacity planning,competing deadlines,community agent-skill catalog; Microsoft skills catalog; Construction-agent skill catalog,https://github.com/VoltAgent/awesome-agent-skills; https://github.com/microsoft/skills; https://github.com/datadrivenconstruction/DDC_Skills_for_AI_Agents_in_Construction
managementlab-team-capacity-planning-limited-capacity,business-operations,management-planning-and-tasking,"Management, planning, and task operations",team capacity planning,limited capacity,community agent-skill catalog; Microsoft skills catalog; Construction-agent skill catalog,https://github.com/VoltAgent/awesome-agent-skills; https://github.com/microsoft/skills; https://github.com/datadrivenconstruction/DDC_Skills_for_AI_Agents_in_Construction
managementlab-team-capacity-planning-stakeholder-alignment,business-operations,management-planning-and-tasking,"Management, planning, and task operations",team capacity planning,stakeholder alignment,community agent-skill catalog; Microsoft skills catalog; Construction-agent skill catalog,https://github.com/VoltAgent/awesome-agent-skills; https://github.com/microsoft/skills; https://github.com/datadrivenconstruction/DDC_Skills_for_AI_Agents_in_Construction
managementlab-team-capacity-planning-risk-escalation,business-operations,management-planning-and-tasking,"Management, planning, and task operations",team capacity planning,risk escalation,community agent-skill catalog; Microsoft skills catalog; Construction-agent skill catalog,https://github.com/VoltAgent/awesome-agent-skills; https://github.com/microsoft/skills; https://github.com/datadrivenconstruction/DDC_Skills_for_AI_Agents_in_Construction
managementlab-team-capacity-planning-metric-selection,business-operations,management-planning-and-tasking,"Management, planning, and task operations",team capacity planning,metric selection,community agent-skill catalog; Microsoft skills catalog; Construction-agent skill catalog,https://github.com/VoltAgent/awesome-agent-skills; https://github.com/microsoft/skills; https://github.com/datadrivenconstruction/DDC_Skills_for_AI_Agents_in_Construction
managementlab-team-capacity-planning-handoff-completeness,business-operations,management-planning-and-tasking,"Management, planning, and task operations",team capacity planning,handoff completeness,community agent-skill catalog; Microsoft skills catalog; Construction-agent skill catalog,https://github.com/VoltAgent/awesome-agent-skills; https://github.com/microsoft/skills; https://github.com/datadrivenconstruction/DDC_Skills_for_AI_Agents_in_Construction
managementlab-team-capacity-planning-post-incident-learning,business-operations,management-planning-and-tasking,"Management, planning, and task operations",team capacity planning,post-incident learning,community agent-skill catalog; Microsoft skills catalog; Construction-agent skill catalog,https://github.com/VoltAgent/awesome-agent-skills; https://github.com/microsoft/skills; https://github.com/datadrivenconstruction/DDC_Skills_for_AI_Agents_in_Construction
managementlab-team-capacity-planning-continuous-improvement,business-operations,management-planning-and-tasking,"Management, planning, and task operations",team capacity planning,continuous improvement,community agent-skill catalog; Microsoft skills catalog; Construction-agent skill catalog,https://github.com/VoltAgent/awesome-agent-skills; https://github.com/microsoft/skills; https://github.com/datadrivenconstruction/DDC_Skills_for_AI_Agents_in_Construction
managementlab-task-and-backlog-prioritization-uncertain-requirements,business-operations,management-planning-and-tasking,"Management, planning, and task operations",task and backlog prioritization,uncertain requirements,community agent-skill catalog; Microsoft skills catalog; Construction-agent skill catalog,https://github.com/VoltAgent/awesome-agent-skills; https://github.com/microsoft/skills; https://github.com/datadrivenconstruction/DDC_Skills_for_AI_Agents_in_Construction
managementlab-task-and-backlog-prioritization-cross-team-dependencies,business-operations,management-planning-and-tasking,"Management, planning, and task operations",task and backlog prioritization,cross-team dependencies,community agent-skill catalog; Microsoft skills catalog; Construction-agent skill catalog,https://github.com/VoltAgent/awesome-agent-skills; https://github.com/microsoft/skills; https://github.com/datadrivenconstruction/DDC_Skills_for_AI_Agents_in_Construction
managementlab-task-and-backlog-prioritization-competing-deadlines,business-operations,management-planning-and-tasking,"Management, planning, and task operations",task and backlog prioritization,competing deadlines,community agent-skill catalog; Microsoft skills catalog; Construction-agent skill catalog,https://github.com/VoltAgent/awesome-agent-skills; https://github.com/microsoft/skills; https://github.com/datadrivenconstruction/DDC_Skills_for_AI_Agents_in_Construction
managementlab-task-and-backlog-prioritization-limited-capacity,business-operations,management-planning-and-tasking,"Management, planning, and task operations",task and backlog prioritization,limited capacity,community agent-skill catalog; Microsoft skills catalog; Construction-agent skill catalog,https://github.com/VoltAgent/awesome-agent-skills; https://github.com/microsoft/skills; https://github.com/datadrivenconstruction/DDC_Skills_for_AI_Agents_in_Construction
managementlab-task-and-backlog-prioritization-stakeholder-alignment,business-operations,management-planning-and-tasking,"Management, planning, and task operations",task and backlog prioritization,stakeholder alignment,community agent-skill catalog; Microsoft skills catalog; Construction-agent skill catalog,https://github.com/VoltAgent/awesome-agent-skills; https://github.com/microsoft/skills; https://github.com/datadrivenconstruction/DDC_Skills_for_AI_Agents_in_Construction
managementlab-task-and-backlog-prioritization-risk-escalation,business-operations,management-planning-and-tasking,"Management, planning, and task operations",task and backlog prioritization,risk escalation,community agent-skill catalog; Microsoft skills catalog; Construction-agent skill catalog,https://github.com/VoltAgent/awesome-agent-skills; https://github.com/microsoft/skills; https://github.com/datadrivenconstruction/DDC_Skills_for_AI_Agents_in_Construction
managementlab-task-and-backlog-prioritization-metric-selection,business-operations,management-planning-and-tasking,"Management, planning, and task operations",task and backlog prioritization,metric selection,community agent-skill catalog; Microsoft skills catalog; Construction-agent skill catalog,https://github.com/VoltAgent/awesome-agent-skills; https://github.com/microsoft/skills; https://github.com/datadrivenconstruction/DDC_Skills_for_AI_Agents_in_Construction
managementlab-task-and-backlog-prioritization-handoff-completeness,business-operations,management-planning-and-tasking,"Management, planning, and task operations",task and backlog prioritization,handoff completeness,community agent-skill catalog; Microsoft skills catalog; Construction-agent skill catalog,https://github.com/VoltAgent/awesome-agent-skills; https://github.com/microsoft/skills; https://github.com/datadrivenconstruction/DDC_Skills_for_AI_Agents_in_Construction
managementlab-task-and-backlog-prioritization-post-incident-learning,business-operations,management-planning-and-tasking,"Management, planning, and task operations",task and backlog prioritization,post-incident learning,community agent-skill catalog; Microsoft skills catalog; Construction-agent skill catalog,https://github.com/VoltAgent/awesome-agent-skills; https://github.com/microsoft/skills; https://github.com/datadrivenconstruction/DDC_Skills_for_AI_Agents_in_Construction
managementlab-task-and-backlog-prioritization-continuous-improvement,business-operations,management-planning-and-tasking,"Management, planning, and task operations",task and backlog prioritization,continuous improvement,community agent-skill catalog; Microsoft skills catalog; Construction-agent skill catalog,https://github.com/VoltAgent/awesome-agent-skills; https://github.com/microsoft/skills; https://github.com/datadrivenconstruction/DDC_Skills_for_AI_Agents_in_Construction
managementlab-change-management-uncertain-requirements,business-operations,management-planning-and-tasking,"Management, planning, and task operations",change management,uncertain requirements,community agent-skill catalog; Microsoft skills catalog; Construction-agent skill catalog,https://github.com/VoltAgent/awesome-agent-skills; https://github.com/microsoft/skills; https://github.com/datadrivenconstruction/DDC_Skills_for_AI_Agents_in_Construction
managementlab-change-management-cross-team-dependencies,business-operations,management-planning-and-tasking,"Management, planning, and task operations",change management,cross-team dependencies,community agent-skill catalog; Microsoft skills catalog; Construction-agent skill catalog,https://github.com/VoltAgent/awesome-agent-skills; https://github.com/microsoft/skills; https://github.com/datadrivenconstruction/DDC_Skills_for_AI_Agents_in_Construction
managementlab-change-management-competing-deadlines,business-operations,management-planning-and-tasking,"Management, planning, and task operations",change management,competing deadlines,community agent-skill catalog; Microsoft skills catalog; Construction-agent skill catalog,https://github.com/VoltAgent/awesome-agent-skills; https://github.com/microsoft/skills; https://github.com/datadrivenconstruction/DDC_Skills_for_AI_Agents_in_Construction
managementlab-change-management-limited-capacity,business-operations,management-planning-and-tasking,"Management, planning, and task operations",change management,limited capacity,community agent-skill catalog; Microsoft skills catalog; Construction-agent skill catalog,https://github.com/VoltAgent/awesome-agent-skills; https://github.com/microsoft/skills; https://github.com/datadrivenconstruction/DDC_Skills_for_AI_Agents_in_Construction
managementlab-change-management-stakeholder-alignment,business-operations,management-planning-and-tasking,"Management, planning, and task operations",change management,stakeholder alignment,community agent-skill catalog; Microsoft skills catalog; Construction-agent skill catalog,https://github.com/VoltAgent/awesome-agent-skills; https://github.com/microsoft/skills; https://github.com/datadrivenconstruction/DDC_Skills_for_AI_Agents_in_Construction
managementlab-change-management-risk-escalation,business-operations,management-planning-and-tasking,"Management, planning, and task operations",change management,risk escalation,community agent-skill catalog; Microsoft skills catalog; Construction-agent skill catalog,https://github.com/VoltAgent/awesome-agent-skills; https://github.com/microsoft/skills; https://github.com/datadrivenconstruction/DDC_Skills_for_AI_Agents_in_Construction
managementlab-change-management-metric-selection,business-operations,management-planning-and-tasking,"Management, planning, and task operations",change management,metric selection,community agent-skill catalog; Microsoft skills catalog; Construction-agent skill catalog,https://github.com/VoltAgent/awesome-agent-skills; https://github.com/microsoft/skills; https://github.com/datadrivenconstruction/DDC_Skills_for_AI_Agents_in_Construction
managementlab-change-management-handoff-completeness,business-operations,management-planning-and-tasking,"Management, planning, and task operations",change management,handoff completeness,community agent-skill catalog; Microsoft skills catalog; Construction-agent skill catalog,https://github.com/VoltAgent/awesome-agent-skills; https://github.com/microsoft/skills; https://github.com/datadrivenconstruction/DDC_Skills_for_AI_Agents_in_Construction
managementlab-change-management-post-incident-learning,business-operations,management-planning-and-tasking,"Management, planning, and task operations",change management,post-incident learning,community agent-skill catalog; Microsoft skills catalog; Construction-agent skill catalog,https://github.com/VoltAgent/awesome-agent-skills; https://github.com/microsoft/skills; https://github.com/datadrivenconstruction/DDC_Skills_for_AI_Agents_in_Construction
managementlab-change-management-continuous-improvement,business-operations,management-planning-and-tasking,"Management, planning, and task operations",change management,continuous improvement,community agent-skill catalog; Microsoft skills catalog; Construction-agent skill catalog,https://github.com/VoltAgent/awesome-agent-skills; https://github.com/microsoft/skills; https://github.com/datadrivenconstruction/DDC_Skills_for_AI_Agents_in_Construction
managementlab-meeting-and-decision-capture-uncertain-requirements,business-operations,management-planning-and-tasking,"Management, planning, and task operations",meeting and decision capture,uncertain requirements,community agent-skill catalog; Microsoft skills catalog; Construction-agent skill catalog,https://github.com/VoltAgent/awesome-agent-skills; https://github.com/microsoft/skills; https://github.com/datadrivenconstruction/DDC_Skills_for_AI_Agents_in_Construction
managementlab-meeting-and-decision-capture-cross-team-dependencies,business-operations,management-planning-and-tasking,"Management, planning, and task operations",meeting and decision capture,cross-team dependencies,community agent-skill catalog; Microsoft skills catalog; Construction-agent skill catalog,https://github.com/VoltAgent/awesome-agent-skills; https://github.com/microsoft/skills; https://github.com/datadrivenconstruction/DDC_Skills_for_AI_Agents_in_Construction
managementlab-meeting-and-decision-capture-competing-deadlines,business-operations,management-planning-and-tasking,"Management, planning, and task operations",meeting and decision capture,competing deadlines,community agent-skill catalog; Microsoft skills catalog; Construction-agent skill catalog,https://github.com/VoltAgent/awesome-agent-skills; https://github.com/microsoft/skills; https://github.com/datadrivenconstruction/DDC_Skills_for_AI_Agents_in_Construction
managementlab-meeting-and-decision-capture-limited-capacity,business-operations,management-planning-and-tasking,"Management, planning, and task operations",meeting and decision capture,limited capacity,community agent-skill catalog; Microsoft skills catalog; Construction-agent skill catalog,https://github.com/VoltAgent/awesome-agent-skills; https://github.com/microsoft/skills; https://github.com/datadrivenconstruction/DDC_Skills_for_AI_Agents_in_Construction
managementlab-meeting-and-decision-capture-stakeholder-alignment,business-operations,management-planning-and-tasking,"Management, planning, and task operations",meeting and decision capture,stakeholder alignment,community agent-skill catalog; Microsoft skills catalog; Construction-agent skill catalog,https://github.com/VoltAgent/awesome-agent-skills; https://github.com/microsoft/skills; https://github.com/datadrivenconstruction/DDC_Skills_for_AI_Agents_in_Construction
managementlab-meeting-and-decision-capture-risk-escalation,business-operations,management-planning-and-tasking,"Management, planning, and task operations",meeting and decision capture,risk escalation,community agent-skill catalog; Microsoft skills catalog; Construction-agent skill catalog,https://github.com/VoltAgent/awesome-agent-skills; https://github.com/microsoft/skills; https://github.com/datadrivenconstruction/DDC_Skills_for_AI_Agents_in_Construction
managementlab-meeting-and-decision-capture-metric-selection,business-operations,management-planning-and-tasking,"Management, planning, and task operations",meeting and decision capture,metric selection,community agent-skill catalog; Microsoft skills catalog; Construction-agent skill catalog,https://github.com/VoltAgent/awesome-agent-skills; https://github.com/microsoft/skills; https://github.com/datadrivenconstruction/DDC_Skills_for_AI_Agents_in_Construction
managementlab-meeting-and-decision-capture-handoff-completeness,business-operations,management-planning-and-tasking,"Management, planning, and task operations",meeting and decision capture,handoff completeness,community agent-skill catalog; Microsoft skills catalog; Construction-agent skill catalog,https://github.com/VoltAgent/awesome-agent-skills; https://github.com/microsoft/skills; https://github.com/datadrivenconstruction/DDC_Skills_for_AI_Agents_in_Construction
managementlab-meeting-and-decision-capture-post-incident-learning,business-operations,management-planning-and-tasking,"Management, planning, and task operations",meeting and decision capture,post-incident learning,community agent-skill catalog; Microsoft skills catalog; Construction-agent skill catalog,https://github.com/VoltAgent/awesome-agent-skills; https://github.com/microsoft/skills; https://github.com/datadrivenconstruction/DDC_Skills_for_AI_Agents_in_Construction
managementlab-meeting-and-decision-capture-continuous-improvement,business-operations,management-planning-and-tasking,"Management, planning, and task operations",meeting and decision capture,continuous improvement,community agent-skill catalog; Microsoft skills catalog; Construction-agent skill catalog,https://github.com/VoltAgent/awesome-agent-skills; https://github.com/microsoft/skills; https://github.com/datadrivenconstruction/DDC_Skills_for_AI_Agents_in_Construction
managementlab-vendor-and-procurement-review-uncertain-requirements,business-operations,management-planning-and-tasking,"Management, planning, and task operations",vendor and procurement review,uncertain requirements,community agent-skill catalog; Microsoft skills catalog; Construction-agent skill catalog,https://github.com/VoltAgent/awesome-agent-skills; https://github.com/microsoft/skills; https://github.com/datadrivenconstruction/DDC_Skills_for_AI_Agents_in_Construction
managementlab-vendor-and-procurement-review-cross-team-dependencies,business-operations,management-planning-and-tasking,"Management, planning, and task operations",vendor and procurement review,cross-team dependencies,community agent-skill catalog; Microsoft skills catalog; Construction-agent skill catalog,https://github.com/VoltAgent/awesome-agent-skills; https://github.com/microsoft/skills; https://github.com/datadrivenconstruction/DDC_Skills_for_AI_Agents_in_Construction
managementlab-vendor-and-procurement-review-competing-deadlines,business-operations,management-planning-and-tasking,"Management, planning, and task operations",vendor and procurement review,competing deadlines,community agent-skill catalog; Microsoft skills catalog; Construction-agent skill catalog,https://github.com/VoltAgent/awesome-agent-skills; https://github.com/microsoft/skills; https://github.com/datadrivenconstruction/DDC_Skills_for_AI_Agents_in_Construction
managementlab-vendor-and-procurement-review-limited-capacity,business-operations,management-planning-and-tasking,"Management, planning, and task operations",vendor and procurement review,limited capacity,community agent-skill catalog; Microsoft skills catalog; Construction-agent skill catalog,https://github.com/VoltAgent/awesome-agent-skills; https://github.com/microsoft/skills; https://github.com/datadrivenconstruction/DDC_Skills_for_AI_Agents_in_Construction
managementlab-vendor-and-procurement-review-stakeholder-alignment,business-operations,management-planning-and-tasking,"Management, planning, and task operations",vendor and procurement review,stakeholder alignment,community agent-skill catalog; Microsoft skills catalog; Construction-agent skill catalog,https://github.com/VoltAgent/awesome-agent-skills; https://github.com/microsoft/skills; https://github.com/datadrivenconstruction/DDC_Skills_for_AI_Agents_in_Construction
managementlab-vendor-and-procurement-review-risk-escalation,business-operations,management-planning-and-tasking,"Management, planning, and task operations",vendor and procurement review,risk escalation,community agent-skill catalog; Microsoft skills catalog; Construction-agent skill catalog,https://github.com/VoltAgent/awesome-agent-skills; https://github.com/microsoft/skills; https://github.com/datadrivenconstruction/DDC_Skills_for_AI_Agents_in_Construction
managementlab-vendor-and-procurement-review-metric-selection,business-operations,management-planning-and-tasking,"Management, planning, and task operations",vendor and procurement review,metric selection,community agent-skill catalog; Microsoft skills catalog; Construction-agent skill catalog,https://github.com/VoltAgent/awesome-agent-skills; https://github.com/microsoft/skills; https://github.com/datadrivenconstruction/DDC_Skills_for_AI_Agents_in_Construction
managementlab-vendor-and-procurement-review-handoff-completeness,business-operations,management-planning-and-tasking,"Management, planning, and task operations",vendor and procurement review,handoff completeness,community agent-skill catalog; Microsoft skills catalog; Construction-agent skill catalog,https://github.com/VoltAgent/awesome-agent-skills; https://github.com/microsoft/skills; https://github.com/datadrivenconstruction/DDC_Skills_for_AI_Agents_in_Construction
managementlab-vendor-and-procurement-review-post-incident-learning,business-operations,management-planning-and-tasking,"Management, planning, and task operations",vendor and procurement review,post-incident learning,community agent-skill catalog; Microsoft skills catalog; Construction-agent skill catalog,https://github.com/VoltAgent/awesome-agent-skills; https://github.com/microsoft/skills; https://github.com/datadrivenconstruction/DDC_Skills_for_AI_Agents_in_Construction
managementlab-vendor-and-procurement-review-continuous-improvement,business-operations,management-planning-and-tasking,"Management, planning, and task operations",vendor and procurement review,continuous improvement,community agent-skill catalog; Microsoft skills catalog; Construction-agent skill catalog,https://github.com/VoltAgent/awesome-agent-skills; https://github.com/microsoft/skills; https://github.com/datadrivenconstruction/DDC_Skills_for_AI_Agents_in_Construction
managementlab-service-operations-uncertain-requirements,business-operations,management-planning-and-tasking,"Management, planning, and task operations",service operations,uncertain requirements,community agent-skill catalog; Microsoft skills catalog; Construction-agent skill catalog,https://github.com/VoltAgent/awesome-agent-skills; https://github.com/microsoft/skills; https://github.com/datadrivenconstruction/DDC_Skills_for_AI_Agents_in_Construction
managementlab-service-operations-cross-team-dependencies,business-operations,management-planning-and-tasking,"Management, planning, and task operations",service operations,cross-team dependencies,community agent-skill catalog; Microsoft skills catalog; Construction-agent skill catalog,https://github.com/VoltAgent/awesome-agent-skills; https://github.com/microsoft/skills; https://github.com/datadrivenconstruction/DDC_Skills_for_AI_Agents_in_Construction
managementlab-service-operations-competing-deadlines,business-operations,management-planning-and-tasking,"Management, planning, and task operations",service operations,competing deadlines,community agent-skill catalog; Microsoft skills catalog; Construction-agent skill catalog,https://github.com/VoltAgent/awesome-agent-skills; https://github.com/microsoft/skills; https://github.com/datadrivenconstruction/DDC_Skills_for_AI_Agents_in_Construction
managementlab-service-operations-limited-capacity,business-operations,management-planning-and-tasking,"Management, planning, and task operations",service operations,limited capacity,community agent-skill catalog; Microsoft skills catalog; Construction-agent skill catalog,https://github.com/VoltAgent/awesome-agent-skills; https://github.com/microsoft/skills; https://github.com/datadrivenconstruction/DDC_Skills_for_AI_Agents_in_Construction
managementlab-service-operations-stakeholder-alignment,business-operations,management-planning-and-tasking,"Management, planning, and task operations",service operations,stakeholder alignment,community agent-skill catalog; Microsoft skills catalog; Construction-agent skill catalog,https://github.com/VoltAgent/awesome-agent-skills; https://github.com/microsoft/skills; https://github.com/datadrivenconstruction/DDC_Skills_for_AI_Agents_in_Construction
managementlab-service-operations-risk-escalation,business-operations,management-planning-and-tasking,"Management, planning, and task operations",service operations,risk escalation,community agent-skill catalog; Microsoft skills catalog; Construction-agent skill catalog,https://github.com/VoltAgent/awesome-agent-skills; https://github.com/microsoft/skills; https://github.com/datadrivenconstruction/DDC_Skills_for_AI_Agents_in_Construction
managementlab-service-operations-metric-selection,business-operations,management-planning-and-tasking,"Management, planning, and task operations",service operations,metric selection,community agent-skill catalog; Microsoft skills catalog; Construction-agent skill catalog,https://github.com/VoltAgent/awesome-agent-skills; https://github.com/microsoft/skills; https://github.com/datadrivenconstruction/DDC_Skills_for_AI_Agents_in_Construction
managementlab-service-operations-handoff-completeness,business-operations,management-planning-and-tasking,"Management, planning, and task operations",service operations,handoff completeness,community agent-skill catalog; Microsoft skills catalog; Construction-agent skill catalog,https://github.com/VoltAgent/awesome-agent-skills; https://github.com/microsoft/skills; https://github.com/datadrivenconstruction/DDC_Skills_for_AI_Agents_in_Construction
managementlab-service-operations-post-incident-learning,business-operations,management-planning-and-tasking,"Management, planning, and task operations",service operations,post-incident learning,community agent-skill catalog; Microsoft skills catalog; Construction-agent skill catalog,https://github.com/VoltAgent/awesome-agent-skills; https://github.com/microsoft/skills; https://github.com/datadrivenconstruction/DDC_Skills_for_AI_Agents_in_Construction
managementlab-service-operations-continuous-improvement,business-operations,management-planning-and-tasking,"Management, planning, and task operations",service operations,continuous improvement,community agent-skill catalog; Microsoft skills catalog; Construction-agent skill catalog,https://github.com/VoltAgent/awesome-agent-skills; https://github.com/microsoft/skills; https://github.com/datadrivenconstruction/DDC_Skills_for_AI_Agents_in_Construction
deepresearch-source-discovery-ambiguous-research-questions,science-health-research,deep-research-and-evidence-synthesis,Deep research and evidence synthesis,source discovery,ambiguous research questions,PRISMA 2020 reporting guideline; Cochrane review handbook (current version index); Agent context-engineering skills,https://www.prisma-statement.org/prisma-2020; https://www.cochrane.org/authors/handbooks-and-manuals/handbook/current; https://github.com/muratcankoylan/agent-skills-for-context-engineering
deepresearch-source-discovery-rapidly-changing-evidence,science-health-research,deep-research-and-evidence-synthesis,Deep research and evidence synthesis,source discovery,rapidly changing evidence,PRISMA 2020 reporting guideline; Cochrane review handbook (current version index); Agent context-engineering skills,https://www.prisma-statement.org/prisma-2020; https://www.cochrane.org/authors/handbooks-and-manuals/handbook/current; https://github.com/muratcankoylan/agent-skills-for-context-engineering
deepresearch-source-discovery-small-or-sparse-evidence-bases,science-health-research,deep-research-and-evidence-synthesis,Deep research and evidence synthesis,source discovery,small or sparse evidence bases,PRISMA 2020 reporting guideline; Cochrane review handbook (current version index); Agent context-engineering skills,https://www.prisma-statement.org/prisma-2020; https://www.cochrane.org/authors/handbooks-and-manuals/handbook/current; https://github.com/muratcankoylan/agent-skills-for-context-engineering
deepresearch-source-discovery-duplicate-records,science-health-research,deep-research-and-evidence-synthesis,Deep research and evidence synthesis,source discovery,duplicate records,PRISMA 2020 reporting guideline; Cochrane review handbook (current version index); Agent context-engineering skills,https://www.prisma-statement.org/prisma-2020; https://www.cochrane.org/authors/handbooks-and-manuals/handbook/current; https://github.com/muratcankoylan/agent-skills-for-context-engineering
deepresearch-source-discovery-incomplete-full-text,science-health-research,deep-research-and-evidence-synthesis,Deep research and evidence synthesis,source discovery,incomplete full text,PRISMA 2020 reporting guideline; Cochrane review handbook (current version index); Agent context-engineering skills,https://www.prisma-statement.org/prisma-2020; https://www.cochrane.org/authors/handbooks-and-manuals/handbook/current; https://github.com/muratcankoylan/agent-skills-for-context-engineering
deepresearch-source-discovery-mixed-study-designs,science-health-research,deep-research-and-evidence-synthesis,Deep research and evidence synthesis,source discovery,mixed study designs,PRISMA 2020 reporting guideline; Cochrane review handbook (current version index); Agent context-engineering skills,https://www.prisma-statement.org/prisma-2020; https://www.cochrane.org/authors/handbooks-and-manuals/handbook/current; https://github.com/muratcankoylan/agent-skills-for-context-engineering
deepresearch-source-discovery-conflicting-findings,science-health-research,deep-research-and-evidence-synthesis,Deep research and evidence synthesis,source discovery,conflicting findings,PRISMA 2020 reporting guideline; Cochrane review handbook (current version index); Agent context-engineering skills,https://www.prisma-statement.org/prisma-2020; https://www.cochrane.org/authors/handbooks-and-manuals/handbook/current; https://github.com/muratcankoylan/agent-skills-for-context-engineering
deepresearch-source-discovery-privacy-sensitive-material,science-health-research,deep-research-and-evidence-synthesis,Deep research and evidence synthesis,source discovery,privacy-sensitive material,PRISMA 2020 reporting guideline; Cochrane review handbook (current version index); Agent context-engineering skills,https://www.prisma-statement.org/prisma-2020; https://www.cochrane.org/authors/handbooks-and-manuals/handbook/current; https://github.com/muratcankoylan/agent-skills-for-context-engineering
deepresearch-source-discovery-reproducibility-and-audit,science-health-research,deep-research-and-evidence-synthesis,Deep research and evidence synthesis,source discovery,reproducibility and audit,PRISMA 2020 reporting guideline; Cochrane review handbook (current version index); Agent context-engineering skills,https://www.prisma-statement.org/prisma-2020; https://www.cochrane.org/authors/handbooks-and-manuals/handbook/current; https://github.com/muratcankoylan/agent-skills-for-context-engineering
deepresearch-citation-verification-ambiguous-research-questions,science-health-research,deep-research-and-evidence-synthesis,Deep research and evidence synthesis,citation verification,ambiguous research questions,PRISMA 2020 reporting guideline; Cochrane review handbook (current version index); Agent context-engineering skills,https://www.prisma-statement.org/prisma-2020; https://www.cochrane.org/authors/handbooks-and-manuals/handbook/current; https://github.com/muratcankoylan/agent-skills-for-context-engineering
deepresearch-citation-verification-rapidly-changing-evidence,science-health-research,deep-research-and-evidence-synthesis,Deep research and evidence synthesis,citation verification,rapidly changing evidence,PRISMA 2020 reporting guideline; Cochrane review handbook (current version index); Agent context-engineering skills,https://www.prisma-statement.org/prisma-2020; https://www.cochrane.org/authors/handbooks-and-manuals/handbook/current; https://github.com/muratcankoylan/agent-skills-for-context-engineering
deepresearch-citation-verification-small-or-sparse-evidence-bases,science-health-research,deep-research-and-evidence-synthesis,Deep research and evidence synthesis,citation verification,small or sparse evidence bases,PRISMA 2020 reporting guideline; Cochrane review handbook (current version index); Agent context-engineering skills,https://www.prisma-statement.org/prisma-2020; https://www.cochrane.org/authors/handbooks-and-manuals/handbook/current; https://github.com/muratcankoylan/agent-skills-for-context-engineering
deepresearch-citation-verification-duplicate-records,science-health-research,deep-research-and-evidence-synthesis,Deep research and evidence synthesis,citation verification,duplicate records,PRISMA 2020 reporting guideline; Cochrane review handbook (current version index); Agent context-engineering skills,https://www.prisma-statement.org/prisma-2020; https://www.cochrane.org/authors/handbooks-and-manuals/handbook/current; https://github.com/muratcankoylan/agent-skills-for-context-engineering
deepresearch-citation-verification-incomplete-full-text,science-health-research,deep-research-and-evidence-synthesis,Deep research and evidence synthesis,citation verification,incomplete full text,PRISMA 2020 reporting guideline; Cochrane review handbook (current version index); Agent context-engineering skills,https://www.prisma-statement.org/prisma-2020; https://www.cochrane.org/authors/handbooks-and-manuals/handbook/current; https://github.com/muratcankoylan/agent-skills-for-context-engineering
deepresearch-citation-verification-mixed-study-designs,science-health-research,deep-research-and-evidence-synthesis,Deep research and evidence synthesis,citation verification,mixed study designs,PRISMA 2020 reporting guideline; Cochrane review handbook (current version index); Agent context-engineering skills,https://www.prisma-statement.org/prisma-2020; https://www.cochrane.org/authors/handbooks-and-manuals/handbook/current; https://github.com/muratcankoylan/agent-skills-for-context-engineering
deepresearch-citation-verification-conflicting-findings,science-health-research,deep-research-and-evidence-synthesis,Deep research and evidence synthesis,citation verification,conflicting findings,PRISMA 2020 reporting guideline; Cochrane review handbook (current version index); Agent context-engineering skills,https://www.prisma-statement.org/prisma-2020; https://www.cochrane.org/authors/handbooks-and-manuals/handbook/current; https://github.com/muratcankoylan/agent-skills-for-context-engineering
deepresearch-citation-verification-privacy-sensitive-material,science-health-research,deep-research-and-evidence-synthesis,Deep research and evidence synthesis,citation verification,privacy-sensitive material,PRISMA 2020 reporting guideline; Cochrane review handbook (current version index); Agent context-engineering skills,https://www.prisma-statement.org/prisma-2020; https://www.cochrane.org/authors/handbooks-and-manuals/handbook/current; https://github.com/muratcankoylan/agent-skills-for-context-engineering
deepresearch-citation-verification-reproducibility-and-audit,science-health-research,deep-research-and-evidence-synthesis,Deep research and evidence synthesis,citation verification,reproducibility and audit,PRISMA 2020 reporting guideline; Cochrane review handbook (current version index); Agent context-engineering skills,https://www.prisma-statement.org/prisma-2020; https://www.cochrane.org/authors/handbooks-and-manuals/handbook/current; https://github.com/muratcankoylan/agent-skills-for-context-engineering
deepresearch-literature-synthesis-ambiguous-research-questions,science-health-research,deep-research-and-evidence-synthesis,Deep research and evidence synthesis,literature synthesis,ambiguous research questions,PRISMA 2020 reporting guideline; Cochrane review handbook (current version index); Agent context-engineering skills,https://www.prisma-statement.org/prisma-2020; https://www.cochrane.org/authors/handbooks-and-manuals/handbook/current; https://github.com/muratcankoylan/agent-skills-for-context-engineering
deepresearch-literature-synthesis-rapidly-changing-evidence,science-health-research,deep-research-and-evidence-synthesis,Deep research and evidence synthesis,literature synthesis,rapidly changing evidence,PRISMA 2020 reporting guideline; Cochrane review handbook (current version index); Agent context-engineering skills,https://www.prisma-statement.org/prisma-2020; https://www.cochrane.org/authors/handbooks-and-manuals/handbook/current; https://github.com/muratcankoylan/agent-skills-for-context-engineering
deepresearch-literature-synthesis-small-or-sparse-evidence-bases,science-health-research,deep-research-and-evidence-synthesis,Deep research and evidence synthesis,literature synthesis,small or sparse evidence bases,PRISMA 2020 reporting guideline; Cochrane review handbook (current version index); Agent context-engineering skills,https://www.prisma-statement.org/prisma-2020; https://www.cochrane.org/authors/handbooks-and-manuals/handbook/current; https://github.com/muratcankoylan/agent-skills-for-context-engineering
deepresearch-literature-synthesis-duplicate-records,science-health-research,deep-research-and-evidence-synthesis,Deep research and evidence synthesis,literature synthesis,duplicate records,PRISMA 2020 reporting guideline; Cochrane review handbook (current version index); Agent context-engineering skills,https://www.prisma-statement.org/prisma-2020; https://www.cochrane.org/authors/handbooks-and-manuals/handbook/current; https://github.com/muratcankoylan/agent-skills-for-context-engineering
deepresearch-literature-synthesis-incomplete-full-text,science-health-research,deep-research-and-evidence-synthesis,Deep research and evidence synthesis,literature synthesis,incomplete full text,PRISMA 2020 reporting guideline; Cochrane review handbook (current version index); Agent context-engineering skills,https://www.prisma-statement.org/prisma-2020; https://www.cochrane.org/authors/handbooks-and-manuals/handbook/current; https://github.com/muratcankoylan/agent-skills-for-context-engineering
deepresearch-literature-synthesis-mixed-study-designs,science-health-research,deep-research-and-evidence-synthesis,Deep research and evidence synthesis,literature synthesis,mixed study designs,PRISMA 2020 reporting guideline; Cochrane review handbook (current version index); Agent context-engineering skills,https://www.prisma-statement.org/prisma-2020; https://www.cochrane.org/authors/handbooks-and-manuals/handbook/current; https://github.com/muratcankoylan/agent-skills-for-context-engineering
deepresearch-literature-synthesis-conflicting-findings,science-health-research,deep-research-and-evidence-synthesis,Deep research and evidence synthesis,literature synthesis,conflicting findings,PRISMA 2020 reporting guideline; Cochrane review handbook (current version index); Agent context-engineering skills,https://www.prisma-statement.org/prisma-2020; https://www.cochrane.org/authors/handbooks-and-manuals/handbook/current; https://github.com/muratcankoylan/agent-skills-for-context-engineering
deepresearch-literature-synthesis-privacy-sensitive-material,science-health-research,deep-research-and-evidence-synthesis,Deep research and evidence synthesis,literature synthesis,privacy-sensitive material,PRISMA 2020 reporting guideline; Cochrane review handbook (current version index); Agent context-engineering skills,https://www.prisma-statement.org/prisma-2020; https://www.cochrane.org/authors/handbooks-and-manuals/handbook/current; https://github.com/muratcankoylan/agent-skills-for-context-engineering
deepresearch-literature-synthesis-reproducibility-and-audit,science-health-research,deep-research-and-evidence-synthesis,Deep research and evidence synthesis,literature synthesis,reproducibility and audit,PRISMA 2020 reporting guideline; Cochrane review handbook (current version index); Agent context-engineering skills,https://www.prisma-statement.org/prisma-2020; https://www.cochrane.org/authors/handbooks-and-manuals/handbook/current; https://github.com/muratcankoylan/agent-skills-for-context-engineering
deepresearch-question-and-protocol-design-ambiguous-research-questions,science-health-research,deep-research-and-evidence-synthesis,Deep research and evidence synthesis,question and protocol design,ambiguous research questions,PRISMA 2020 reporting guideline; Cochrane review handbook (current version index); Agent context-engineering skills,https://www.prisma-statement.org/prisma-2020; https://www.cochrane.org/authors/handbooks-and-manuals/handbook/current; https://github.com/muratcankoylan/agent-skills-for-context-engineering
deepresearch-question-and-protocol-design-rapidly-changing-evidence,science-health-research,deep-research-and-evidence-synthesis,Deep research and evidence synthesis,question and protocol design,rapidly changing evidence,PRISMA 2020 reporting guideline; Cochrane review handbook (current version index); Agent context-engineering skills,https://www.prisma-statement.org/prisma-2020; https://www.cochrane.org/authors/handbooks-and-manuals/handbook/current; https://github.com/muratcankoylan/agent-skills-for-context-engineering
deepresearch-question-and-protocol-design-small-or-sparse-evidence-bases,science-health-research,deep-research-and-evidence-synthesis,Deep research and evidence synthesis,question and protocol design,small or sparse evidence bases,PRISMA 2020 reporting guideline; Cochrane review handbook (current version index); Agent context-engineering skills,https://www.prisma-statement.org/prisma-2020; https://www.cochrane.org/authors/handbooks-and-manuals/handbook/current; https://github.com/muratcankoylan/agent-skills-for-context-engineering
deepresearch-question-and-protocol-design-duplicate-records,science-health-research,deep-research-and-evidence-synthesis,Deep research and evidence synthesis,question and protocol design,duplicate records,PRISMA 2020 reporting guideline; Cochrane review handbook (current version index); Agent context-engineering skills,https://www.prisma-statement.org/prisma-2020; https://www.cochrane.org/authors/handbooks-and-manuals/handbook/current; https://github.com/muratcankoylan/agent-skills-for-context-engineering
deepresearch-question-and-protocol-design-incomplete-full-text,science-health-research,deep-research-and-evidence-synthesis,Deep research and evidence synthesis,question and protocol design,incomplete full text,PRISMA 2020 reporting guideline; Cochrane review handbook (current version index); Agent context-engineering skills,https://www.prisma-statement.org/prisma-2020; https://www.cochrane.org/authors/handbooks-and-manuals/handbook/current; https://github.com/muratcankoylan/agent-skills-for-context-engineering
deepresearch-question-and-protocol-design-mixed-study-designs,science-health-research,deep-research-and-evidence-synthesis,Deep research and evidence synthesis,question and protocol design,mixed study designs,PRISMA 2020 reporting guideline; Cochrane review handbook (current version index); Agent context-engineering skills,https://www.prisma-statement.org/prisma-2020; https://www.cochrane.org/authors/handbooks-and-manuals/handbook/current; https://github.com/muratcankoylan/agent-skills-for-context-engineering
deepresearch-question-and-protocol-design-conflicting-findings,science-health-research,deep-research-and-evidence-synthesis,Deep research and evidence synthesis,question and protocol design,conflicting findings,PRISMA 2020 reporting guideline; Cochrane review handbook (current version index); Agent context-engineering skills,https://www.prisma-statement.org/prisma-2020; https://www.cochrane.org/authors/handbooks-and-manuals/handbook/current; https://github.com/muratcankoylan/agent-skills-for-context-engineering
deepresearch-question-and-protocol-design-privacy-sensitive-material,science-health-research,deep-research-and-evidence-synthesis,Deep research and evidence synthesis,question and protocol design,privacy-sensitive material,PRISMA 2020 reporting guideline; Cochrane review handbook (current version index); Agent context-engineering skills,https://www.prisma-statement.org/prisma-2020; https://www.cochrane.org/authors/handbooks-and-manuals/handbook/current; https://github.com/muratcankoylan/agent-skills-for-context-engineering
deepresearch-question-and-protocol-design-reproducibility-and-audit,science-health-research,deep-research-and-evidence-synthesis,Deep research and evidence synthesis,question and protocol design,reproducibility and audit,PRISMA 2020 reporting guideline; Cochrane review handbook (current version index); Agent context-engineering skills,https://www.prisma-statement.org/prisma-2020; https://www.cochrane.org/authors/handbooks-and-manuals/handbook/current; https://github.com/muratcankoylan/agent-skills-for-context-engineering
deepresearch-reproducible-research-records-ambiguous-research-questions,science-health-research,deep-research-and-evidence-synthesis,Deep research and evidence synthesis,reproducible research records,ambiguous research questions,PRISMA 2020 reporting guideline; Cochrane review handbook (current version index); Agent context-engineering skills,https://www.prisma-statement.org/prisma-2020; https://www.cochrane.org/authors/handbooks-and-manuals/handbook/current; https://github.com/muratcankoylan/agent-skills-for-context-engineering
deepresearch-reproducible-research-records-rapidly-changing-evidence,science-health-research,deep-research-and-evidence-synthesis,Deep research and evidence synthesis,reproducible research records,rapidly changing evidence,PRISMA 2020 reporting guideline; Cochrane review handbook (current version index); Agent context-engineering skills,https://www.prisma-statement.org/prisma-2020; https://www.cochrane.org/authors/handbooks-and-manuals/handbook/current; https://github.com/muratcankoylan/agent-skills-for-context-engineering
deepresearch-reproducible-research-records-small-or-sparse-evidence-bases,science-health-research,deep-research-and-evidence-synthesis,Deep research and evidence synthesis,reproducible research records,small or sparse evidence bases,PRISMA 2020 reporting guideline; Cochrane review handbook (current version index); Agent context-engineering skills,https://www.prisma-statement.org/prisma-2020; https://www.cochrane.org/authors/handbooks-and-manuals/handbook/current; https://github.com/muratcankoylan/agent-skills-for-context-engineering
deepresearch-reproducible-research-records-duplicate-records,science-health-research,deep-research-and-evidence-synthesis,Deep research and evidence synthesis,reproducible research records,duplicate records,PRISMA 2020 reporting guideline; Cochrane review handbook (current version index); Agent context-engineering skills,https://www.prisma-statement.org/prisma-2020; https://www.cochrane.org/authors/handbooks-and-manuals/handbook/current; https://github.com/muratcankoylan/agent-skills-for-context-engineering
deepresearch-reproducible-research-records-incomplete-full-text,science-health-research,deep-research-and-evidence-synthesis,Deep research and evidence synthesis,reproducible research records,incomplete full text,PRISMA 2020 reporting guideline; Cochrane review handbook (current version index); Agent context-engineering skills,https://www.prisma-statement.org/prisma-2020; https://www.cochrane.org/authors/handbooks-and-manuals/handbook/current; https://github.com/muratcankoylan/agent-skills-for-context-engineering
deepresearch-reproducible-research-records-mixed-study-designs,science-health-research,deep-research-and-evidence-synthesis,Deep research and evidence synthesis,reproducible research records,mixed study designs,PRISMA 2020 reporting guideline; Cochrane review handbook (current version index); Agent context-engineering skills,https://www.prisma-statement.org/prisma-2020; https://www.cochrane.org/authors/handbooks-and-manuals/handbook/current; https://github.com/muratcankoylan/agent-skills-for-context-engineering
deepresearch-reproducible-research-records-conflicting-findings,science-health-research,deep-research-and-evidence-synthesis,Deep research and evidence synthesis,reproducible research records,conflicting findings,PRISMA 2020 reporting guideline; Cochrane review handbook (current version index); Agent context-engineering skills,https://www.prisma-statement.org/prisma-2020; https://www.cochrane.org/authors/handbooks-and-manuals/handbook/current; https://github.com/muratcankoylan/agent-skills-for-context-engineering
deepresearch-reproducible-research-records-privacy-sensitive-material,science-health-research,deep-research-and-evidence-synthesis,Deep research and evidence synthesis,reproducible research records,privacy-sensitive material,PRISMA 2020 reporting guideline; Cochrane review handbook (current version index); Agent context-engineering skills,https://www.prisma-statement.org/prisma-2020; https://www.cochrane.org/authors/handbooks-and-manuals/handbook/current; https://github.com/muratcankoylan/agent-skills-for-context-engineering
deepresearch-reproducible-research-records-reproducibility-and-audit,science-health-research,deep-research-and-evidence-synthesis,Deep research and evidence synthesis,reproducible research records,reproducibility and audit,PRISMA 2020 reporting guideline; Cochrane review handbook (current version index); Agent context-engineering skills,https://www.prisma-statement.org/prisma-2020; https://www.cochrane.org/authors/handbooks-and-manuals/handbook/current; https://github.com/muratcankoylan/agent-skills-for-context-engineering
patternlab-pattern-recognition-small-samples,data-analytics,pattern-recognition-and-machine-learning,Pattern recognition and applied machine learning,pattern recognition,small samples,scikit-learn clustering and evaluation guide; Agent context-engineering skills,https://scikit-learn.org/stable/modules/clustering.html; https://github.com/muratcankoylan/agent-skills-for-context-engineering
patternlab-pattern-recognition-missing-observations,data-analytics,pattern-recognition-and-machine-learning,Pattern recognition and applied machine learning,pattern recognition,missing observations,scikit-learn clustering and evaluation guide; Agent context-engineering skills,https://scikit-learn.org/stable/modules/clustering.html; https://github.com/muratcankoylan/agent-skills-for-context-engineering
patternlab-pattern-recognition-dataset-shift,data-analytics,pattern-recognition-and-machine-learning,Pattern recognition and applied machine learning,pattern recognition,dataset shift,scikit-learn clustering and evaluation guide; Agent context-engineering skills,https://scikit-learn.org/stable/modules/clustering.html; https://github.com/muratcankoylan/agent-skills-for-context-engineering
patternlab-pattern-recognition-measurement-uncertainty,data-analytics,pattern-recognition-and-machine-learning,Pattern recognition and applied machine learning,pattern recognition,measurement uncertainty,scikit-learn clustering and evaluation guide; Agent context-engineering skills,https://scikit-learn.org/stable/modules/clustering.html; https://github.com/muratcankoylan/agent-skills-for-context-engineering
patternlab-pattern-recognition-multiple-comparisons,data-analytics,pattern-recognition-and-machine-learning,Pattern recognition and applied machine learning,pattern recognition,multiple comparisons,scikit-learn clustering and evaluation guide; Agent context-engineering skills,https://scikit-learn.org/stable/modules/clustering.html; https://github.com/muratcankoylan/agent-skills-for-context-engineering
patternlab-pattern-recognition-source-disagreement,data-analytics,pattern-recognition-and-machine-learning,Pattern recognition and applied machine learning,pattern recognition,source disagreement,scikit-learn clustering and evaluation guide; Agent context-engineering skills,https://scikit-learn.org/stable/modules/clustering.html; https://github.com/muratcankoylan/agent-skills-for-context-engineering
patternlab-pattern-recognition-privacy-constraints,data-analytics,pattern-recognition-and-machine-learning,Pattern recognition and applied machine learning,pattern recognition,privacy constraints,scikit-learn clustering and evaluation guide; Agent context-engineering skills,https://scikit-learn.org/stable/modules/clustering.html; https://github.com/muratcankoylan/agent-skills-for-context-engineering
patternlab-pattern-recognition-external-validation,data-analytics,pattern-recognition-and-machine-learning,Pattern recognition and applied machine learning,pattern recognition,external validation,scikit-learn clustering and evaluation guide; Agent context-engineering skills,https://scikit-learn.org/stable/modules/clustering.html; https://github.com/muratcankoylan/agent-skills-for-context-engineering
patternlab-pattern-recognition-reproducibility,data-analytics,pattern-recognition-and-machine-learning,Pattern recognition and applied machine learning,pattern recognition,reproducibility,scikit-learn clustering and evaluation guide; Agent context-engineering skills,https://scikit-learn.org/stable/modules/clustering.html; https://github.com/muratcankoylan/agent-skills-for-context-engineering
patternlab-anomaly-detection-small-samples,data-analytics,pattern-recognition-and-machine-learning,Pattern recognition and applied machine learning,anomaly detection,small samples,scikit-learn clustering and evaluation guide; Agent context-engineering skills,https://scikit-learn.org/stable/modules/clustering.html; https://github.com/muratcankoylan/agent-skills-for-context-engineering
patternlab-anomaly-detection-missing-observations,data-analytics,pattern-recognition-and-machine-learning,Pattern recognition and applied machine learning,anomaly detection,missing observations,scikit-learn clustering and evaluation guide; Agent context-engineering skills,https://scikit-learn.org/stable/modules/clustering.html; https://github.com/muratcankoylan/agent-skills-for-context-engineering
patternlab-anomaly-detection-dataset-shift,data-analytics,pattern-recognition-and-machine-learning,Pattern recognition and applied machine learning,anomaly detection,dataset shift,scikit-learn clustering and evaluation guide; Agent context-engineering skills,https://scikit-learn.org/stable/modules/clustering.html; https://github.com/muratcankoylan/agent-skills-for-context-engineering
patternlab-anomaly-detection-measurement-uncertainty,data-analytics,pattern-recognition-and-machine-learning,Pattern recognition and applied machine learning,anomaly detection,measurement uncertainty,scikit-learn clustering and evaluation guide; Agent context-engineering skills,https://scikit-learn.org/stable/modules/clustering.html; https://github.com/muratcankoylan/agent-skills-for-context-engineering
patternlab-anomaly-detection-multiple-comparisons,data-analytics,pattern-recognition-and-machine-learning,Pattern recognition and applied machine learning,anomaly detection,multiple comparisons,scikit-learn clustering and evaluation guide; Agent context-engineering skills,https://scikit-learn.org/stable/modules/clustering.html; https://github.com/muratcankoylan/agent-skills-for-context-engineering
patternlab-anomaly-detection-source-disagreement,data-analytics,pattern-recognition-and-machine-learning,Pattern recognition and applied machine learning,anomaly detection,source disagreement,scikit-learn clustering and evaluation guide; Agent context-engineering skills,https://scikit-learn.org/stable/modules/clustering.html; https://github.com/muratcankoylan/agent-skills-for-context-engineering
patternlab-anomaly-detection-privacy-constraints,data-analytics,pattern-recognition-and-machine-learning,Pattern recognition and applied machine learning,anomaly detection,privacy constraints,scikit-learn clustering and evaluation guide; Agent context-engineering skills,https://scikit-learn.org/stable/modules/clustering.html; https://github.com/muratcankoylan/agent-skills-for-context-engineering
patternlab-anomaly-detection-external-validation,data-analytics,pattern-recognition-and-machine-learning,Pattern recognition and applied machine learning,anomaly detection,external validation,scikit-learn clustering and evaluation guide; Agent context-engineering skills,https://scikit-learn.org/stable/modules/clustering.html; https://github.com/muratcankoylan/agent-skills-for-context-engineering
patternlab-anomaly-detection-reproducibility,data-analytics,pattern-recognition-and-machine-learning,Pattern recognition and applied machine learning,anomaly detection,reproducibility,scikit-learn clustering and evaluation guide; Agent context-engineering skills,https://scikit-learn.org/stable/modules/clustering.html; https://github.com/muratcankoylan/agent-skills-for-context-engineering
patternlab-time-series-analysis-small-samples,data-analytics,pattern-recognition-and-machine-learning,Pattern recognition and applied machine learning,time-series analysis,small samples,scikit-learn clustering and evaluation guide; Agent context-engineering skills,https://scikit-learn.org/stable/modules/clustering.html; https://github.com/muratcankoylan/agent-skills-for-context-engineering
patternlab-time-series-analysis-missing-observations,data-analytics,pattern-recognition-and-machine-learning,Pattern recognition and applied machine learning,time-series analysis,missing observations,scikit-learn clustering and evaluation guide; Agent context-engineering skills,https://scikit-learn.org/stable/modules/clustering.html; https://github.com/muratcankoylan/agent-skills-for-context-engineering
patternlab-time-series-analysis-dataset-shift,data-analytics,pattern-recognition-and-machine-learning,Pattern recognition and applied machine learning,time-series analysis,dataset shift,scikit-learn clustering and evaluation guide; Agent context-engineering skills,https://scikit-learn.org/stable/modules/clustering.html; https://github.com/muratcankoylan/agent-skills-for-context-engineering
patternlab-time-series-analysis-measurement-uncertainty,data-analytics,pattern-recognition-and-machine-learning,Pattern recognition and applied machine learning,time-series analysis,measurement uncertainty,scikit-learn clustering and evaluation guide; Agent context-engineering skills,https://scikit-learn.org/stable/modules/clustering.html; https://github.com/muratcankoylan/agent-skills-for-context-engineering
patternlab-time-series-analysis-multiple-comparisons,data-analytics,pattern-recognition-and-machine-learning,Pattern recognition and applied machine learning,time-series analysis,multiple comparisons,scikit-learn clustering and evaluation guide; Agent context-engineering skills,https://scikit-learn.org/stable/modules/clustering.html; https://github.com/muratcankoylan/agent-skills-for-context-engineering
patternlab-time-series-analysis-source-disagreement,data-analytics,pattern-recognition-and-machine-learning,Pattern recognition and applied machine learning,time-series analysis,source disagreement,scikit-learn clustering and evaluation guide; Agent context-engineering skills,https://scikit-learn.org/stable/modules/clustering.html; https://github.com/muratcankoylan/agent-skills-for-context-engineering
patternlab-time-series-analysis-privacy-constraints,data-analytics,pattern-recognition-and-machine-learning,Pattern recognition and applied machine learning,time-series analysis,privacy constraints,scikit-learn clustering and evaluation guide; Agent context-engineering skills,https://scikit-learn.org/stable/modules/clustering.html; https://github.com/muratcankoylan/agent-skills-for-context-engineering
patternlab-time-series-analysis-external-validation,data-analytics,pattern-recognition-and-machine-learning,Pattern recognition and applied machine learning,time-series analysis,external validation,scikit-learn clustering and evaluation guide; Agent context-engineering skills,https://scikit-learn.org/stable/modules/clustering.html; https://github.com/muratcankoylan/agent-skills-for-context-engineering
patternlab-time-series-analysis-reproducibility,data-analytics,pattern-recognition-and-machine-learning,Pattern recognition and applied machine learning,time-series analysis,reproducibility,scikit-learn clustering and evaluation guide; Agent context-engineering skills,https://scikit-learn.org/stable/modules/clustering.html; https://github.com/muratcankoylan/agent-skills-for-context-engineering
patternlab-classification-evaluation-small-samples,data-analytics,pattern-recognition-and-machine-learning,Pattern recognition and applied machine learning,classification evaluation,small samples,scikit-learn clustering and evaluation guide; Agent context-engineering skills,https://scikit-learn.org/stable/modules/clustering.html; https://github.com/muratcankoylan/agent-skills-for-context-engineering
patternlab-classification-evaluation-missing-observations,data-analytics,pattern-recognition-and-machine-learning,Pattern recognition and applied machine learning,classification evaluation,missing observations,scikit-learn clustering and evaluation guide; Agent context-engineering skills,https://scikit-learn.org/stable/modules/clustering.html; https://github.com/muratcankoylan/agent-skills-for-context-engineering
patternlab-classification-evaluation-dataset-shift,data-analytics,pattern-recognition-and-machine-learning,Pattern recognition and applied machine learning,classification evaluation,dataset shift,scikit-learn clustering and evaluation guide; Agent context-engineering skills,https://scikit-learn.org/stable/modules/clustering.html; https://github.com/muratcankoylan/agent-skills-for-context-engineering
patternlab-classification-evaluation-measurement-uncertainty,data-analytics,pattern-recognition-and-machine-learning,Pattern recognition and applied machine learning,classification evaluation,measurement uncertainty,scikit-learn clustering and evaluation guide; Agent context-engineering skills,https://scikit-learn.org/stable/modules/clustering.html; https://github.com/muratcankoylan/agent-skills-for-context-engineering
patternlab-classification-evaluation-multiple-comparisons,data-analytics,pattern-recognition-and-machine-learning,Pattern recognition and applied machine learning,classification evaluation,multiple comparisons,scikit-learn clustering and evaluation guide; Agent context-engineering skills,https://scikit-learn.org/stable/modules/clustering.html; https://github.com/muratcankoylan/agent-skills-for-context-engineering
patternlab-classification-evaluation-source-disagreement,data-analytics,pattern-recognition-and-machine-learning,Pattern recognition and applied machine learning,classification evaluation,source disagreement,scikit-learn clustering and evaluation guide; Agent context-engineering skills,https://scikit-learn.org/stable/modules/clustering.html; https://github.com/muratcankoylan/agent-skills-for-context-engineering
patternlab-classification-evaluation-privacy-constraints,data-analytics,pattern-recognition-and-machine-learning,Pattern recognition and applied machine learning,classification evaluation,privacy constraints,scikit-learn clustering and evaluation guide; Agent context-engineering skills,https://scikit-learn.org/stable/modules/clustering.html; https://github.com/muratcankoylan/agent-skills-for-context-engineering
patternlab-classification-evaluation-external-validation,data-analytics,pattern-recognition-and-machine-learning,Pattern recognition and applied machine learning,classification evaluation,external validation,scikit-learn clustering and evaluation guide; Agent context-engineering skills,https://scikit-learn.org/stable/modules/clustering.html; https://github.com/muratcankoylan/agent-skills-for-context-engineering
patternlab-classification-evaluation-reproducibility,data-analytics,pattern-recognition-and-machine-learning,Pattern recognition and applied machine learning,classification evaluation,reproducibility,scikit-learn clustering and evaluation guide; Agent context-engineering skills,https://scikit-learn.org/stable/modules/clustering.html; https://github.com/muratcankoylan/agent-skills-for-context-engineering
patternlab-statistical-evidence-assessment-small-samples,data-analytics,pattern-recognition-and-machine-learning,Pattern recognition and applied machine learning,statistical evidence assessment,small samples,scikit-learn clustering and evaluation guide; Agent context-engineering skills,https://scikit-learn.org/stable/modules/clustering.html; https://github.com/muratcankoylan/agent-skills-for-context-engineering
patternlab-statistical-evidence-assessment-missing-observations,data-analytics,pattern-recognition-and-machine-learning,Pattern recognition and applied machine learning,statistical evidence assessment,missing observations,scikit-learn clustering and evaluation guide; Agent context-engineering skills,https://scikit-learn.org/stable/modules/clustering.html; https://github.com/muratcankoylan/agent-skills-for-context-engineering
patternlab-statistical-evidence-assessment-dataset-shift,data-analytics,pattern-recognition-and-machine-learning,Pattern recognition and applied machine learning,statistical evidence assessment,dataset shift,scikit-learn clustering and evaluation guide; Agent context-engineering skills,https://scikit-learn.org/stable/modules/clustering.html; https://github.com/muratcankoylan/agent-skills-for-context-engineering
patternlab-statistical-evidence-assessment-measurement-uncertainty,data-analytics,pattern-recognition-and-machine-learning,Pattern recognition and applied machine learning,statistical evidence assessment,measurement uncertainty,scikit-learn clustering and evaluation guide; Agent context-engineering skills,https://scikit-learn.org/stable/modules/clustering.html; https://github.com/muratcankoylan/agent-skills-for-context-engineering
patternlab-statistical-evidence-assessment-multiple-comparisons,data-analytics,pattern-recognition-and-machine-learning,Pattern recognition and applied machine learning,statistical evidence assessment,multiple comparisons,scikit-learn clustering and evaluation guide; Agent context-engineering skills,https://scikit-learn.org/stable/modules/clustering.html; https://github.com/muratcankoylan/agent-skills-for-context-engineering
patternlab-statistical-evidence-assessment-source-disagreement,data-analytics,pattern-recognition-and-machine-learning,Pattern recognition and applied machine learning,statistical evidence assessment,source disagreement,scikit-learn clustering and evaluation guide; Agent context-engineering skills,https://scikit-learn.org/stable/modules/clustering.html; https://github.com/muratcankoylan/agent-skills-for-context-engineering
patternlab-statistical-evidence-assessment-privacy-constraints,data-analytics,pattern-recognition-and-machine-learning,Pattern recognition and applied machine learning,statistical evidence assessment,privacy constraints,scikit-learn clustering and evaluation guide; Agent context-engineering skills,https://scikit-learn.org/stable/modules/clustering.html; https://github.com/muratcankoylan/agent-skills-for-context-engineering
patternlab-statistical-evidence-assessment-external-validation,data-analytics,pattern-recognition-and-machine-learning,Pattern recognition and applied machine learning,statistical evidence assessment,external validation,scikit-learn clustering and evaluation guide; Agent context-engineering skills,https://scikit-learn.org/stable/modules/clustering.html; https://github.com/muratcankoylan/agent-skills-for-context-engineering
patternlab-statistical-evidence-assessment-reproducibility,data-analytics,pattern-recognition-and-machine-learning,Pattern recognition and applied machine learning,statistical evidence assessment,reproducibility,scikit-learn clustering and evaluation guide; Agent context-engineering skills,https://scikit-learn.org/stable/modules/clustering.html; https://github.com/muratcankoylan/agent-skills-for-context-engineering
pcblab-schematic-capture-density-constraints,engineering-industry,pcb-electronics-design,PCB and electronics design,schematic capture,density constraints,KiCad MCP Pro skills and server; KiCad skills and workflows; KiCad 9 Getting Started documentation; KiCad PCB Editor documentation,https://github.com/oaslananka/kicad-mcp-pro; https://github.com/mash/kicad-skills; https://docs.kicad.org/9.0/en/getting_started_in_kicad/getting_started_in_kicad.html; https://docs.kicad.org/10.0/en/pcbnew/pcbnew.html
pcblab-schematic-capture-high-speed-interfaces,engineering-industry,pcb-electronics-design,PCB and electronics design,schematic capture,high-speed interfaces,KiCad MCP Pro skills and server; KiCad skills and workflows; KiCad 9 Getting Started documentation; KiCad PCB Editor documentation,https://github.com/oaslananka/kicad-mcp-pro; https://github.com/mash/kicad-skills; https://docs.kicad.org/9.0/en/getting_started_in_kicad/getting_started_in_kicad.html; https://docs.kicad.org/10.0/en/pcbnew/pcbnew.html
pcblab-schematic-capture-low-noise-analog,engineering-industry,pcb-electronics-design,PCB and electronics design,schematic capture,low-noise analog,KiCad MCP Pro skills and server; KiCad skills and workflows; KiCad 9 Getting Started documentation; KiCad PCB Editor documentation,https://github.com/oaslananka/kicad-mcp-pro; https://github.com/mash/kicad-skills; https://docs.kicad.org/9.0/en/getting_started_in_kicad/getting_started_in_kicad.html; https://docs.kicad.org/10.0/en/pcbnew/pcbnew.html
pcblab-schematic-capture-power-integrity,engineering-industry,pcb-electronics-design,PCB and electronics design,schematic capture,power integrity,KiCad MCP Pro skills and server; KiCad skills and workflows; KiCad 9 Getting Started documentation; KiCad PCB Editor documentation,https://github.com/oaslananka/kicad-mcp-pro; https://github.com/mash/kicad-skills; https://docs.kicad.org/9.0/en/getting_started_in_kicad/getting_started_in_kicad.html; https://docs.kicad.org/10.0/en/pcbnew/pcbnew.html
pcblab-schematic-capture-emc-pre-compliance,engineering-industry,pcb-electronics-design,PCB and electronics design,schematic capture,EMC pre-compliance,KiCad MCP Pro skills and server; KiCad skills and workflows; KiCad 9 Getting Started documentation; KiCad PCB Editor documentation,https://github.com/oaslananka/kicad-mcp-pro; https://github.com/mash/kicad-skills; https://docs.kicad.org/9.0/en/getting_started_in_kicad/getting_started_in_kicad.html; https://docs.kicad.org/10.0/en/pcbnew/pcbnew.html
pcblab-schematic-capture-design-rule-changes,engineering-industry,pcb-electronics-design,PCB and electronics design,schematic capture,design-rule changes,KiCad MCP Pro skills and server; KiCad skills and workflows; KiCad 9 Getting Started documentation; KiCad PCB Editor documentation,https://github.com/oaslananka/kicad-mcp-pro; https://github.com/mash/kicad-skills; https://docs.kicad.org/9.0/en/getting_started_in_kicad/getting_started_in_kicad.html; https://docs.kicad.org/10.0/en/pcbnew/pcbnew.html
pcblab-schematic-capture-alternate-parts,engineering-industry,pcb-electronics-design,PCB and electronics design,schematic capture,alternate parts,KiCad MCP Pro skills and server; KiCad skills and workflows; KiCad 9 Getting Started documentation; KiCad PCB Editor documentation,https://github.com/oaslananka/kicad-mcp-pro; https://github.com/mash/kicad-skills; https://docs.kicad.org/9.0/en/getting_started_in_kicad/getting_started_in_kicad.html; https://docs.kicad.org/10.0/en/pcbnew/pcbnew.html
pcblab-schematic-capture-assembly-access,engineering-industry,pcb-electronics-design,PCB and electronics design,schematic capture,assembly access,KiCad MCP Pro skills and server; KiCad skills and workflows; KiCad 9 Getting Started documentation; KiCad PCB Editor documentation,https://github.com/oaslananka/kicad-mcp-pro; https://github.com/mash/kicad-skills; https://docs.kicad.org/9.0/en/getting_started_in_kicad/getting_started_in_kicad.html; https://docs.kicad.org/10.0/en/pcbnew/pcbnew.html
pcblab-schematic-capture-manufacturing-capability,engineering-industry,pcb-electronics-design,PCB and electronics design,schematic capture,manufacturing capability,KiCad MCP Pro skills and server; KiCad skills and workflows; KiCad 9 Getting Started documentation; KiCad PCB Editor documentation,https://github.com/oaslananka/kicad-mcp-pro; https://github.com/mash/kicad-skills; https://docs.kicad.org/9.0/en/getting_started_in_kicad/getting_started_in_kicad.html; https://docs.kicad.org/10.0/en/pcbnew/pcbnew.html
pcblab-schematic-capture-revision-release,engineering-industry,pcb-electronics-design,PCB and electronics design,schematic capture,revision release,KiCad MCP Pro skills and server; KiCad skills and workflows; KiCad 9 Getting Started documentation; KiCad PCB Editor documentation,https://github.com/oaslananka/kicad-mcp-pro; https://github.com/mash/kicad-skills; https://docs.kicad.org/9.0/en/getting_started_in_kicad/getting_started_in_kicad.html; https://docs.kicad.org/10.0/en/pcbnew/pcbnew.html
pcblab-component-and-bill-of-material-review-density-constraints,engineering-industry,pcb-electronics-design,PCB and electronics design,component and bill-of-material review,density constraints,KiCad MCP Pro skills and server; KiCad skills and workflows; KiCad 9 Getting Started documentation; KiCad PCB Editor documentation,https://github.com/oaslananka/kicad-mcp-pro; https://github.com/mash/kicad-skills; https://docs.kicad.org/9.0/en/getting_started_in_kicad/getting_started_in_kicad.html; https://docs.kicad.org/10.0/en/pcbnew/pcbnew.html
pcblab-component-and-bill-of-material-review-high-speed-interfaces,engineering-industry,pcb-electronics-design,PCB and electronics design,component and bill-of-material review,high-speed interfaces,KiCad MCP Pro skills and server; KiCad skills and workflows; KiCad 9 Getting Started documentation; KiCad PCB Editor documentation,https://github.com/oaslananka/kicad-mcp-pro; https://github.com/mash/kicad-skills; https://docs.kicad.org/9.0/en/getting_started_in_kicad/getting_started_in_kicad.html; https://docs.kicad.org/10.0/en/pcbnew/pcbnew.html
pcblab-component-and-bill-of-material-review-low-noise-analog,engineering-industry,pcb-electronics-design,PCB and electronics design,component and bill-of-material review,low-noise analog,KiCad MCP Pro skills and server; KiCad skills and workflows; KiCad 9 Getting Started documentation; KiCad PCB Editor documentation,https://github.com/oaslananka/kicad-mcp-pro; https://github.com/mash/kicad-skills; https://docs.kicad.org/9.0/en/getting_started_in_kicad/getting_started_in_kicad.html; https://docs.kicad.org/10.0/en/pcbnew/pcbnew.html
pcblab-component-and-bill-of-material-review-power-integrity,engineering-industry,pcb-electronics-design,PCB and electronics design,component and bill-of-material review,power integrity,KiCad MCP Pro skills and server; KiCad skills and workflows; KiCad 9 Getting Started documentation; KiCad PCB Editor documentation,https://github.com/oaslananka/kicad-mcp-pro; https://github.com/mash/kicad-skills; https://docs.kicad.org/9.0/en/getting_started_in_kicad/getting_started_in_kicad.html; https://docs.kicad.org/10.0/en/pcbnew/pcbnew.html
pcblab-component-and-bill-of-material-review-emc-pre-compliance,engineering-industry,pcb-electronics-design,PCB and electronics design,component and bill-of-material review,EMC pre-compliance,KiCad MCP Pro skills and server; KiCad skills and workflows; KiCad 9 Getting Started documentation; KiCad PCB Editor documentation,https://github.com/oaslananka/kicad-mcp-pro; https://github.com/mash/kicad-skills; https://docs.kicad.org/9.0/en/getting_started_in_kicad/getting_started_in_kicad.html; https://docs.kicad.org/10.0/en/pcbnew/pcbnew.html
pcblab-component-and-bill-of-material-review-design-rule-changes,engineering-industry,pcb-electronics-design,PCB and electronics design,component and bill-of-material review,design-rule changes,KiCad MCP Pro skills and server; KiCad skills and workflows; KiCad 9 Getting Started documentation; KiCad PCB Editor documentation,https://github.com/oaslananka/kicad-mcp-pro; https://github.com/mash/kicad-skills; https://docs.kicad.org/9.0/en/getting_started_in_kicad/getting_started_in_kicad.html; https://docs.kicad.org/10.0/en/pcbnew/pcbnew.html
pcblab-component-and-bill-of-material-review-alternate-parts,engineering-industry,pcb-electronics-design,PCB and electronics design,component and bill-of-material review,alternate parts,KiCad MCP Pro skills and server; KiCad skills and workflows; KiCad 9 Getting Started documentation; KiCad PCB Editor documentation,https://github.com/oaslananka/kicad-mcp-pro; https://github.com/mash/kicad-skills; https://docs.kicad.org/9.0/en/getting_started_in_kicad/getting_started_in_kicad.html; https://docs.kicad.org/10.0/en/pcbnew/pcbnew.html
pcblab-component-and-bill-of-material-review-assembly-access,engineering-industry,pcb-electronics-design,PCB and electronics design,component and bill-of-material review,assembly access,KiCad MCP Pro skills and server; KiCad skills and workflows; KiCad 9 Getting Started documentation; KiCad PCB Editor documentation,https://github.com/oaslananka/kicad-mcp-pro; https://github.com/mash/kicad-skills; https://docs.kicad.org/9.0/en/getting_started_in_kicad/getting_started_in_kicad.html; https://docs.kicad.org/10.0/en/pcbnew/pcbnew.html
pcblab-component-and-bill-of-material-review-manufacturing-capability,engineering-industry,pcb-electronics-design,PCB and electronics design,component and bill-of-material review,manufacturing capability,KiCad MCP Pro skills and server; KiCad skills and workflows; KiCad 9 Getting Started documentation; KiCad PCB Editor documentation,https://github.com/oaslananka/kicad-mcp-pro; https://github.com/mash/kicad-skills; https://docs.kicad.org/9.0/en/getting_started_in_kicad/getting_started_in_kicad.html; https://docs.kicad.org/10.0/en/pcbnew/pcbnew.html
pcblab-component-and-bill-of-material-review-revision-release,engineering-industry,pcb-electronics-design,PCB and electronics design,component and bill-of-material review,revision release,KiCad MCP Pro skills and server; KiCad skills and workflows; KiCad 9 Getting Started documentation; KiCad PCB Editor documentation,https://github.com/oaslananka/kicad-mcp-pro; https://github.com/mash/kicad-skills; https://docs.kicad.org/9.0/en/getting_started_in_kicad/getting_started_in_kicad.html; https://docs.kicad.org/10.0/en/pcbnew/pcbnew.html
pcblab-board-placement-density-constraints,engineering-industry,pcb-electronics-design,PCB and electronics design,board placement,density constraints,KiCad MCP Pro skills and server; KiCad skills and workflows; KiCad 9 Getting Started documentation; KiCad PCB Editor documentation,https://github.com/oaslananka/kicad-mcp-pro; https://github.com/mash/kicad-skills; https://docs.kicad.org/9.0/en/getting_started_in_kicad/getting_started_in_kicad.html; https://docs.kicad.org/10.0/en/pcbnew/pcbnew.html
pcblab-board-placement-high-speed-interfaces,engineering-industry,pcb-electronics-design,PCB and electronics design,board placement,high-speed interfaces,KiCad MCP Pro skills and server; KiCad skills and workflows; KiCad 9 Getting Started documentation; KiCad PCB Editor documentation,https://github.com/oaslananka/kicad-mcp-pro; https://github.com/mash/kicad-skills; https://docs.kicad.org/9.0/en/getting_started_in_kicad/getting_started_in_kicad.html; https://docs.kicad.org/10.0/en/pcbnew/pcbnew.html
pcblab-board-placement-low-noise-analog,engineering-industry,pcb-electronics-design,PCB and electronics design,board placement,low-noise analog,KiCad MCP Pro skills and server; KiCad skills and workflows; KiCad 9 Getting Started documentation; KiCad PCB Editor documentation,https://github.com/oaslananka/kicad-mcp-pro; https://github.com/mash/kicad-skills; https://docs.kicad.org/9.0/en/getting_started_in_kicad/getting_started_in_kicad.html; https://docs.kicad.org/10.0/en/pcbnew/pcbnew.html
pcblab-board-placement-power-integrity,engineering-industry,pcb-electronics-design,PCB and electronics design,board placement,power integrity,KiCad MCP Pro skills and server; KiCad skills and workflows; KiCad 9 Getting Started documentation; KiCad PCB Editor documentation,https://github.com/oaslananka/kicad-mcp-pro; https://github.com/mash/kicad-skills; https://docs.kicad.org/9.0/en/getting_started_in_kicad/getting_started_in_kicad.html; https://docs.kicad.org/10.0/en/pcbnew/pcbnew.html
pcblab-board-placement-emc-pre-compliance,engineering-industry,pcb-electronics-design,PCB and electronics design,board placement,EMC pre-compliance,KiCad MCP Pro skills and server; KiCad skills and workflows; KiCad 9 Getting Started documentation; KiCad PCB Editor documentation,https://github.com/oaslananka/kicad-mcp-pro; https://github.com/mash/kicad-skills; https://docs.kicad.org/9.0/en/getting_started_in_kicad/getting_started_in_kicad.html; https://docs.kicad.org/10.0/en/pcbnew/pcbnew.html
pcblab-board-placement-design-rule-changes,engineering-industry,pcb-electronics-design,PCB and electronics design,board placement,design-rule changes,KiCad MCP Pro skills and server; KiCad skills and workflows; KiCad 9 Getting Started documentation; KiCad PCB Editor documentation,https://github.com/oaslananka/kicad-mcp-pro; https://github.com/mash/kicad-skills; https://docs.kicad.org/9.0/en/getting_started_in_kicad/getting_started_in_kicad.html; https://docs.kicad.org/10.0/en/pcbnew/pcbnew.html
pcblab-board-placement-alternate-parts,engineering-industry,pcb-electronics-design,PCB and electronics design,board placement,alternate parts,KiCad MCP Pro skills and server; KiCad skills and workflows; KiCad 9 Getting Started documentation; KiCad PCB Editor documentation,https://github.com/oaslananka/kicad-mcp-pro; https://github.com/mash/kicad-skills; https://docs.kicad.org/9.0/en/getting_started_in_kicad/getting_started_in_kicad.html; https://docs.kicad.org/10.0/en/pcbnew/pcbnew.html
pcblab-board-placement-assembly-access,engineering-industry,pcb-electronics-design,PCB and electronics design,board placement,assembly access,KiCad MCP Pro skills and server; KiCad skills and workflows; KiCad 9 Getting Started documentation; KiCad PCB Editor documentation,https://github.com/oaslananka/kicad-mcp-pro; https://github.com/mash/kicad-skills; https://docs.kicad.org/9.0/en/getting_started_in_kicad/getting_started_in_kicad.html; https://docs.kicad.org/10.0/en/pcbnew/pcbnew.html
pcblab-board-placement-manufacturing-capability,engineering-industry,pcb-electronics-design,PCB and electronics design,board placement,manufacturing capability,KiCad MCP Pro skills and server; KiCad skills and workflows; KiCad 9 Getting Started documentation; KiCad PCB Editor documentation,https://github.com/oaslananka/kicad-mcp-pro; https://github.com/mash/kicad-skills; https://docs.kicad.org/9.0/en/getting_started_in_kicad/getting_started_in_kicad.html; https://docs.kicad.org/10.0/en/pcbnew/pcbnew.html
pcblab-board-placement-revision-release,engineering-industry,pcb-electronics-design,PCB and electronics design,board placement,revision release,KiCad MCP Pro skills and server; KiCad skills and workflows; KiCad 9 Getting Started documentation; KiCad PCB Editor documentation,https://github.com/oaslananka/kicad-mcp-pro; https://github.com/mash/kicad-skills; https://docs.kicad.org/9.0/en/getting_started_in_kicad/getting_started_in_kicad.html; https://docs.kicad.org/10.0/en/pcbnew/pcbnew.html
pcblab-signal-routing-density-constraints,engineering-industry,pcb-electronics-design,PCB and electronics design,signal routing,density constraints,KiCad MCP Pro skills and server; KiCad skills and workflows; KiCad 9 Getting Started documentation; KiCad PCB Editor documentation,https://github.com/oaslananka/kicad-mcp-pro; https://github.com/mash/kicad-skills; https://docs.kicad.org/9.0/en/getting_started_in_kicad/getting_started_in_kicad.html; https://docs.kicad.org/10.0/en/pcbnew/pcbnew.html
pcblab-signal-routing-high-speed-interfaces,engineering-industry,pcb-electronics-design,PCB and electronics design,signal routing,high-speed interfaces,KiCad MCP Pro skills and server; KiCad skills and workflows; KiCad 9 Getting Started documentation; KiCad PCB Editor documentation,https://github.com/oaslananka/kicad-mcp-pro; https://github.com/mash/kicad-skills; https://docs.kicad.org/9.0/en/getting_started_in_kicad/getting_started_in_kicad.html; https://docs.kicad.org/10.0/en/pcbnew/pcbnew.html
pcblab-signal-routing-low-noise-analog,engineering-industry,pcb-electronics-design,PCB and electronics design,signal routing,low-noise analog,KiCad MCP Pro skills and server; KiCad skills and workflows; KiCad 9 Getting Started documentation; KiCad PCB Editor documentation,https://github.com/oaslananka/kicad-mcp-pro; https://github.com/mash/kicad-skills; https://docs.kicad.org/9.0/en/getting_started_in_kicad/getting_started_in_kicad.html; https://docs.kicad.org/10.0/en/pcbnew/pcbnew.html
pcblab-signal-routing-power-integrity,engineering-industry,pcb-electronics-design,PCB and electronics design,signal routing,power integrity,KiCad MCP Pro skills and server; KiCad skills and workflows; KiCad 9 Getting Started documentation; KiCad PCB Editor documentation,https://github.com/oaslananka/kicad-mcp-pro; https://github.com/mash/kicad-skills; https://docs.kicad.org/9.0/en/getting_started_in_kicad/getting_started_in_kicad.html; https://docs.kicad.org/10.0/en/pcbnew/pcbnew.html
pcblab-signal-routing-emc-pre-compliance,engineering-industry,pcb-electronics-design,PCB and electronics design,signal routing,EMC pre-compliance,KiCad MCP Pro skills and server; KiCad skills and workflows; KiCad 9 Getting Started documentation; KiCad PCB Editor documentation,https://github.com/oaslananka/kicad-mcp-pro; https://github.com/mash/kicad-skills; https://docs.kicad.org/9.0/en/getting_started_in_kicad/getting_started_in_kicad.html; https://docs.kicad.org/10.0/en/pcbnew/pcbnew.html
pcblab-signal-routing-design-rule-changes,engineering-industry,pcb-electronics-design,PCB and electronics design,signal routing,design-rule changes,KiCad MCP Pro skills and server; KiCad skills and workflows; KiCad 9 Getting Started documentation; KiCad PCB Editor documentation,https://github.com/oaslananka/kicad-mcp-pro; https://github.com/mash/kicad-skills; https://docs.kicad.org/9.0/en/getting_started_in_kicad/getting_started_in_kicad.html; https://docs.kicad.org/10.0/en/pcbnew/pcbnew.html
pcblab-signal-routing-alternate-parts,engineering-industry,pcb-electronics-design,PCB and electronics design,signal routing,alternate parts,KiCad MCP Pro skills and server; KiCad skills and workflows; KiCad 9 Getting Started documentation; KiCad PCB Editor documentation,https://github.com/oaslananka/kicad-mcp-pro; https://github.com/mash/kicad-skills; https://docs.kicad.org/9.0/en/getting_started_in_kicad/getting_started_in_kicad.html; https://docs.kicad.org/10.0/en/pcbnew/pcbnew.html
pcblab-signal-routing-assembly-access,engineering-industry,pcb-electronics-design,PCB and electronics design,signal routing,assembly access,KiCad MCP Pro skills and server; KiCad skills and workflows; KiCad 9 Getting Started documentation; KiCad PCB Editor documentation,https://github.com/oaslananka/kicad-mcp-pro; https://github.com/mash/kicad-skills; https://docs.kicad.org/9.0/en/getting_started_in_kicad/getting_started_in_kicad.html; https://docs.kicad.org/10.0/en/pcbnew/pcbnew.html
pcblab-signal-routing-manufacturing-capability,engineering-industry,pcb-electronics-design,PCB and electronics design,signal routing,manufacturing capability,KiCad MCP Pro skills and server; KiCad skills and workflows; KiCad 9 Getting Started documentation; KiCad PCB Editor documentation,https://github.com/oaslananka/kicad-mcp-pro; https://github.com/mash/kicad-skills; https://docs.kicad.org/9.0/en/getting_started_in_kicad/getting_started_in_kicad.html; https://docs.kicad.org/10.0/en/pcbnew/pcbnew.html
pcblab-signal-routing-revision-release,engineering-industry,pcb-electronics-design,PCB and electronics design,signal routing,revision release,KiCad MCP Pro skills and server; KiCad skills and workflows; KiCad 9 Getting Started documentation; KiCad PCB Editor documentation,https://github.com/oaslananka/kicad-mcp-pro; https://github.com/mash/kicad-skills; https://docs.kicad.org/9.0/en/getting_started_in_kicad/getting_started_in_kicad.html; https://docs.kicad.org/10.0/en/pcbnew/pcbnew.html
pcblab-stackup-and-impedance-density-constraints,engineering-industry,pcb-electronics-design,PCB and electronics design,stackup and impedance,density constraints,KiCad MCP Pro skills and server; KiCad skills and workflows; KiCad 9 Getting Started documentation; KiCad PCB Editor documentation,https://github.com/oaslananka/kicad-mcp-pro; https://github.com/mash/kicad-skills; https://docs.kicad.org/9.0/en/getting_started_in_kicad/getting_started_in_kicad.html; https://docs.kicad.org/10.0/en/pcbnew/pcbnew.html
pcblab-stackup-and-impedance-high-speed-interfaces,engineering-industry,pcb-electronics-design,PCB and electronics design,stackup and impedance,high-speed interfaces,KiCad MCP Pro skills and server; KiCad skills and workflows; KiCad 9 Getting Started documentation; KiCad PCB Editor documentation,https://github.com/oaslananka/kicad-mcp-pro; https://github.com/mash/kicad-skills; https://docs.kicad.org/9.0/en/getting_started_in_kicad/getting_started_in_kicad.html; https://docs.kicad.org/10.0/en/pcbnew/pcbnew.html
pcblab-stackup-and-impedance-low-noise-analog,engineering-industry,pcb-electronics-design,PCB and electronics design,stackup and impedance,low-noise analog,KiCad MCP Pro skills and server; KiCad skills and workflows; KiCad 9 Getting Started documentation; KiCad PCB Editor documentation,https://github.com/oaslananka/kicad-mcp-pro; https://github.com/mash/kicad-skills; https://docs.kicad.org/9.0/en/getting_started_in_kicad/getting_started_in_kicad.html; https://docs.kicad.org/10.0/en/pcbnew/pcbnew.html
pcblab-stackup-and-impedance-power-integrity,engineering-industry,pcb-electronics-design,PCB and electronics design,stackup and impedance,power integrity,KiCad MCP Pro skills and server; KiCad skills and workflows; KiCad 9 Getting Started documentation; KiCad PCB Editor documentation,https://github.com/oaslananka/kicad-mcp-pro; https://github.com/mash/kicad-skills; https://docs.kicad.org/9.0/en/getting_started_in_kicad/getting_started_in_kicad.html; https://docs.kicad.org/10.0/en/pcbnew/pcbnew.html
pcblab-stackup-and-impedance-emc-pre-compliance,engineering-industry,pcb-electronics-design,PCB and electronics design,stackup and impedance,EMC pre-compliance,KiCad MCP Pro skills and server; KiCad skills and workflows; KiCad 9 Getting Started documentation; KiCad PCB Editor documentation,https://github.com/oaslananka/kicad-mcp-pro; https://github.com/mash/kicad-skills; https://docs.kicad.org/9.0/en/getting_started_in_kicad/getting_started_in_kicad.html; https://docs.kicad.org/10.0/en/pcbnew/pcbnew.html
pcblab-stackup-and-impedance-design-rule-changes,engineering-industry,pcb-electronics-design,PCB and electronics design,stackup and impedance,design-rule changes,KiCad MCP Pro skills and server; KiCad skills and workflows; KiCad 9 Getting Started documentation; KiCad PCB Editor documentation,https://github.com/oaslananka/kicad-mcp-pro; https://github.com/mash/kicad-skills; https://docs.kicad.org/9.0/en/getting_started_in_kicad/getting_started_in_kicad.html; https://docs.kicad.org/10.0/en/pcbnew/pcbnew.html
pcblab-stackup-and-impedance-alternate-parts,engineering-industry,pcb-electronics-design,PCB and electronics design,stackup and impedance,alternate parts,KiCad MCP Pro skills and server; KiCad skills and workflows; KiCad 9 Getting Started documentation; KiCad PCB Editor documentation,https://github.com/oaslananka/kicad-mcp-pro; https://github.com/mash/kicad-skills; https://docs.kicad.org/9.0/en/getting_started_in_kicad/getting_started_in_kicad.html; https://docs.kicad.org/10.0/en/pcbnew/pcbnew.html
pcblab-stackup-and-impedance-assembly-access,engineering-industry,pcb-electronics-design,PCB and electronics design,stackup and impedance,assembly access,KiCad MCP Pro skills and server; KiCad skills and workflows; KiCad 9 Getting Started documentation; KiCad PCB Editor documentation,https://github.com/oaslananka/kicad-mcp-pro; https://github.com/mash/kicad-skills; https://docs.kicad.org/9.0/en/getting_started_in_kicad/getting_started_in_kicad.html; https://docs.kicad.org/10.0/en/pcbnew/pcbnew.html
pcblab-stackup-and-impedance-manufacturing-capability,engineering-industry,pcb-electronics-design,PCB and electronics design,stackup and impedance,manufacturing capability,KiCad MCP Pro skills and server; KiCad skills and workflows; KiCad 9 Getting Started documentation; KiCad PCB Editor documentation,https://github.com/oaslananka/kicad-mcp-pro; https://github.com/mash/kicad-skills; https://docs.kicad.org/9.0/en/getting_started_in_kicad/getting_started_in_kicad.html; https://docs.kicad.org/10.0/en/pcbnew/pcbnew.html
pcblab-stackup-and-impedance-revision-release,engineering-industry,pcb-electronics-design,PCB and electronics design,stackup and impedance,revision release,KiCad MCP Pro skills and server; KiCad skills and workflows; KiCad 9 Getting Started documentation; KiCad PCB Editor documentation,https://github.com/oaslananka/kicad-mcp-pro; https://github.com/mash/kicad-skills; https://docs.kicad.org/9.0/en/getting_started_in_kicad/getting_started_in_kicad.html; https://docs.kicad.org/10.0/en/pcbnew/pcbnew.html
pcblab-power-and-thermal-design-density-constraints,engineering-industry,pcb-electronics-design,PCB and electronics design,power and thermal design,density constraints,KiCad MCP Pro skills and server; KiCad skills and workflows; KiCad 9 Getting Started documentation; KiCad PCB Editor documentation,https://github.com/oaslananka/kicad-mcp-pro; https://github.com/mash/kicad-skills; https://docs.kicad.org/9.0/en/getting_started_in_kicad/getting_started_in_kicad.html; https://docs.kicad.org/10.0/en/pcbnew/pcbnew.html
pcblab-power-and-thermal-design-high-speed-interfaces,engineering-industry,pcb-electronics-design,PCB and electronics design,power and thermal design,high-speed interfaces,KiCad MCP Pro skills and server; KiCad skills and workflows; KiCad 9 Getting Started documentation; KiCad PCB Editor documentation,https://github.com/oaslananka/kicad-mcp-pro; https://github.com/mash/kicad-skills; https://docs.kicad.org/9.0/en/getting_started_in_kicad/getting_started_in_kicad.html; https://docs.kicad.org/10.0/en/pcbnew/pcbnew.html
pcblab-power-and-thermal-design-low-noise-analog,engineering-industry,pcb-electronics-design,PCB and electronics design,power and thermal design,low-noise analog,KiCad MCP Pro skills and server; KiCad skills and workflows; KiCad 9 Getting Started documentation; KiCad PCB Editor documentation,https://github.com/oaslananka/kicad-mcp-pro; https://github.com/mash/kicad-skills; https://docs.kicad.org/9.0/en/getting_started_in_kicad/getting_started_in_kicad.html; https://docs.kicad.org/10.0/en/pcbnew/pcbnew.html
pcblab-power-and-thermal-design-power-integrity,engineering-industry,pcb-electronics-design,PCB and electronics design,power and thermal design,power integrity,KiCad MCP Pro skills and server; KiCad skills and workflows; KiCad 9 Getting Started documentation; KiCad PCB Editor documentation,https://github.com/oaslananka/kicad-mcp-pro; https://github.com/mash/kicad-skills; https://docs.kicad.org/9.0/en/getting_started_in_kicad/getting_started_in_kicad.html; https://docs.kicad.org/10.0/en/pcbnew/pcbnew.html
pcblab-power-and-thermal-design-emc-pre-compliance,engineering-industry,pcb-electronics-design,PCB and electronics design,power and thermal design,EMC pre-compliance,KiCad MCP Pro skills and server; KiCad skills and workflows; KiCad 9 Getting Started documentation; KiCad PCB Editor documentation,https://github.com/oaslananka/kicad-mcp-pro; https://github.com/mash/kicad-skills; https://docs.kicad.org/9.0/en/getting_started_in_kicad/getting_started_in_kicad.html; https://docs.kicad.org/10.0/en/pcbnew/pcbnew.html
pcblab-power-and-thermal-design-design-rule-changes,engineering-industry,pcb-electronics-design,PCB and electronics design,power and thermal design,design-rule changes,KiCad MCP Pro skills and server; KiCad skills and workflows; KiCad 9 Getting Started documentation; KiCad PCB Editor documentation,https://github.com/oaslananka/kicad-mcp-pro; https://github.com/mash/kicad-skills; https://docs.kicad.org/9.0/en/getting_started_in_kicad/getting_started_in_kicad.html; https://docs.kicad.org/10.0/en/pcbnew/pcbnew.html
pcblab-power-and-thermal-design-alternate-parts,engineering-industry,pcb-electronics-design,PCB and electronics design,power and thermal design,alternate parts,KiCad MCP Pro skills and server; KiCad skills and workflows; KiCad 9 Getting Started documentation; KiCad PCB Editor documentation,https://github.com/oaslananka/kicad-mcp-pro; https://github.com/mash/kicad-skills; https://docs.kicad.org/9.0/en/getting_started_in_kicad/getting_started_in_kicad.html; https://docs.kicad.org/10.0/en/pcbnew/pcbnew.html
pcblab-power-and-thermal-design-assembly-access,engineering-industry,pcb-electronics-design,PCB and electronics design,power and thermal design,assembly access,KiCad MCP Pro skills and server; KiCad skills and workflows; KiCad 9 Getting Started documentation; KiCad PCB Editor documentation,https://github.com/oaslananka/kicad-mcp-pro; https://github.com/mash/kicad-skills; https://docs.kicad.org/9.0/en/getting_started_in_kicad/getting_started_in_kicad.html; https://docs.kicad.org/10.0/en/pcbnew/pcbnew.html
pcblab-power-and-thermal-design-manufacturing-capability,engineering-industry,pcb-electronics-design,PCB and electronics design,power and thermal design,manufacturing capability,KiCad MCP Pro skills and server; KiCad skills and workflows; KiCad 9 Getting Started documentation; KiCad PCB Editor documentation,https://github.com/oaslananka/kicad-mcp-pro; https://github.com/mash/kicad-skills; https://docs.kicad.org/9.0/en/getting_started_in_kicad/getting_started_in_kicad.html; https://docs.kicad.org/10.0/en/pcbnew/pcbnew.html
pcblab-power-and-thermal-design-revision-release,engineering-industry,pcb-electronics-design,PCB and electronics design,power and thermal design,revision release,KiCad MCP Pro skills and server; KiCad skills and workflows; KiCad 9 Getting Started documentation; KiCad PCB Editor documentation,https://github.com/oaslananka/kicad-mcp-pro; https://github.com/mash/kicad-skills; https://docs.kicad.org/9.0/en/getting_started_in_kicad/getting_started_in_kicad.html; https://docs.kicad.org/10.0/en/pcbnew/pcbnew.html
pcblab-fabrication-package-density-constraints,engineering-industry,pcb-electronics-design,PCB and electronics design,fabrication package,density constraints,KiCad MCP Pro skills and server; KiCad skills and workflows; KiCad 9 Getting Started documentation; KiCad PCB Editor documentation,https://github.com/oaslananka/kicad-mcp-pro; https://github.com/mash/kicad-skills; https://docs.kicad.org/9.0/en/getting_started_in_kicad/getting_started_in_kicad.html; https://docs.kicad.org/10.0/en/pcbnew/pcbnew.html
pcblab-fabrication-package-high-speed-interfaces,engineering-industry,pcb-electronics-design,PCB and electronics design,fabrication package,high-speed interfaces,KiCad MCP Pro skills and server; KiCad skills and workflows; KiCad 9 Getting Started documentation; KiCad PCB Editor documentation,https://github.com/oaslananka/kicad-mcp-pro; https://github.com/mash/kicad-skills; https://docs.kicad.org/9.0/en/getting_started_in_kicad/getting_started_in_kicad.html; https://docs.kicad.org/10.0/en/pcbnew/pcbnew.html
pcblab-fabrication-package-low-noise-analog,engineering-industry,pcb-electronics-design,PCB and electronics design,fabrication package,low-noise analog,KiCad MCP Pro skills and server; KiCad skills and workflows; KiCad 9 Getting Started documentation; KiCad PCB Editor documentation,https://github.com/oaslananka/kicad-mcp-pro; https://github.com/mash/kicad-skills; https://docs.kicad.org/9.0/en/getting_started_in_kicad/getting_started_in_kicad.html; https://docs.kicad.org/10.0/en/pcbnew/pcbnew.html
pcblab-fabrication-package-power-integrity,engineering-industry,pcb-electronics-design,PCB and electronics design,fabrication package,power integrity,KiCad MCP Pro skills and server; KiCad skills and workflows; KiCad 9 Getting Started documentation; KiCad PCB Editor documentation,https://github.com/oaslananka/kicad-mcp-pro; https://github.com/mash/kicad-skills; https://docs.kicad.org/9.0/en/getting_started_in_kicad/getting_started_in_kicad.html; https://docs.kicad.org/10.0/en/pcbnew/pcbnew.html
pcblab-fabrication-package-emc-pre-compliance,engineering-industry,pcb-electronics-design,PCB and electronics design,fabrication package,EMC pre-compliance,KiCad MCP Pro skills and server; KiCad skills and workflows; KiCad 9 Getting Started documentation; KiCad PCB Editor documentation,https://github.com/oaslananka/kicad-mcp-pro; https://github.com/mash/kicad-skills; https://docs.kicad.org/9.0/en/getting_started_in_kicad/getting_started_in_kicad.html; https://docs.kicad.org/10.0/en/pcbnew/pcbnew.html
pcblab-fabrication-package-design-rule-changes,engineering-industry,pcb-electronics-design,PCB and electronics design,fabrication package,design-rule changes,KiCad MCP Pro skills and server; KiCad skills and workflows; KiCad 9 Getting Started documentation; KiCad PCB Editor documentation,https://github.com/oaslananka/kicad-mcp-pro; https://github.com/mash/kicad-skills; https://docs.kicad.org/9.0/en/getting_started_in_kicad/getting_started_in_kicad.html; https://docs.kicad.org/10.0/en/pcbnew/pcbnew.html
pcblab-fabrication-package-alternate-parts,engineering-industry,pcb-electronics-design,PCB and electronics design,fabrication package,alternate parts,KiCad MCP Pro skills and server; KiCad skills and workflows; KiCad 9 Getting Started documentation; KiCad PCB Editor documentation,https://github.com/oaslananka/kicad-mcp-pro; https://github.com/mash/kicad-skills; https://docs.kicad.org/9.0/en/getting_started_in_kicad/getting_started_in_kicad.html; https://docs.kicad.org/10.0/en/pcbnew/pcbnew.html
pcblab-fabrication-package-assembly-access,engineering-industry,pcb-electronics-design,PCB and electronics design,fabrication package,assembly access,KiCad MCP Pro skills and server; KiCad skills and workflows; KiCad 9 Getting Started documentation; KiCad PCB Editor documentation,https://github.com/oaslananka/kicad-mcp-pro; https://github.com/mash/kicad-skills; https://docs.kicad.org/9.0/en/getting_started_in_kicad/getting_started_in_kicad.html; https://docs.kicad.org/10.0/en/pcbnew/pcbnew.html
pcblab-fabrication-package-manufacturing-capability,engineering-industry,pcb-electronics-design,PCB and electronics design,fabrication package,manufacturing capability,KiCad MCP Pro skills and server; KiCad skills and workflows; KiCad 9 Getting Started documentation; KiCad PCB Editor documentation,https://github.com/oaslananka/kicad-mcp-pro; https://github.com/mash/kicad-skills; https://docs.kicad.org/9.0/en/getting_started_in_kicad/getting_started_in_kicad.html; https://docs.kicad.org/10.0/en/pcbnew/pcbnew.html
pcblab-fabrication-package-revision-release,engineering-industry,pcb-electronics-design,PCB and electronics design,fabrication package,revision release,KiCad MCP Pro skills and server; KiCad skills and workflows; KiCad 9 Getting Started documentation; KiCad PCB Editor documentation,https://github.com/oaslananka/kicad-mcp-pro; https://github.com/mash/kicad-skills; https://docs.kicad.org/9.0/en/getting_started_in_kicad/getting_started_in_kicad.html; https://docs.kicad.org/10.0/en/pcbnew/pcbnew.html
residentiallab-whole-home-space-planning-small-footprints,engineering-industry,residential-home-design,Residential and home design,whole-home space planning,small footprints,Construction-agent skill catalog; Interior and exterior design skill catalog,https://github.com/datadrivenconstruction/DDC_Skills_for_AI_Agents_in_Construction; https://github.com/MeltFlexDevs/skills
residentiallab-whole-home-space-planning-multigenerational-households,engineering-industry,residential-home-design,Residential and home design,whole-home space planning,multigenerational households,Construction-agent skill catalog; Interior and exterior design skill catalog,https://github.com/datadrivenconstruction/DDC_Skills_for_AI_Agents_in_Construction; https://github.com/MeltFlexDevs/skills
residentiallab-whole-home-space-planning-aging-in-place,engineering-industry,residential-home-design,Residential and home design,whole-home space planning,aging in place,Construction-agent skill catalog; Interior and exterior design skill catalog,https://github.com/datadrivenconstruction/DDC_Skills_for_AI_Agents_in_Construction; https://github.com/MeltFlexDevs/skills
residentiallab-whole-home-space-planning-daylight-and-privacy,engineering-industry,residential-home-design,Residential and home design,whole-home space planning,daylight and privacy,Construction-agent skill catalog; Interior and exterior design skill catalog,https://github.com/datadrivenconstruction/DDC_Skills_for_AI_Agents_in_Construction; https://github.com/MeltFlexDevs/skills
residentiallab-whole-home-space-planning-storage-constraints,engineering-industry,residential-home-design,Residential and home design,whole-home space planning,storage constraints,Construction-agent skill catalog; Interior and exterior design skill catalog,https://github.com/datadrivenconstruction/DDC_Skills_for_AI_Agents_in_Construction; https://github.com/MeltFlexDevs/skills
residentiallab-whole-home-space-planning-limited-budgets,engineering-industry,residential-home-design,Residential and home design,whole-home space planning,limited budgets,Construction-agent skill catalog; Interior and exterior design skill catalog,https://github.com/datadrivenconstruction/DDC_Skills_for_AI_Agents_in_Construction; https://github.com/MeltFlexDevs/skills
residentiallab-whole-home-space-planning-renovation-phasing,engineering-industry,residential-home-design,Residential and home design,whole-home space planning,renovation phasing,Construction-agent skill catalog; Interior and exterior design skill catalog,https://github.com/datadrivenconstruction/DDC_Skills_for_AI_Agents_in_Construction; https://github.com/MeltFlexDevs/skills
residentiallab-whole-home-space-planning-hot-humid-climates,engineering-industry,residential-home-design,Residential and home design,whole-home space planning,hot-humid climates,Construction-agent skill catalog; Interior and exterior design skill catalog,https://github.com/datadrivenconstruction/DDC_Skills_for_AI_Agents_in_Construction; https://github.com/MeltFlexDevs/skills
residentiallab-whole-home-space-planning-energy-efficiency,engineering-industry,residential-home-design,Residential and home design,whole-home space planning,energy efficiency,Construction-agent skill catalog; Interior and exterior design skill catalog,https://github.com/datadrivenconstruction/DDC_Skills_for_AI_Agents_in_Construction; https://github.com/MeltFlexDevs/skills
residentiallab-whole-home-space-planning-local-code-review,engineering-industry,residential-home-design,Residential and home design,whole-home space planning,local code review,Construction-agent skill catalog; Interior and exterior design skill catalog,https://github.com/datadrivenconstruction/DDC_Skills_for_AI_Agents_in_Construction; https://github.com/MeltFlexDevs/skills
residentiallab-kitchen-layout-small-footprints,engineering-industry,residential-home-design,Residential and home design,kitchen layout,small footprints,Construction-agent skill catalog; Interior and exterior design skill catalog,https://github.com/datadrivenconstruction/DDC_Skills_for_AI_Agents_in_Construction; https://github.com/MeltFlexDevs/skills
residentiallab-kitchen-layout-multigenerational-households,engineering-industry,residential-home-design,Residential and home design,kitchen layout,multigenerational households,Construction-agent skill catalog; Interior and exterior design skill catalog,https://github.com/datadrivenconstruction/DDC_Skills_for_AI_Agents_in_Construction; https://github.com/MeltFlexDevs/skills
residentiallab-kitchen-layout-aging-in-place,engineering-industry,residential-home-design,Residential and home design,kitchen layout,aging in place,Construction-agent skill catalog; Interior and exterior design skill catalog,https://github.com/datadrivenconstruction/DDC_Skills_for_AI_Agents_in_Construction; https://github.com/MeltFlexDevs/skills
residentiallab-kitchen-layout-daylight-and-privacy,engineering-industry,residential-home-design,Residential and home design,kitchen layout,daylight and privacy,Construction-agent skill catalog; Interior and exterior design skill catalog,https://github.com/datadrivenconstruction/DDC_Skills_for_AI_Agents_in_Construction; https://github.com/MeltFlexDevs/skills
residentiallab-kitchen-layout-storage-constraints,engineering-industry,residential-home-design,Residential and home design,kitchen layout,storage constraints,Construction-agent skill catalog; Interior and exterior design skill catalog,https://github.com/datadrivenconstruction/DDC_Skills_for_AI_Agents_in_Construction; https://github.com/MeltFlexDevs/skills
residentiallab-kitchen-layout-limited-budgets,engineering-industry,residential-home-design,Residential and home design,kitchen layout,limited budgets,Construction-agent skill catalog; Interior and exterior design skill catalog,https://github.com/datadrivenconstruction/DDC_Skills_for_AI_Agents_in_Construction; https://github.com/MeltFlexDevs/skills
residentiallab-kitchen-layout-renovation-phasing,engineering-industry,residential-home-design,Residential and home design,kitchen layout,renovation phasing,Construction-agent skill catalog; Interior and exterior design skill catalog,https://github.com/datadrivenconstruction/DDC_Skills_for_AI_Agents_in_Construction; https://github.com/MeltFlexDevs/skills
residentiallab-kitchen-layout-hot-humid-climates,engineering-industry,residential-home-design,Residential and home design,kitchen layout,hot-humid climates,Construction-agent skill catalog; Interior and exterior design skill catalog,https://github.com/datadrivenconstruction/DDC_Skills_for_AI_Agents_in_Construction; https://github.com/MeltFlexDevs/skills
residentiallab-kitchen-layout-energy-efficiency,engineering-industry,residential-home-design,Residential and home design,kitchen layout,energy efficiency,Construction-agent skill catalog; Interior and exterior design skill catalog,https://github.com/datadrivenconstruction/DDC_Skills_for_AI_Agents_in_Construction; https://github.com/MeltFlexDevs/skills
residentiallab-kitchen-layout-local-code-review,engineering-industry,residential-home-design,Residential and home design,kitchen layout,local code review,Construction-agent skill catalog; Interior and exterior design skill catalog,https://github.com/datadrivenconstruction/DDC_Skills_for_AI_Agents_in_Construction; https://github.com/MeltFlexDevs/skills
residentiallab-bathroom-planning-small-footprints,engineering-industry,residential-home-design,Residential and home design,bathroom planning,small footprints,Construction-agent skill catalog; Interior and exterior design skill catalog,https://github.com/datadrivenconstruction/DDC_Skills_for_AI_Agents_in_Construction; https://github.com/MeltFlexDevs/skills
residentiallab-bathroom-planning-multigenerational-households,engineering-industry,residential-home-design,Residential and home design,bathroom planning,multigenerational households,Construction-agent skill catalog; Interior and exterior design skill catalog,https://github.com/datadrivenconstruction/DDC_Skills_for_AI_Agents_in_Construction; https://github.com/MeltFlexDevs/skills
residentiallab-bathroom-planning-aging-in-place,engineering-industry,residential-home-design,Residential and home design,bathroom planning,aging in place,Construction-agent skill catalog; Interior and exterior design skill catalog,https://github.com/datadrivenconstruction/DDC_Skills_for_AI_Agents_in_Construction; https://github.com/MeltFlexDevs/skills
residentiallab-bathroom-planning-daylight-and-privacy,engineering-industry,residential-home-design,Residential and home design,bathroom planning,daylight and privacy,Construction-agent skill catalog; Interior and exterior design skill catalog,https://github.com/datadrivenconstruction/DDC_Skills_for_AI_Agents_in_Construction; https://github.com/MeltFlexDevs/skills
residentiallab-bathroom-planning-storage-constraints,engineering-industry,residential-home-design,Residential and home design,bathroom planning,storage constraints,Construction-agent skill catalog; Interior and exterior design skill catalog,https://github.com/datadrivenconstruction/DDC_Skills_for_AI_Agents_in_Construction; https://github.com/MeltFlexDevs/skills
residentiallab-bathroom-planning-limited-budgets,engineering-industry,residential-home-design,Residential and home design,bathroom planning,limited budgets,Construction-agent skill catalog; Interior and exterior design skill catalog,https://github.com/datadrivenconstruction/DDC_Skills_for_AI_Agents_in_Construction; https://github.com/MeltFlexDevs/skills
residentiallab-bathroom-planning-renovation-phasing,engineering-industry,residential-home-design,Residential and home design,bathroom planning,renovation phasing,Construction-agent skill catalog; Interior and exterior design skill catalog,https://github.com/datadrivenconstruction/DDC_Skills_for_AI_Agents_in_Construction; https://github.com/MeltFlexDevs/skills
residentiallab-bathroom-planning-hot-humid-climates,engineering-industry,residential-home-design,Residential and home design,bathroom planning,hot-humid climates,Construction-agent skill catalog; Interior and exterior design skill catalog,https://github.com/datadrivenconstruction/DDC_Skills_for_AI_Agents_in_Construction; https://github.com/MeltFlexDevs/skills
residentiallab-bathroom-planning-energy-efficiency,engineering-industry,residential-home-design,Residential and home design,bathroom planning,energy efficiency,Construction-agent skill catalog; Interior and exterior design skill catalog,https://github.com/datadrivenconstruction/DDC_Skills_for_AI_Agents_in_Construction; https://github.com/MeltFlexDevs/skills
residentiallab-bathroom-planning-local-code-review,engineering-industry,residential-home-design,Residential and home design,bathroom planning,local code review,Construction-agent skill catalog; Interior and exterior design skill catalog,https://github.com/datadrivenconstruction/DDC_Skills_for_AI_Agents_in_Construction; https://github.com/MeltFlexDevs/skills
residentiallab-home-office-design-small-footprints,engineering-industry,residential-home-design,Residential and home design,home-office design,small footprints,Construction-agent skill catalog; Interior and exterior design skill catalog,https://github.com/datadrivenconstruction/DDC_Skills_for_AI_Agents_in_Construction; https://github.com/MeltFlexDevs/skills
residentiallab-home-office-design-multigenerational-households,engineering-industry,residential-home-design,Residential and home design,home-office design,multigenerational households,Construction-agent skill catalog; Interior and exterior design skill catalog,https://github.com/datadrivenconstruction/DDC_Skills_for_AI_Agents_in_Construction; https://github.com/MeltFlexDevs/skills
residentiallab-home-office-design-aging-in-place,engineering-industry,residential-home-design,Residential and home design,home-office design,aging in place,Construction-agent skill catalog; Interior and exterior design skill catalog,https://github.com/datadrivenconstruction/DDC_Skills_for_AI_Agents_in_Construction; https://github.com/MeltFlexDevs/skills
residentiallab-home-office-design-daylight-and-privacy,engineering-industry,residential-home-design,Residential and home design,home-office design,daylight and privacy,Construction-agent skill catalog; Interior and exterior design skill catalog,https://github.com/datadrivenconstruction/DDC_Skills_for_AI_Agents_in_Construction; https://github.com/MeltFlexDevs/skills
residentiallab-home-office-design-storage-constraints,engineering-industry,residential-home-design,Residential and home design,home-office design,storage constraints,Construction-agent skill catalog; Interior and exterior design skill catalog,https://github.com/datadrivenconstruction/DDC_Skills_for_AI_Agents_in_Construction; https://github.com/MeltFlexDevs/skills
residentiallab-home-office-design-limited-budgets,engineering-industry,residential-home-design,Residential and home design,home-office design,limited budgets,Construction-agent skill catalog; Interior and exterior design skill catalog,https://github.com/datadrivenconstruction/DDC_Skills_for_AI_Agents_in_Construction; https://github.com/MeltFlexDevs/skills
residentiallab-home-office-design-renovation-phasing,engineering-industry,residential-home-design,Residential and home design,home-office design,renovation phasing,Construction-agent skill catalog; Interior and exterior design skill catalog,https://github.com/datadrivenconstruction/DDC_Skills_for_AI_Agents_in_Construction; https://github.com/MeltFlexDevs/skills
residentiallab-home-office-design-hot-humid-climates,engineering-industry,residential-home-design,Residential and home design,home-office design,hot-humid climates,Construction-agent skill catalog; Interior and exterior design skill catalog,https://github.com/datadrivenconstruction/DDC_Skills_for_AI_Agents_in_Construction; https://github.com/MeltFlexDevs/skills
residentiallab-home-office-design-energy-efficiency,engineering-industry,residential-home-design,Residential and home design,home-office design,energy efficiency,Construction-agent skill catalog; Interior and exterior design skill catalog,https://github.com/datadrivenconstruction/DDC_Skills_for_AI_Agents_in_Construction; https://github.com/MeltFlexDevs/skills
residentiallab-home-office-design-local-code-review,engineering-industry,residential-home-design,Residential and home design,home-office design,local code review,Construction-agent skill catalog; Interior and exterior design skill catalog,https://github.com/datadrivenconstruction/DDC_Skills_for_AI_Agents_in_Construction; https://github.com/MeltFlexDevs/skills
residentiallab-residential-lighting-small-footprints,engineering-industry,residential-home-design,Residential and home design,residential lighting,small footprints,Construction-agent skill catalog; Interior and exterior design skill catalog,https://github.com/datadrivenconstruction/DDC_Skills_for_AI_Agents_in_Construction; https://github.com/MeltFlexDevs/skills
residentiallab-residential-lighting-multigenerational-households,engineering-industry,residential-home-design,Residential and home design,residential lighting,multigenerational households,Construction-agent skill catalog; Interior and exterior design skill catalog,https://github.com/datadrivenconstruction/DDC_Skills_for_AI_Agents_in_Construction; https://github.com/MeltFlexDevs/skills
residentiallab-residential-lighting-aging-in-place,engineering-industry,residential-home-design,Residential and home design,residential lighting,aging in place,Construction-agent skill catalog; Interior and exterior design skill catalog,https://github.com/datadrivenconstruction/DDC_Skills_for_AI_Agents_in_Construction; https://github.com/MeltFlexDevs/skills
residentiallab-residential-lighting-daylight-and-privacy,engineering-industry,residential-home-design,Residential and home design,residential lighting,daylight and privacy,Construction-agent skill catalog; Interior and exterior design skill catalog,https://github.com/datadrivenconstruction/DDC_Skills_for_AI_Agents_in_Construction; https://github.com/MeltFlexDevs/skills
residentiallab-residential-lighting-storage-constraints,engineering-industry,residential-home-design,Residential and home design,residential lighting,storage constraints,Construction-agent skill catalog; Interior and exterior design skill catalog,https://github.com/datadrivenconstruction/DDC_Skills_for_AI_Agents_in_Construction; https://github.com/MeltFlexDevs/skills
residentiallab-residential-lighting-limited-budgets,engineering-industry,residential-home-design,Residential and home design,residential lighting,limited budgets,Construction-agent skill catalog; Interior and exterior design skill catalog,https://github.com/datadrivenconstruction/DDC_Skills_for_AI_Agents_in_Construction; https://github.com/MeltFlexDevs/skills
residentiallab-residential-lighting-renovation-phasing,engineering-industry,residential-home-design,Residential and home design,residential lighting,renovation phasing,Construction-agent skill catalog; Interior and exterior design skill catalog,https://github.com/datadrivenconstruction/DDC_Skills_for_AI_Agents_in_Construction; https://github.com/MeltFlexDevs/skills
residentiallab-residential-lighting-hot-humid-climates,engineering-industry,residential-home-design,Residential and home design,residential lighting,hot-humid climates,Construction-agent skill catalog; Interior and exterior design skill catalog,https://github.com/datadrivenconstruction/DDC_Skills_for_AI_Agents_in_Construction; https://github.com/MeltFlexDevs/skills
residentiallab-residential-lighting-energy-efficiency,engineering-industry,residential-home-design,Residential and home design,residential lighting,energy efficiency,Construction-agent skill catalog; Interior and exterior design skill catalog,https://github.com/datadrivenconstruction/DDC_Skills_for_AI_Agents_in_Construction; https://github.com/MeltFlexDevs/skills
residentiallab-residential-lighting-local-code-review,engineering-industry,residential-home-design,Residential and home design,residential lighting,local code review,Construction-agent skill catalog; Interior and exterior design skill catalog,https://github.com/datadrivenconstruction/DDC_Skills_for_AI_Agents_in_Construction; https://github.com/MeltFlexDevs/skills
residentiallab-materials-and-finishes-small-footprints,engineering-industry,residential-home-design,Residential and home design,materials and finishes,small footprints,Construction-agent skill catalog; Interior and exterior design skill catalog,https://github.com/datadrivenconstruction/DDC_Skills_for_AI_Agents_in_Construction; https://github.com/MeltFlexDevs/skills
residentiallab-materials-and-finishes-multigenerational-households,engineering-industry,residential-home-design,Residential and home design,materials and finishes,multigenerational households,Construction-agent skill catalog; Interior and exterior design skill catalog,https://github.com/datadrivenconstruction/DDC_Skills_for_AI_Agents_in_Construction; https://github.com/MeltFlexDevs/skills
residentiallab-materials-and-finishes-aging-in-place,engineering-industry,residential-home-design,Residential and home design,materials and finishes,aging in place,Construction-agent skill catalog; Interior and exterior design skill catalog,https://github.com/datadrivenconstruction/DDC_Skills_for_AI_Agents_in_Construction; https://github.com/MeltFlexDevs/skills
residentiallab-materials-and-finishes-daylight-and-privacy,engineering-industry,residential-home-design,Residential and home design,materials and finishes,daylight and privacy,Construction-agent skill catalog; Interior and exterior design skill catalog,https://github.com/datadrivenconstruction/DDC_Skills_for_AI_Agents_in_Construction; https://github.com/MeltFlexDevs/skills
residentiallab-materials-and-finishes-storage-constraints,engineering-industry,residential-home-design,Residential and home design,materials and finishes,storage constraints,Construction-agent skill catalog; Interior and exterior design skill catalog,https://github.com/datadrivenconstruction/DDC_Skills_for_AI_Agents_in_Construction; https://github.com/MeltFlexDevs/skills
residentiallab-materials-and-finishes-limited-budgets,engineering-industry,residential-home-design,Residential and home design,materials and finishes,limited budgets,Construction-agent skill catalog; Interior and exterior design skill catalog,https://github.com/datadrivenconstruction/DDC_Skills_for_AI_Agents_in_Construction; https://github.com/MeltFlexDevs/skills
residentiallab-materials-and-finishes-renovation-phasing,engineering-industry,residential-home-design,Residential and home design,materials and finishes,renovation phasing,Construction-agent skill catalog; Interior and exterior design skill catalog,https://github.com/datadrivenconstruction/DDC_Skills_for_AI_Agents_in_Construction; https://github.com/MeltFlexDevs/skills
residentiallab-materials-and-finishes-hot-humid-climates,engineering-industry,residential-home-design,Residential and home design,materials and finishes,hot-humid climates,Construction-agent skill catalog; Interior and exterior design skill catalog,https://github.com/datadrivenconstruction/DDC_Skills_for_AI_Agents_in_Construction; https://github.com/MeltFlexDevs/skills
residentiallab-materials-and-finishes-energy-efficiency,engineering-industry,residential-home-design,Residential and home design,materials and finishes,energy efficiency,Construction-agent skill catalog; Interior and exterior design skill catalog,https://github.com/datadrivenconstruction/DDC_Skills_for_AI_Agents_in_Construction; https://github.com/MeltFlexDevs/skills
residentiallab-materials-and-finishes-local-code-review,engineering-industry,residential-home-design,Residential and home design,materials and finishes,local code review,Construction-agent skill catalog; Interior and exterior design skill catalog,https://github.com/datadrivenconstruction/DDC_Skills_for_AI_Agents_in_Construction; https://github.com/MeltFlexDevs/skills
residentiallab-accessible-renovation-small-footprints,engineering-industry,residential-home-design,Residential and home design,accessible renovation,small footprints,Construction-agent skill catalog; Interior and exterior design skill catalog,https://github.com/datadrivenconstruction/DDC_Skills_for_AI_Agents_in_Construction; https://github.com/MeltFlexDevs/skills
residentiallab-accessible-renovation-multigenerational-households,engineering-industry,residential-home-design,Residential and home design,accessible renovation,multigenerational households,Construction-agent skill catalog; Interior and exterior design skill catalog,https://github.com/datadrivenconstruction/DDC_Skills_for_AI_Agents_in_Construction; https://github.com/MeltFlexDevs/skills
residentiallab-accessible-renovation-aging-in-place,engineering-industry,residential-home-design,Residential and home design,accessible renovation,aging in place,Construction-agent skill catalog; Interior and exterior design skill catalog,https://github.com/datadrivenconstruction/DDC_Skills_for_AI_Agents_in_Construction; https://github.com/MeltFlexDevs/skills
residentiallab-accessible-renovation-daylight-and-privacy,engineering-industry,residential-home-design,Residential and home design,accessible renovation,daylight and privacy,Construction-agent skill catalog; Interior and exterior design skill catalog,https://github.com/datadrivenconstruction/DDC_Skills_for_AI_Agents_in_Construction; https://github.com/MeltFlexDevs/skills
residentiallab-accessible-renovation-storage-constraints,engineering-industry,residential-home-design,Residential and home design,accessible renovation,storage constraints,Construction-agent skill catalog; Interior and exterior design skill catalog,https://github.com/datadrivenconstruction/DDC_Skills_for_AI_Agents_in_Construction; https://github.com/MeltFlexDevs/skills
residentiallab-accessible-renovation-limited-budgets,engineering-industry,residential-home-design,Residential and home design,accessible renovation,limited budgets,Construction-agent skill catalog; Interior and exterior design skill catalog,https://github.com/datadrivenconstruction/DDC_Skills_for_AI_Agents_in_Construction; https://github.com/MeltFlexDevs/skills
residentiallab-accessible-renovation-renovation-phasing,engineering-industry,residential-home-design,Residential and home design,accessible renovation,renovation phasing,Construction-agent skill catalog; Interior and exterior design skill catalog,https://github.com/datadrivenconstruction/DDC_Skills_for_AI_Agents_in_Construction; https://github.com/MeltFlexDevs/skills
residentiallab-accessible-renovation-hot-humid-climates,engineering-industry,residential-home-design,Residential and home design,accessible renovation,hot-humid climates,Construction-agent skill catalog; Interior and exterior design skill catalog,https://github.com/datadrivenconstruction/DDC_Skills_for_AI_Agents_in_Construction; https://github.com/MeltFlexDevs/skills
residentiallab-accessible-renovation-energy-efficiency,engineering-industry,residential-home-design,Residential and home design,accessible renovation,energy efficiency,Construction-agent skill catalog; Interior and exterior design skill catalog,https://github.com/datadrivenconstruction/DDC_Skills_for_AI_Agents_in_Construction; https://github.com/MeltFlexDevs/skills
residentiallab-accessible-renovation-local-code-review,engineering-industry,residential-home-design,Residential and home design,accessible renovation,local code review,Construction-agent skill catalog; Interior and exterior design skill catalog,https://github.com/datadrivenconstruction/DDC_Skills_for_AI_Agents_in_Construction; https://github.com/MeltFlexDevs/skills
blenderlab-hard-surface-modeling-product-visualization,creative-media-design,blender-3d-production,Blender and 3D production,hard-surface modeling,product visualization,Blender MCP skill project; Blender chain-loadable skills catalog; Blender Python API,https://github.com/jithinolickal/blender; https://github.com/RobLe3/cc-blender-skill/blob/main/plugin/README.md; https://docs.blender.org/api/current/
blenderlab-hard-surface-modeling-interior-scenes,creative-media-design,blender-3d-production,Blender and 3D production,hard-surface modeling,interior scenes,Blender MCP skill project; Blender chain-loadable skills catalog; Blender Python API,https://github.com/jithinolickal/blender; https://github.com/RobLe3/cc-blender-skill/blob/main/plugin/README.md; https://docs.blender.org/api/current/
blenderlab-hard-surface-modeling-architectural-massing,creative-media-design,blender-3d-production,Blender and 3D production,hard-surface modeling,architectural massing,Blender MCP skill project; Blender chain-loadable skills catalog; Blender Python API,https://github.com/jithinolickal/blender; https://github.com/RobLe3/cc-blender-skill/blob/main/plugin/README.md; https://docs.blender.org/api/current/
blenderlab-hard-surface-modeling-stylized-characters,creative-media-design,blender-3d-production,Blender and 3D production,hard-surface modeling,stylized characters,Blender MCP skill project; Blender chain-loadable skills catalog; Blender Python API,https://github.com/jithinolickal/blender; https://github.com/RobLe3/cc-blender-skill/blob/main/plugin/README.md; https://docs.blender.org/api/current/
blenderlab-hard-surface-modeling-organic-forms,creative-media-design,blender-3d-production,Blender and 3D production,hard-surface modeling,organic forms,Blender MCP skill project; Blender chain-loadable skills catalog; Blender Python API,https://github.com/jithinolickal/blender; https://github.com/RobLe3/cc-blender-skill/blob/main/plugin/README.md; https://docs.blender.org/api/current/
blenderlab-hard-surface-modeling-game-ready-assets,creative-media-design,blender-3d-production,Blender and 3D production,hard-surface modeling,game-ready assets,Blender MCP skill project; Blender chain-loadable skills catalog; Blender Python API,https://github.com/jithinolickal/blender; https://github.com/RobLe3/cc-blender-skill/blob/main/plugin/README.md; https://docs.blender.org/api/current/
blenderlab-hard-surface-modeling-motion-graphics,creative-media-design,blender-3d-production,Blender and 3D production,hard-surface modeling,motion graphics,Blender MCP skill project; Blender chain-loadable skills catalog; Blender Python API,https://github.com/jithinolickal/blender; https://github.com/RobLe3/cc-blender-skill/blob/main/plugin/README.md; https://docs.blender.org/api/current/
blenderlab-hard-surface-modeling-cad-imports,creative-media-design,blender-3d-production,Blender and 3D production,hard-surface modeling,CAD imports,Blender MCP skill project; Blender chain-loadable skills catalog; Blender Python API,https://github.com/jithinolickal/blender; https://github.com/RobLe3/cc-blender-skill/blob/main/plugin/README.md; https://docs.blender.org/api/current/
blenderlab-hard-surface-modeling-scene-versioning,creative-media-design,blender-3d-production,Blender and 3D production,hard-surface modeling,scene versioning,Blender MCP skill project; Blender chain-loadable skills catalog; Blender Python API,https://github.com/jithinolickal/blender; https://github.com/RobLe3/cc-blender-skill/blob/main/plugin/README.md; https://docs.blender.org/api/current/
blenderlab-hard-surface-modeling-render-budgets,creative-media-design,blender-3d-production,Blender and 3D production,hard-surface modeling,render budgets,Blender MCP skill project; Blender chain-loadable skills catalog; Blender Python API,https://github.com/jithinolickal/blender; https://github.com/RobLe3/cc-blender-skill/blob/main/plugin/README.md; https://docs.blender.org/api/current/
blenderlab-procedural-geometry-product-visualization,creative-media-design,blender-3d-production,Blender and 3D production,procedural geometry,product visualization,Blender MCP skill project; Blender chain-loadable skills catalog; Blender Python API,https://github.com/jithinolickal/blender; https://github.com/RobLe3/cc-blender-skill/blob/main/plugin/README.md; https://docs.blender.org/api/current/
blenderlab-procedural-geometry-interior-scenes,creative-media-design,blender-3d-production,Blender and 3D production,procedural geometry,interior scenes,Blender MCP skill project; Blender chain-loadable skills catalog; Blender Python API,https://github.com/jithinolickal/blender; https://github.com/RobLe3/cc-blender-skill/blob/main/plugin/README.md; https://docs.blender.org/api/current/
blenderlab-procedural-geometry-architectural-massing,creative-media-design,blender-3d-production,Blender and 3D production,procedural geometry,architectural massing,Blender MCP skill project; Blender chain-loadable skills catalog; Blender Python API,https://github.com/jithinolickal/blender; https://github.com/RobLe3/cc-blender-skill/blob/main/plugin/README.md; https://docs.blender.org/api/current/
blenderlab-procedural-geometry-stylized-characters,creative-media-design,blender-3d-production,Blender and 3D production,procedural geometry,stylized characters,Blender MCP skill project; Blender chain-loadable skills catalog; Blender Python API,https://github.com/jithinolickal/blender; https://github.com/RobLe3/cc-blender-skill/blob/main/plugin/README.md; https://docs.blender.org/api/current/
blenderlab-procedural-geometry-organic-forms,creative-media-design,blender-3d-production,Blender and 3D production,procedural geometry,organic forms,Blender MCP skill project; Blender chain-loadable skills catalog; Blender Python API,https://github.com/jithinolickal/blender; https://github.com/RobLe3/cc-blender-skill/blob/main/plugin/README.md; https://docs.blender.org/api/current/
blenderlab-procedural-geometry-game-ready-assets,creative-media-design,blender-3d-production,Blender and 3D production,procedural geometry,game-ready assets,Blender MCP skill project; Blender chain-loadable skills catalog; Blender Python API,https://github.com/jithinolickal/blender; https://github.com/RobLe3/cc-blender-skill/blob/main/plugin/README.md; https://docs.blender.org/api/current/
blenderlab-procedural-geometry-motion-graphics,creative-media-design,blender-3d-production,Blender and 3D production,procedural geometry,motion graphics,Blender MCP skill project; Blender chain-loadable skills catalog; Blender Python API,https://github.com/jithinolickal/blender; https://github.com/RobLe3/cc-blender-skill/blob/main/plugin/README.md; https://docs.blender.org/api/current/
blenderlab-procedural-geometry-cad-imports,creative-media-design,blender-3d-production,Blender and 3D production,procedural geometry,CAD imports,Blender MCP skill project; Blender chain-loadable skills catalog; Blender Python API,https://github.com/jithinolickal/blender; https://github.com/RobLe3/cc-blender-skill/blob/main/plugin/README.md; https://docs.blender.org/api/current/
blenderlab-procedural-geometry-scene-versioning,creative-media-design,blender-3d-production,Blender and 3D production,procedural geometry,scene versioning,Blender MCP skill project; Blender chain-loadable skills catalog; Blender Python API,https://github.com/jithinolickal/blender; https://github.com/RobLe3/cc-blender-skill/blob/main/plugin/README.md; https://docs.blender.org/api/current/
blenderlab-procedural-geometry-render-budgets,creative-media-design,blender-3d-production,Blender and 3D production,procedural geometry,render budgets,Blender MCP skill project; Blender chain-loadable skills catalog; Blender Python API,https://github.com/jithinolickal/blender; https://github.com/RobLe3/cc-blender-skill/blob/main/plugin/README.md; https://docs.blender.org/api/current/
blenderlab-materials-and-shading-product-visualization,creative-media-design,blender-3d-production,Blender and 3D production,materials and shading,product visualization,Blender MCP skill project; Blender chain-loadable skills catalog; Blender Python API,https://github.com/jithinolickal/blender; https://github.com/RobLe3/cc-blender-skill/blob/main/plugin/README.md; https://docs.blender.org/api/current/
blenderlab-materials-and-shading-interior-scenes,creative-media-design,blender-3d-production,Blender and 3D production,materials and shading,interior scenes,Blender MCP skill project; Blender chain-loadable skills catalog; Blender Python API,https://github.com/jithinolickal/blender; https://github.com/RobLe3/cc-blender-skill/blob/main/plugin/README.md; https://docs.blender.org/api/current/
blenderlab-materials-and-shading-architectural-massing,creative-media-design,blender-3d-production,Blender and 3D production,materials and shading,architectural massing,Blender MCP skill project; Blender chain-loadable skills catalog; Blender Python API,https://github.com/jithinolickal/blender; https://github.com/RobLe3/cc-blender-skill/blob/main/plugin/README.md; https://docs.blender.org/api/current/
blenderlab-materials-and-shading-stylized-characters,creative-media-design,blender-3d-production,Blender and 3D production,materials and shading,stylized characters,Blender MCP skill project; Blender chain-loadable skills catalog; Blender Python API,https://github.com/jithinolickal/blender; https://github.com/RobLe3/cc-blender-skill/blob/main/plugin/README.md; https://docs.blender.org/api/current/
blenderlab-materials-and-shading-organic-forms,creative-media-design,blender-3d-production,Blender and 3D production,materials and shading,organic forms,Blender MCP skill project; Blender chain-loadable skills catalog; Blender Python API,https://github.com/jithinolickal/blender; https://github.com/RobLe3/cc-blender-skill/blob/main/plugin/README.md; https://docs.blender.org/api/current/
blenderlab-materials-and-shading-game-ready-assets,creative-media-design,blender-3d-production,Blender and 3D production,materials and shading,game-ready assets,Blender MCP skill project; Blender chain-loadable skills catalog; Blender Python API,https://github.com/jithinolickal/blender; https://github.com/RobLe3/cc-blender-skill/blob/main/plugin/README.md; https://docs.blender.org/api/current/
blenderlab-materials-and-shading-motion-graphics,creative-media-design,blender-3d-production,Blender and 3D production,materials and shading,motion graphics,Blender MCP skill project; Blender chain-loadable skills catalog; Blender Python API,https://github.com/jithinolickal/blender; https://github.com/RobLe3/cc-blender-skill/blob/main/plugin/README.md; https://docs.blender.org/api/current/
blenderlab-materials-and-shading-cad-imports,creative-media-design,blender-3d-production,Blender and 3D production,materials and shading,CAD imports,Blender MCP skill project; Blender chain-loadable skills catalog; Blender Python API,https://github.com/jithinolickal/blender; https://github.com/RobLe3/cc-blender-skill/blob/main/plugin/README.md; https://docs.blender.org/api/current/
blenderlab-materials-and-shading-scene-versioning,creative-media-design,blender-3d-production,Blender and 3D production,materials and shading,scene versioning,Blender MCP skill project; Blender chain-loadable skills catalog; Blender Python API,https://github.com/jithinolickal/blender; https://github.com/RobLe3/cc-blender-skill/blob/main/plugin/README.md; https://docs.blender.org/api/current/
blenderlab-materials-and-shading-render-budgets,creative-media-design,blender-3d-production,Blender and 3D production,materials and shading,render budgets,Blender MCP skill project; Blender chain-loadable skills catalog; Blender Python API,https://github.com/jithinolickal/blender; https://github.com/RobLe3/cc-blender-skill/blob/main/plugin/README.md; https://docs.blender.org/api/current/
blenderlab-uv-and-texture-workflows-product-visualization,creative-media-design,blender-3d-production,Blender and 3D production,UV and texture workflows,product visualization,Blender MCP skill project; Blender chain-loadable skills catalog; Blender Python API,https://github.com/jithinolickal/blender; https://github.com/RobLe3/cc-blender-skill/blob/main/plugin/README.md; https://docs.blender.org/api/current/
blenderlab-uv-and-texture-workflows-interior-scenes,creative-media-design,blender-3d-production,Blender and 3D production,UV and texture workflows,interior scenes,Blender MCP skill project; Blender chain-loadable skills catalog; Blender Python API,https://github.com/jithinolickal/blender; https://github.com/RobLe3/cc-blender-skill/blob/main/plugin/README.md; https://docs.blender.org/api/current/
blenderlab-uv-and-texture-workflows-architectural-massing,creative-media-design,blender-3d-production,Blender and 3D production,UV and texture workflows,architectural massing,Blender MCP skill project; Blender chain-loadable skills catalog; Blender Python API,https://github.com/jithinolickal/blender; https://github.com/RobLe3/cc-blender-skill/blob/main/plugin/README.md; https://docs.blender.org/api/current/
blenderlab-uv-and-texture-workflows-stylized-characters,creative-media-design,blender-3d-production,Blender and 3D production,UV and texture workflows,stylized characters,Blender MCP skill project; Blender chain-loadable skills catalog; Blender Python API,https://github.com/jithinolickal/blender; https://github.com/RobLe3/cc-blender-skill/blob/main/plugin/README.md; https://docs.blender.org/api/current/
blenderlab-uv-and-texture-workflows-organic-forms,creative-media-design,blender-3d-production,Blender and 3D production,UV and texture workflows,organic forms,Blender MCP skill project; Blender chain-loadable skills catalog; Blender Python API,https://github.com/jithinolickal/blender; https://github.com/RobLe3/cc-blender-skill/blob/main/plugin/README.md; https://docs.blender.org/api/current/
blenderlab-uv-and-texture-workflows-game-ready-assets,creative-media-design,blender-3d-production,Blender and 3D production,UV and texture workflows,game-ready assets,Blender MCP skill project; Blender chain-loadable skills catalog; Blender Python API,https://github.com/jithinolickal/blender; https://github.com/RobLe3/cc-blender-skill/blob/main/plugin/README.md; https://docs.blender.org/api/current/
blenderlab-uv-and-texture-workflows-motion-graphics,creative-media-design,blender-3d-production,Blender and 3D production,UV and texture workflows,motion graphics,Blender MCP skill project; Blender chain-loadable skills catalog; Blender Python API,https://github.com/jithinolickal/blender; https://github.com/RobLe3/cc-blender-skill/blob/main/plugin/README.md; https://docs.blender.org/api/current/
blenderlab-uv-and-texture-workflows-cad-imports,creative-media-design,blender-3d-production,Blender and 3D production,UV and texture workflows,CAD imports,Blender MCP skill project; Blender chain-loadable skills catalog; Blender Python API,https://github.com/jithinolickal/blender; https://github.com/RobLe3/cc-blender-skill/blob/main/plugin/README.md; https://docs.blender.org/api/current/
blenderlab-uv-and-texture-workflows-scene-versioning,creative-media-design,blender-3d-production,Blender and 3D production,UV and texture workflows,scene versioning,Blender MCP skill project; Blender chain-loadable skills catalog; Blender Python API,https://github.com/jithinolickal/blender; https://github.com/RobLe3/cc-blender-skill/blob/main/plugin/README.md; https://docs.blender.org/api/current/
blenderlab-uv-and-texture-workflows-render-budgets,creative-media-design,blender-3d-production,Blender and 3D production,UV and texture workflows,render budgets,Blender MCP skill project; Blender chain-loadable skills catalog; Blender Python API,https://github.com/jithinolickal/blender; https://github.com/RobLe3/cc-blender-skill/blob/main/plugin/README.md; https://docs.blender.org/api/current/
blenderlab-rigging-and-character-setup-product-visualization,creative-media-design,blender-3d-production,Blender and 3D production,rigging and character setup,product visualization,Blender MCP skill project; Blender chain-loadable skills catalog; Blender Python API,https://github.com/jithinolickal/blender; https://github.com/RobLe3/cc-blender-skill/blob/main/plugin/README.md; https://docs.blender.org/api/current/
blenderlab-rigging-and-character-setup-interior-scenes,creative-media-design,blender-3d-production,Blender and 3D production,rigging and character setup,interior scenes,Blender MCP skill project; Blender chain-loadable skills catalog; Blender Python API,https://github.com/jithinolickal/blender; https://github.com/RobLe3/cc-blender-skill/blob/main/plugin/README.md; https://docs.blender.org/api/current/
blenderlab-rigging-and-character-setup-architectural-massing,creative-media-design,blender-3d-production,Blender and 3D production,rigging and character setup,architectural massing,Blender MCP skill project; Blender chain-loadable skills catalog; Blender Python API,https://github.com/jithinolickal/blender; https://github.com/RobLe3/cc-blender-skill/blob/main/plugin/README.md; https://docs.blender.org/api/current/
blenderlab-rigging-and-character-setup-stylized-characters,creative-media-design,blender-3d-production,Blender and 3D production,rigging and character setup,stylized characters,Blender MCP skill project; Blender chain-loadable skills catalog; Blender Python API,https://github.com/jithinolickal/blender; https://github.com/RobLe3/cc-blender-skill/blob/main/plugin/README.md; https://docs.blender.org/api/current/
blenderlab-rigging-and-character-setup-organic-forms,creative-media-design,blender-3d-production,Blender and 3D production,rigging and character setup,organic forms,Blender MCP skill project; Blender chain-loadable skills catalog; Blender Python API,https://github.com/jithinolickal/blender; https://github.com/RobLe3/cc-blender-skill/blob/main/plugin/README.md; https://docs.blender.org/api/current/
blenderlab-rigging-and-character-setup-game-ready-assets,creative-media-design,blender-3d-production,Blender and 3D production,rigging and character setup,game-ready assets,Blender MCP skill project; Blender chain-loadable skills catalog; Blender Python API,https://github.com/jithinolickal/blender; https://github.com/RobLe3/cc-blender-skill/blob/main/plugin/README.md; https://docs.blender.org/api/current/
blenderlab-rigging-and-character-setup-motion-graphics,creative-media-design,blender-3d-production,Blender and 3D production,rigging and character setup,motion graphics,Blender MCP skill project; Blender chain-loadable skills catalog; Blender Python API,https://github.com/jithinolickal/blender; https://github.com/RobLe3/cc-blender-skill/blob/main/plugin/README.md; https://docs.blender.org/api/current/
blenderlab-rigging-and-character-setup-cad-imports,creative-media-design,blender-3d-production,Blender and 3D production,rigging and character setup,CAD imports,Blender MCP skill project; Blender chain-loadable skills catalog; Blender Python API,https://github.com/jithinolickal/blender; https://github.com/RobLe3/cc-blender-skill/blob/main/plugin/README.md; https://docs.blender.org/api/current/
blenderlab-rigging-and-character-setup-scene-versioning,creative-media-design,blender-3d-production,Blender and 3D production,rigging and character setup,scene versioning,Blender MCP skill project; Blender chain-loadable skills catalog; Blender Python API,https://github.com/jithinolickal/blender; https://github.com/RobLe3/cc-blender-skill/blob/main/plugin/README.md; https://docs.blender.org/api/current/
blenderlab-rigging-and-character-setup-render-budgets,creative-media-design,blender-3d-production,Blender and 3D production,rigging and character setup,render budgets,Blender MCP skill project; Blender chain-loadable skills catalog; Blender Python API,https://github.com/jithinolickal/blender; https://github.com/RobLe3/cc-blender-skill/blob/main/plugin/README.md; https://docs.blender.org/api/current/
blenderlab-animation-and-motion-product-visualization,creative-media-design,blender-3d-production,Blender and 3D production,animation and motion,product visualization,Blender MCP skill project; Blender chain-loadable skills catalog; Blender Python API,https://github.com/jithinolickal/blender; https://github.com/RobLe3/cc-blender-skill/blob/main/plugin/README.md; https://docs.blender.org/api/current/
blenderlab-animation-and-motion-interior-scenes,creative-media-design,blender-3d-production,Blender and 3D production,animation and motion,interior scenes,Blender MCP skill project; Blender chain-loadable skills catalog; Blender Python API,https://github.com/jithinolickal/blender; https://github.com/RobLe3/cc-blender-skill/blob/main/plugin/README.md; https://docs.blender.org/api/current/
blenderlab-animation-and-motion-architectural-massing,creative-media-design,blender-3d-production,Blender and 3D production,animation and motion,architectural massing,Blender MCP skill project; Blender chain-loadable skills catalog; Blender Python API,https://github.com/jithinolickal/blender; https://github.com/RobLe3/cc-blender-skill/blob/main/plugin/README.md; https://docs.blender.org/api/current/
blenderlab-animation-and-motion-stylized-characters,creative-media-design,blender-3d-production,Blender and 3D production,animation and motion,stylized characters,Blender MCP skill project; Blender chain-loadable skills catalog; Blender Python API,https://github.com/jithinolickal/blender; https://github.com/RobLe3/cc-blender-skill/blob/main/plugin/README.md; https://docs.blender.org/api/current/
blenderlab-animation-and-motion-organic-forms,creative-media-design,blender-3d-production,Blender and 3D production,animation and motion,organic forms,Blender MCP skill project; Blender chain-loadable skills catalog; Blender Python API,https://github.com/jithinolickal/blender; https://github.com/RobLe3/cc-blender-skill/blob/main/plugin/README.md; https://docs.blender.org/api/current/
blenderlab-animation-and-motion-game-ready-assets,creative-media-design,blender-3d-production,Blender and 3D production,animation and motion,game-ready assets,Blender MCP skill project; Blender chain-loadable skills catalog; Blender Python API,https://github.com/jithinolickal/blender; https://github.com/RobLe3/cc-blender-skill/blob/main/plugin/README.md; https://docs.blender.org/api/current/
blenderlab-animation-and-motion-motion-graphics,creative-media-design,blender-3d-production,Blender and 3D production,animation and motion,motion graphics,Blender MCP skill project; Blender chain-loadable skills catalog; Blender Python API,https://github.com/jithinolickal/blender; https://github.com/RobLe3/cc-blender-skill/blob/main/plugin/README.md; https://docs.blender.org/api/current/
blenderlab-animation-and-motion-cad-imports,creative-media-design,blender-3d-production,Blender and 3D production,animation and motion,CAD imports,Blender MCP skill project; Blender chain-loadable skills catalog; Blender Python API,https://github.com/jithinolickal/blender; https://github.com/RobLe3/cc-blender-skill/blob/main/plugin/README.md; https://docs.blender.org/api/current/
blenderlab-animation-and-motion-scene-versioning,creative-media-design,blender-3d-production,Blender and 3D production,animation and motion,scene versioning,Blender MCP skill project; Blender chain-loadable skills catalog; Blender Python API,https://github.com/jithinolickal/blender; https://github.com/RobLe3/cc-blender-skill/blob/main/plugin/README.md; https://docs.blender.org/api/current/
blenderlab-animation-and-motion-render-budgets,creative-media-design,blender-3d-production,Blender and 3D production,animation and motion,render budgets,Blender MCP skill project; Blender chain-loadable skills catalog; Blender Python API,https://github.com/jithinolickal/blender; https://github.com/RobLe3/cc-blender-skill/blob/main/plugin/README.md; https://docs.blender.org/api/current/
blenderlab-camera-and-lighting-product-visualization,creative-media-design,blender-3d-production,Blender and 3D production,camera and lighting,product visualization,Blender MCP skill project; Blender chain-loadable skills catalog; Blender Python API,https://github.com/jithinolickal/blender; https://github.com/RobLe3/cc-blender-skill/blob/main/plugin/README.md; https://docs.blender.org/api/current/
blenderlab-camera-and-lighting-interior-scenes,creative-media-design,blender-3d-production,Blender and 3D production,camera and lighting,interior scenes,Blender MCP skill project; Blender chain-loadable skills catalog; Blender Python API,https://github.com/jithinolickal/blender; https://github.com/RobLe3/cc-blender-skill/blob/main/plugin/README.md; https://docs.blender.org/api/current/
blenderlab-camera-and-lighting-architectural-massing,creative-media-design,blender-3d-production,Blender and 3D production,camera and lighting,architectural massing,Blender MCP skill project; Blender chain-loadable skills catalog; Blender Python API,https://github.com/jithinolickal/blender; https://github.com/RobLe3/cc-blender-skill/blob/main/plugin/README.md; https://docs.blender.org/api/current/
blenderlab-camera-and-lighting-stylized-characters,creative-media-design,blender-3d-production,Blender and 3D production,camera and lighting,stylized characters,Blender MCP skill project; Blender chain-loadable skills catalog; Blender Python API,https://github.com/jithinolickal/blender; https://github.com/RobLe3/cc-blender-skill/blob/main/plugin/README.md; https://docs.blender.org/api/current/
blenderlab-camera-and-lighting-organic-forms,creative-media-design,blender-3d-production,Blender and 3D production,camera and lighting,organic forms,Blender MCP skill project; Blender chain-loadable skills catalog; Blender Python API,https://github.com/jithinolickal/blender; https://github.com/RobLe3/cc-blender-skill/blob/main/plugin/README.md; https://docs.blender.org/api/current/
blenderlab-camera-and-lighting-game-ready-assets,creative-media-design,blender-3d-production,Blender and 3D production,camera and lighting,game-ready assets,Blender MCP skill project; Blender chain-loadable skills catalog; Blender Python API,https://github.com/jithinolickal/blender; https://github.com/RobLe3/cc-blender-skill/blob/main/plugin/README.md; https://docs.blender.org/api/current/
blenderlab-camera-and-lighting-motion-graphics,creative-media-design,blender-3d-production,Blender and 3D production,camera and lighting,motion graphics,Blender MCP skill project; Blender chain-loadable skills catalog; Blender Python API,https://github.com/jithinolickal/blender; https://github.com/RobLe3/cc-blender-skill/blob/main/plugin/README.md; https://docs.blender.org/api/current/
blenderlab-camera-and-lighting-cad-imports,creative-media-design,blender-3d-production,Blender and 3D production,camera and lighting,CAD imports,Blender MCP skill project; Blender chain-loadable skills catalog; Blender Python API,https://github.com/jithinolickal/blender; https://github.com/RobLe3/cc-blender-skill/blob/main/plugin/README.md; https://docs.blender.org/api/current/
blenderlab-camera-and-lighting-scene-versioning,creative-media-design,blender-3d-production,Blender and 3D production,camera and lighting,scene versioning,Blender MCP skill project; Blender chain-loadable skills catalog; Blender Python API,https://github.com/jithinolickal/blender; https://github.com/RobLe3/cc-blender-skill/blob/main/plugin/README.md; https://docs.blender.org/api/current/
blenderlab-camera-and-lighting-render-budgets,creative-media-design,blender-3d-production,Blender and 3D production,camera and lighting,render budgets,Blender MCP skill project; Blender chain-loadable skills catalog; Blender Python API,https://github.com/jithinolickal/blender; https://github.com/RobLe3/cc-blender-skill/blob/main/plugin/README.md; https://docs.blender.org/api/current/
blenderlab-render-and-compositing-product-visualization,creative-media-design,blender-3d-production,Blender and 3D production,render and compositing,product visualization,Blender MCP skill project; Blender chain-loadable skills catalog; Blender Python API,https://github.com/jithinolickal/blender; https://github.com/RobLe3/cc-blender-skill/blob/main/plugin/README.md; https://docs.blender.org/api/current/
blenderlab-render-and-compositing-interior-scenes,creative-media-design,blender-3d-production,Blender and 3D production,render and compositing,interior scenes,Blender MCP skill project; Blender chain-loadable skills catalog; Blender Python API,https://github.com/jithinolickal/blender; https://github.com/RobLe3/cc-blender-skill/blob/main/plugin/README.md; https://docs.blender.org/api/current/
blenderlab-render-and-compositing-architectural-massing,creative-media-design,blender-3d-production,Blender and 3D production,render and compositing,architectural massing,Blender MCP skill project; Blender chain-loadable skills catalog; Blender Python API,https://github.com/jithinolickal/blender; https://github.com/RobLe3/cc-blender-skill/blob/main/plugin/README.md; https://docs.blender.org/api/current/
blenderlab-render-and-compositing-stylized-characters,creative-media-design,blender-3d-production,Blender and 3D production,render and compositing,stylized characters,Blender MCP skill project; Blender chain-loadable skills catalog; Blender Python API,https://github.com/jithinolickal/blender; https://github.com/RobLe3/cc-blender-skill/blob/main/plugin/README.md; https://docs.blender.org/api/current/
blenderlab-render-and-compositing-organic-forms,creative-media-design,blender-3d-production,Blender and 3D production,render and compositing,organic forms,Blender MCP skill project; Blender chain-loadable skills catalog; Blender Python API,https://github.com/jithinolickal/blender; https://github.com/RobLe3/cc-blender-skill/blob/main/plugin/README.md; https://docs.blender.org/api/current/
blenderlab-render-and-compositing-game-ready-assets,creative-media-design,blender-3d-production,Blender and 3D production,render and compositing,game-ready assets,Blender MCP skill project; Blender chain-loadable skills catalog; Blender Python API,https://github.com/jithinolickal/blender; https://github.com/RobLe3/cc-blender-skill/blob/main/plugin/README.md; https://docs.blender.org/api/current/
blenderlab-render-and-compositing-motion-graphics,creative-media-design,blender-3d-production,Blender and 3D production,render and compositing,motion graphics,Blender MCP skill project; Blender chain-loadable skills catalog; Blender Python API,https://github.com/jithinolickal/blender; https://github.com/RobLe3/cc-blender-skill/blob/main/plugin/README.md; https://docs.blender.org/api/current/
blenderlab-render-and-compositing-cad-imports,creative-media-design,blender-3d-production,Blender and 3D production,render and compositing,CAD imports,Blender MCP skill project; Blender chain-loadable skills catalog; Blender Python API,https://github.com/jithinolickal/blender; https://github.com/RobLe3/cc-blender-skill/blob/main/plugin/README.md; https://docs.blender.org/api/current/
blenderlab-render-and-compositing-scene-versioning,creative-media-design,blender-3d-production,Blender and 3D production,render and compositing,scene versioning,Blender MCP skill project; Blender chain-loadable skills catalog; Blender Python API,https://github.com/jithinolickal/blender; https://github.com/RobLe3/cc-blender-skill/blob/main/plugin/README.md; https://docs.blender.org/api/current/
blenderlab-render-and-compositing-render-budgets,creative-media-design,blender-3d-production,Blender and 3D production,render and compositing,render budgets,Blender MCP skill project; Blender chain-loadable skills catalog; Blender Python API,https://github.com/jithinolickal/blender; https://github.com/RobLe3/cc-blender-skill/blob/main/plugin/README.md; https://docs.blender.org/api/current/
musiclab-composition-film-cues,creative-media-design,music-and-audio-production,Music composition and audio production,composition,film cues,Scenario creative-agent skills; Generative media skills catalog; Music-agent topic catalog; Generative media skills index,https://github.com/scenario-labs/skills; https://github.com/calesthio/generative-media-skills; https://github.com/frankxai/awesome-music-agent-skills; https://github.com/awesome-genmedia/skills
musiclab-composition-interactive-loops,creative-media-design,music-and-audio-production,Music composition and audio production,composition,interactive loops,Scenario creative-agent skills; Generative media skills catalog; Music-agent topic catalog; Generative media skills index,https://github.com/scenario-labs/skills; https://github.com/calesthio/generative-media-skills; https://github.com/frankxai/awesome-music-agent-skills; https://github.com/awesome-genmedia/skills
musiclab-composition-short-form-ads,creative-media-design,music-and-audio-production,Music composition and audio production,composition,short-form ads,Scenario creative-agent skills; Generative media skills catalog; Music-agent topic catalog; Generative media skills index,https://github.com/scenario-labs/skills; https://github.com/calesthio/generative-media-skills; https://github.com/frankxai/awesome-music-agent-skills; https://github.com/awesome-genmedia/skills
musiclab-composition-ambient-beds,creative-media-design,music-and-audio-production,Music composition and audio production,composition,ambient beds,Scenario creative-agent skills; Generative media skills catalog; Music-agent topic catalog; Generative media skills index,https://github.com/scenario-labs/skills; https://github.com/calesthio/generative-media-skills; https://github.com/frankxai/awesome-music-agent-skills; https://github.com/awesome-genmedia/skills
musiclab-composition-voice-led-tracks,creative-media-design,music-and-audio-production,Music composition and audio production,composition,voice-led tracks,Scenario creative-agent skills; Generative media skills catalog; Music-agent topic catalog; Generative media skills index,https://github.com/scenario-labs/skills; https://github.com/calesthio/generative-media-skills; https://github.com/frankxai/awesome-music-agent-skills; https://github.com/awesome-genmedia/skills
musiclab-composition-stem-delivery,creative-media-design,music-and-audio-production,Music composition and audio production,composition,stem delivery,Scenario creative-agent skills; Generative media skills catalog; Music-agent topic catalog; Generative media skills index,https://github.com/scenario-labs/skills; https://github.com/calesthio/generative-media-skills; https://github.com/frankxai/awesome-music-agent-skills; https://github.com/awesome-genmedia/skills
musiclab-composition-tempo-changes,creative-media-design,music-and-audio-production,Music composition and audio production,composition,tempo changes,Scenario creative-agent skills; Generative media skills catalog; Music-agent topic catalog; Generative media skills index,https://github.com/scenario-labs/skills; https://github.com/calesthio/generative-media-skills; https://github.com/frankxai/awesome-music-agent-skills; https://github.com/awesome-genmedia/skills
musiclab-composition-instrumental-variants,creative-media-design,music-and-audio-production,Music composition and audio production,composition,instrumental variants,Scenario creative-agent skills; Generative media skills catalog; Music-agent topic catalog; Generative media skills index,https://github.com/scenario-labs/skills; https://github.com/calesthio/generative-media-skills; https://github.com/frankxai/awesome-music-agent-skills; https://github.com/awesome-genmedia/skills
musiclab-composition-dynamic-range-targets,creative-media-design,music-and-audio-production,Music composition and audio production,composition,dynamic-range targets,Scenario creative-agent skills; Generative media skills catalog; Music-agent topic catalog; Generative media skills index,https://github.com/scenario-labs/skills; https://github.com/calesthio/generative-media-skills; https://github.com/frankxai/awesome-music-agent-skills; https://github.com/awesome-genmedia/skills
musiclab-composition-rights-and-credits,creative-media-design,music-and-audio-production,Music composition and audio production,composition,rights and credits,Scenario creative-agent skills; Generative media skills catalog; Music-agent topic catalog; Generative media skills index,https://github.com/scenario-labs/skills; https://github.com/calesthio/generative-media-skills; https://github.com/frankxai/awesome-music-agent-skills; https://github.com/awesome-genmedia/skills
musiclab-song-arrangement-film-cues,creative-media-design,music-and-audio-production,Music composition and audio production,song arrangement,film cues,Scenario creative-agent skills; Generative media skills catalog; Music-agent topic catalog; Generative media skills index,https://github.com/scenario-labs/skills; https://github.com/calesthio/generative-media-skills; https://github.com/frankxai/awesome-music-agent-skills; https://github.com/awesome-genmedia/skills
musiclab-song-arrangement-interactive-loops,creative-media-design,music-and-audio-production,Music composition and audio production,song arrangement,interactive loops,Scenario creative-agent skills; Generative media skills catalog; Music-agent topic catalog; Generative media skills index,https://github.com/scenario-labs/skills; https://github.com/calesthio/generative-media-skills; https://github.com/frankxai/awesome-music-agent-skills; https://github.com/awesome-genmedia/skills
musiclab-song-arrangement-short-form-ads,creative-media-design,music-and-audio-production,Music composition and audio production,song arrangement,short-form ads,Scenario creative-agent skills; Generative media skills catalog; Music-agent topic catalog; Generative media skills index,https://github.com/scenario-labs/skills; https://github.com/calesthio/generative-media-skills; https://github.com/frankxai/awesome-music-agent-skills; https://github.com/awesome-genmedia/skills
musiclab-song-arrangement-ambient-beds,creative-media-design,music-and-audio-production,Music composition and audio production,song arrangement,ambient beds,Scenario creative-agent skills; Generative media skills catalog; Music-agent topic catalog; Generative media skills index,https://github.com/scenario-labs/skills; https://github.com/calesthio/generative-media-skills; https://github.com/frankxai/awesome-music-agent-skills; https://github.com/awesome-genmedia/skills
musiclab-song-arrangement-voice-led-tracks,creative-media-design,music-and-audio-production,Music composition and audio production,song arrangement,voice-led tracks,Scenario creative-agent skills; Generative media skills catalog; Music-agent topic catalog; Generative media skills index,https://github.com/scenario-labs/skills; https://github.com/calesthio/generative-media-skills; https://github.com/frankxai/awesome-music-agent-skills; https://github.com/awesome-genmedia/skills
musiclab-song-arrangement-stem-delivery,creative-media-design,music-and-audio-production,Music composition and audio production,song arrangement,stem delivery,Scenario creative-agent skills; Generative media skills catalog; Music-agent topic catalog; Generative media skills index,https://github.com/scenario-labs/skills; https://github.com/calesthio/generative-media-skills; https://github.com/frankxai/awesome-music-agent-skills; https://github.com/awesome-genmedia/skills
musiclab-song-arrangement-tempo-changes,creative-media-design,music-and-audio-production,Music composition and audio production,song arrangement,tempo changes,Scenario creative-agent skills; Generative media skills catalog; Music-agent topic catalog; Generative media skills index,https://github.com/scenario-labs/skills; https://github.com/calesthio/generative-media-skills; https://github.com/frankxai/awesome-music-agent-skills; https://github.com/awesome-genmedia/skills
musiclab-song-arrangement-instrumental-variants,creative-media-design,music-and-audio-production,Music composition and audio production,song arrangement,instrumental variants,Scenario creative-agent skills; Generative media skills catalog; Music-agent topic catalog; Generative media skills index,https://github.com/scenario-labs/skills; https://github.com/calesthio/generative-media-skills; https://github.com/frankxai/awesome-music-agent-skills; https://github.com/awesome-genmedia/skills
musiclab-song-arrangement-dynamic-range-targets,creative-media-design,music-and-audio-production,Music composition and audio production,song arrangement,dynamic-range targets,Scenario creative-agent skills; Generative media skills catalog; Music-agent topic catalog; Generative media skills index,https://github.com/scenario-labs/skills; https://github.com/calesthio/generative-media-skills; https://github.com/frankxai/awesome-music-agent-skills; https://github.com/awesome-genmedia/skills
musiclab-song-arrangement-rights-and-credits,creative-media-design,music-and-audio-production,Music composition and audio production,song arrangement,rights and credits,Scenario creative-agent skills; Generative media skills catalog; Music-agent topic catalog; Generative media skills index,https://github.com/scenario-labs/skills; https://github.com/calesthio/generative-media-skills; https://github.com/frankxai/awesome-music-agent-skills; https://github.com/awesome-genmedia/skills
musiclab-midi-editing-film-cues,creative-media-design,music-and-audio-production,Music composition and audio production,MIDI editing,film cues,Scenario creative-agent skills; Generative media skills catalog; Music-agent topic catalog; Generative media skills index,https://github.com/scenario-labs/skills; https://github.com/calesthio/generative-media-skills; https://github.com/frankxai/awesome-music-agent-skills; https://github.com/awesome-genmedia/skills
musiclab-midi-editing-interactive-loops,creative-media-design,music-and-audio-production,Music composition and audio production,MIDI editing,interactive loops,Scenario creative-agent skills; Generative media skills catalog; Music-agent topic catalog; Generative media skills index,https://github.com/scenario-labs/skills; https://github.com/calesthio/generative-media-skills; https://github.com/frankxai/awesome-music-agent-skills; https://github.com/awesome-genmedia/skills
musiclab-midi-editing-short-form-ads,creative-media-design,music-and-audio-production,Music composition and audio production,MIDI editing,short-form ads,Scenario creative-agent skills; Generative media skills catalog; Music-agent topic catalog; Generative media skills index,https://github.com/scenario-labs/skills; https://github.com/calesthio/generative-media-skills; https://github.com/frankxai/awesome-music-agent-skills; https://github.com/awesome-genmedia/skills
musiclab-midi-editing-ambient-beds,creative-media-design,music-and-audio-production,Music composition and audio production,MIDI editing,ambient beds,Scenario creative-agent skills; Generative media skills catalog; Music-agent topic catalog; Generative media skills index,https://github.com/scenario-labs/skills; https://github.com/calesthio/generative-media-skills; https://github.com/frankxai/awesome-music-agent-skills; https://github.com/awesome-genmedia/skills
musiclab-midi-editing-voice-led-tracks,creative-media-design,music-and-audio-production,Music composition and audio production,MIDI editing,voice-led tracks,Scenario creative-agent skills; Generative media skills catalog; Music-agent topic catalog; Generative media skills index,https://github.com/scenario-labs/skills; https://github.com/calesthio/generative-media-skills; https://github.com/frankxai/awesome-music-agent-skills; https://github.com/awesome-genmedia/skills
musiclab-midi-editing-stem-delivery,creative-media-design,music-and-audio-production,Music composition and audio production,MIDI editing,stem delivery,Scenario creative-agent skills; Generative media skills catalog; Music-agent topic catalog; Generative media skills index,https://github.com/scenario-labs/skills; https://github.com/calesthio/generative-media-skills; https://github.com/frankxai/awesome-music-agent-skills; https://github.com/awesome-genmedia/skills
musiclab-midi-editing-tempo-changes,creative-media-design,music-and-audio-production,Music composition and audio production,MIDI editing,tempo changes,Scenario creative-agent skills; Generative media skills catalog; Music-agent topic catalog; Generative media skills index,https://github.com/scenario-labs/skills; https://github.com/calesthio/generative-media-skills; https://github.com/frankxai/awesome-music-agent-skills; https://github.com/awesome-genmedia/skills
musiclab-midi-editing-instrumental-variants,creative-media-design,music-and-audio-production,Music composition and audio production,MIDI editing,instrumental variants,Scenario creative-agent skills; Generative media skills catalog; Music-agent topic catalog; Generative media skills index,https://github.com/scenario-labs/skills; https://github.com/calesthio/generative-media-skills; https://github.com/frankxai/awesome-music-agent-skills; https://github.com/awesome-genmedia/skills
musiclab-midi-editing-dynamic-range-targets,creative-media-design,music-and-audio-production,Music composition and audio production,MIDI editing,dynamic-range targets,Scenario creative-agent skills; Generative media skills catalog; Music-agent topic catalog; Generative media skills index,https://github.com/scenario-labs/skills; https://github.com/calesthio/generative-media-skills; https://github.com/frankxai/awesome-music-agent-skills; https://github.com/awesome-genmedia/skills
musiclab-midi-editing-rights-and-credits,creative-media-design,music-and-audio-production,Music composition and audio production,MIDI editing,rights and credits,Scenario creative-agent skills; Generative media skills catalog; Music-agent topic catalog; Generative media skills index,https://github.com/scenario-labs/skills; https://github.com/calesthio/generative-media-skills; https://github.com/frankxai/awesome-music-agent-skills; https://github.com/awesome-genmedia/skills
musiclab-orchestration-film-cues,creative-media-design,music-and-audio-production,Music composition and audio production,orchestration,film cues,Scenario creative-agent skills; Generative media skills catalog; Music-agent topic catalog; Generative media skills index,https://github.com/scenario-labs/skills; https://github.com/calesthio/generative-media-skills; https://github.com/frankxai/awesome-music-agent-skills; https://github.com/awesome-genmedia/skills
musiclab-orchestration-interactive-loops,creative-media-design,music-and-audio-production,Music composition and audio production,orchestration,interactive loops,Scenario creative-agent skills; Generative media skills catalog; Music-agent topic catalog; Generative media skills index,https://github.com/scenario-labs/skills; https://github.com/calesthio/generative-media-skills; https://github.com/frankxai/awesome-music-agent-skills; https://github.com/awesome-genmedia/skills
musiclab-orchestration-short-form-ads,creative-media-design,music-and-audio-production,Music composition and audio production,orchestration,short-form ads,Scenario creative-agent skills; Generative media skills catalog; Music-agent topic catalog; Generative media skills index,https://github.com/scenario-labs/skills; https://github.com/calesthio/generative-media-skills; https://github.com/frankxai/awesome-music-agent-skills; https://github.com/awesome-genmedia/skills
musiclab-orchestration-ambient-beds,creative-media-design,music-and-audio-production,Music composition and audio production,orchestration,ambient beds,Scenario creative-agent skills; Generative media skills catalog; Music-agent topic catalog; Generative media skills index,https://github.com/scenario-labs/skills; https://github.com/calesthio/generative-media-skills; https://github.com/frankxai/awesome-music-agent-skills; https://github.com/awesome-genmedia/skills
musiclab-orchestration-voice-led-tracks,creative-media-design,music-and-audio-production,Music composition and audio production,orchestration,voice-led tracks,Scenario creative-agent skills; Generative media skills catalog; Music-agent topic catalog; Generative media skills index,https://github.com/scenario-labs/skills; https://github.com/calesthio/generative-media-skills; https://github.com/frankxai/awesome-music-agent-skills; https://github.com/awesome-genmedia/skills
musiclab-orchestration-stem-delivery,creative-media-design,music-and-audio-production,Music composition and audio production,orchestration,stem delivery,Scenario creative-agent skills; Generative media skills catalog; Music-agent topic catalog; Generative media skills index,https://github.com/scenario-labs/skills; https://github.com/calesthio/generative-media-skills; https://github.com/frankxai/awesome-music-agent-skills; https://github.com/awesome-genmedia/skills
musiclab-orchestration-tempo-changes,creative-media-design,music-and-audio-production,Music composition and audio production,orchestration,tempo changes,Scenario creative-agent skills; Generative media skills catalog; Music-agent topic catalog; Generative media skills index,https://github.com/scenario-labs/skills; https://github.com/calesthio/generative-media-skills; https://github.com/frankxai/awesome-music-agent-skills; https://github.com/awesome-genmedia/skills
musiclab-orchestration-instrumental-variants,creative-media-design,music-and-audio-production,Music composition and audio production,orchestration,instrumental variants,Scenario creative-agent skills; Generative media skills catalog; Music-agent topic catalog; Generative media skills index,https://github.com/scenario-labs/skills; https://github.com/calesthio/generative-media-skills; https://github.com/frankxai/awesome-music-agent-skills; https://github.com/awesome-genmedia/skills
musiclab-orchestration-dynamic-range-targets,creative-media-design,music-and-audio-production,Music composition and audio production,orchestration,dynamic-range targets,Scenario creative-agent skills; Generative media skills catalog; Music-agent topic catalog; Generative media skills index,https://github.com/scenario-labs/skills; https://github.com/calesthio/generative-media-skills; https://github.com/frankxai/awesome-music-agent-skills; https://github.com/awesome-genmedia/skills
musiclab-orchestration-rights-and-credits,creative-media-design,music-and-audio-production,Music composition and audio production,orchestration,rights and credits,Scenario creative-agent skills; Generative media skills catalog; Music-agent topic catalog; Generative media skills index,https://github.com/scenario-labs/skills; https://github.com/calesthio/generative-media-skills; https://github.com/frankxai/awesome-music-agent-skills; https://github.com/awesome-genmedia/skills
musiclab-adaptive-game-scoring-film-cues,creative-media-design,music-and-audio-production,Music composition and audio production,adaptive game scoring,film cues,Scenario creative-agent skills; Generative media skills catalog; Music-agent topic catalog; Generative media skills index,https://github.com/scenario-labs/skills; https://github.com/calesthio/generative-media-skills; https://github.com/frankxai/awesome-music-agent-skills; https://github.com/awesome-genmedia/skills
musiclab-adaptive-game-scoring-interactive-loops,creative-media-design,music-and-audio-production,Music composition and audio production,adaptive game scoring,interactive loops,Scenario creative-agent skills; Generative media skills catalog; Music-agent topic catalog; Generative media skills index,https://github.com/scenario-labs/skills; https://github.com/calesthio/generative-media-skills; https://github.com/frankxai/awesome-music-agent-skills; https://github.com/awesome-genmedia/skills
musiclab-adaptive-game-scoring-short-form-ads,creative-media-design,music-and-audio-production,Music composition and audio production,adaptive game scoring,short-form ads,Scenario creative-agent skills; Generative media skills catalog; Music-agent topic catalog; Generative media skills index,https://github.com/scenario-labs/skills; https://github.com/calesthio/generative-media-skills; https://github.com/frankxai/awesome-music-agent-skills; https://github.com/awesome-genmedia/skills
musiclab-adaptive-game-scoring-ambient-beds,creative-media-design,music-and-audio-production,Music composition and audio production,adaptive game scoring,ambient beds,Scenario creative-agent skills; Generative media skills catalog; Music-agent topic catalog; Generative media skills index,https://github.com/scenario-labs/skills; https://github.com/calesthio/generative-media-skills; https://github.com/frankxai/awesome-music-agent-skills; https://github.com/awesome-genmedia/skills
musiclab-adaptive-game-scoring-voice-led-tracks,creative-media-design,music-and-audio-production,Music composition and audio production,adaptive game scoring,voice-led tracks,Scenario creative-agent skills; Generative media skills catalog; Music-agent topic catalog; Generative media skills index,https://github.com/scenario-labs/skills; https://github.com/calesthio/generative-media-skills; https://github.com/frankxai/awesome-music-agent-skills; https://github.com/awesome-genmedia/skills
musiclab-adaptive-game-scoring-stem-delivery,creative-media-design,music-and-audio-production,Music composition and audio production,adaptive game scoring,stem delivery,Scenario creative-agent skills; Generative media skills catalog; Music-agent topic catalog; Generative media skills index,https://github.com/scenario-labs/skills; https://github.com/calesthio/generative-media-skills; https://github.com/frankxai/awesome-music-agent-skills; https://github.com/awesome-genmedia/skills
musiclab-adaptive-game-scoring-tempo-changes,creative-media-design,music-and-audio-production,Music composition and audio production,adaptive game scoring,tempo changes,Scenario creative-agent skills; Generative media skills catalog; Music-agent topic catalog; Generative media skills index,https://github.com/scenario-labs/skills; https://github.com/calesthio/generative-media-skills; https://github.com/frankxai/awesome-music-agent-skills; https://github.com/awesome-genmedia/skills
musiclab-adaptive-game-scoring-instrumental-variants,creative-media-design,music-and-audio-production,Music composition and audio production,adaptive game scoring,instrumental variants,Scenario creative-agent skills; Generative media skills catalog; Music-agent topic catalog; Generative media skills index,https://github.com/scenario-labs/skills; https://github.com/calesthio/generative-media-skills; https://github.com/frankxai/awesome-music-agent-skills; https://github.com/awesome-genmedia/skills
musiclab-adaptive-game-scoring-dynamic-range-targets,creative-media-design,music-and-audio-production,Music composition and audio production,adaptive game scoring,dynamic-range targets,Scenario creative-agent skills; Generative media skills catalog; Music-agent topic catalog; Generative media skills index,https://github.com/scenario-labs/skills; https://github.com/calesthio/generative-media-skills; https://github.com/frankxai/awesome-music-agent-skills; https://github.com/awesome-genmedia/skills
musiclab-adaptive-game-scoring-rights-and-credits,creative-media-design,music-and-audio-production,Music composition and audio production,adaptive game scoring,rights and credits,Scenario creative-agent skills; Generative media skills catalog; Music-agent topic catalog; Generative media skills index,https://github.com/scenario-labs/skills; https://github.com/calesthio/generative-media-skills; https://github.com/frankxai/awesome-music-agent-skills; https://github.com/awesome-genmedia/skills
musiclab-recording-and-editing-film-cues,creative-media-design,music-and-audio-production,Music composition and audio production,recording and editing,film cues,Scenario creative-agent skills; Generative media skills catalog; Music-agent topic catalog; Generative media skills index,https://github.com/scenario-labs/skills; https://github.com/calesthio/generative-media-skills; https://github.com/frankxai/awesome-music-agent-skills; https://github.com/awesome-genmedia/skills
musiclab-recording-and-editing-interactive-loops,creative-media-design,music-and-audio-production,Music composition and audio production,recording and editing,interactive loops,Scenario creative-agent skills; Generative media skills catalog; Music-agent topic catalog; Generative media skills index,https://github.com/scenario-labs/skills; https://github.com/calesthio/generative-media-skills; https://github.com/frankxai/awesome-music-agent-skills; https://github.com/awesome-genmedia/skills
musiclab-recording-and-editing-short-form-ads,creative-media-design,music-and-audio-production,Music composition and audio production,recording and editing,short-form ads,Scenario creative-agent skills; Generative media skills catalog; Music-agent topic catalog; Generative media skills index,https://github.com/scenario-labs/skills; https://github.com/calesthio/generative-media-skills; https://github.com/frankxai/awesome-music-agent-skills; https://github.com/awesome-genmedia/skills
musiclab-recording-and-editing-ambient-beds,creative-media-design,music-and-audio-production,Music composition and audio production,recording and editing,ambient beds,Scenario creative-agent skills; Generative media skills catalog; Music-agent topic catalog; Generative media skills index,https://github.com/scenario-labs/skills; https://github.com/calesthio/generative-media-skills; https://github.com/frankxai/awesome-music-agent-skills; https://github.com/awesome-genmedia/skills
musiclab-recording-and-editing-voice-led-tracks,creative-media-design,music-and-audio-production,Music composition and audio production,recording and editing,voice-led tracks,Scenario creative-agent skills; Generative media skills catalog; Music-agent topic catalog; Generative media skills index,https://github.com/scenario-labs/skills; https://github.com/calesthio/generative-media-skills; https://github.com/frankxai/awesome-music-agent-skills; https://github.com/awesome-genmedia/skills
musiclab-recording-and-editing-stem-delivery,creative-media-design,music-and-audio-production,Music composition and audio production,recording and editing,stem delivery,Scenario creative-agent skills; Generative media skills catalog; Music-agent topic catalog; Generative media skills index,https://github.com/scenario-labs/skills; https://github.com/calesthio/generative-media-skills; https://github.com/frankxai/awesome-music-agent-skills; https://github.com/awesome-genmedia/skills
musiclab-recording-and-editing-tempo-changes,creative-media-design,music-and-audio-production,Music composition and audio production,recording and editing,tempo changes,Scenario creative-agent skills; Generative media skills catalog; Music-agent topic catalog; Generative media skills index,https://github.com/scenario-labs/skills; https://github.com/calesthio/generative-media-skills; https://github.com/frankxai/awesome-music-agent-skills; https://github.com/awesome-genmedia/skills
musiclab-recording-and-editing-instrumental-variants,creative-media-design,music-and-audio-production,Music composition and audio production,recording and editing,instrumental variants,Scenario creative-agent skills; Generative media skills catalog; Music-agent topic catalog; Generative media skills index,https://github.com/scenario-labs/skills; https://github.com/calesthio/generative-media-skills; https://github.com/frankxai/awesome-music-agent-skills; https://github.com/awesome-genmedia/skills
musiclab-recording-and-editing-dynamic-range-targets,creative-media-design,music-and-audio-production,Music composition and audio production,recording and editing,dynamic-range targets,Scenario creative-agent skills; Generative media skills catalog; Music-agent topic catalog; Generative media skills index,https://github.com/scenario-labs/skills; https://github.com/calesthio/generative-media-skills; https://github.com/frankxai/awesome-music-agent-skills; https://github.com/awesome-genmedia/skills
musiclab-recording-and-editing-rights-and-credits,creative-media-design,music-and-audio-production,Music composition and audio production,recording and editing,rights and credits,Scenario creative-agent skills; Generative media skills catalog; Music-agent topic catalog; Generative media skills index,https://github.com/scenario-labs/skills; https://github.com/calesthio/generative-media-skills; https://github.com/frankxai/awesome-music-agent-skills; https://github.com/awesome-genmedia/skills
musiclab-mix-and-master-film-cues,creative-media-design,music-and-audio-production,Music composition and audio production,mix and master,film cues,Scenario creative-agent skills; Generative media skills catalog; Music-agent topic catalog; Generative media skills index,https://github.com/scenario-labs/skills; https://github.com/calesthio/generative-media-skills; https://github.com/frankxai/awesome-music-agent-skills; https://github.com/awesome-genmedia/skills
musiclab-mix-and-master-interactive-loops,creative-media-design,music-and-audio-production,Music composition and audio production,mix and master,interactive loops,Scenario creative-agent skills; Generative media skills catalog; Music-agent topic catalog; Generative media skills index,https://github.com/scenario-labs/skills; https://github.com/calesthio/generative-media-skills; https://github.com/frankxai/awesome-music-agent-skills; https://github.com/awesome-genmedia/skills
musiclab-mix-and-master-short-form-ads,creative-media-design,music-and-audio-production,Music composition and audio production,mix and master,short-form ads,Scenario creative-agent skills; Generative media skills catalog; Music-agent topic catalog; Generative media skills index,https://github.com/scenario-labs/skills; https://github.com/calesthio/generative-media-skills; https://github.com/frankxai/awesome-music-agent-skills; https://github.com/awesome-genmedia/skills
musiclab-mix-and-master-ambient-beds,creative-media-design,music-and-audio-production,Music composition and audio production,mix and master,ambient beds,Scenario creative-agent skills; Generative media skills catalog; Music-agent topic catalog; Generative media skills index,https://github.com/scenario-labs/skills; https://github.com/calesthio/generative-media-skills; https://github.com/frankxai/awesome-music-agent-skills; https://github.com/awesome-genmedia/skills
musiclab-mix-and-master-voice-led-tracks,creative-media-design,music-and-audio-production,Music composition and audio production,mix and master,voice-led tracks,Scenario creative-agent skills; Generative media skills catalog; Music-agent topic catalog; Generative media skills index,https://github.com/scenario-labs/skills; https://github.com/calesthio/generative-media-skills; https://github.com/frankxai/awesome-music-agent-skills; https://github.com/awesome-genmedia/skills
musiclab-mix-and-master-stem-delivery,creative-media-design,music-and-audio-production,Music composition and audio production,mix and master,stem delivery,Scenario creative-agent skills; Generative media skills catalog; Music-agent topic catalog; Generative media skills index,https://github.com/scenario-labs/skills; https://github.com/calesthio/generative-media-skills; https://github.com/frankxai/awesome-music-agent-skills; https://github.com/awesome-genmedia/skills
musiclab-mix-and-master-tempo-changes,creative-media-design,music-and-audio-production,Music composition and audio production,mix and master,tempo changes,Scenario creative-agent skills; Generative media skills catalog; Music-agent topic catalog; Generative media skills index,https://github.com/scenario-labs/skills; https://github.com/calesthio/generative-media-skills; https://github.com/frankxai/awesome-music-agent-skills; https://github.com/awesome-genmedia/skills
musiclab-mix-and-master-instrumental-variants,creative-media-design,music-and-audio-production,Music composition and audio production,mix and master,instrumental variants,Scenario creative-agent skills; Generative media skills catalog; Music-agent topic catalog; Generative media skills index,https://github.com/scenario-labs/skills; https://github.com/calesthio/generative-media-skills; https://github.com/frankxai/awesome-music-agent-skills; https://github.com/awesome-genmedia/skills
musiclab-mix-and-master-dynamic-range-targets,creative-media-design,music-and-audio-production,Music composition and audio production,mix and master,dynamic-range targets,Scenario creative-agent skills; Generative media skills catalog; Music-agent topic catalog; Generative media skills index,https://github.com/scenario-labs/skills; https://github.com/calesthio/generative-media-skills; https://github.com/frankxai/awesome-music-agent-skills; https://github.com/awesome-genmedia/skills
musiclab-mix-and-master-rights-and-credits,creative-media-design,music-and-audio-production,Music composition and audio production,mix and master,rights and credits,Scenario creative-agent skills; Generative media skills catalog; Music-agent topic catalog; Generative media skills index,https://github.com/scenario-labs/skills; https://github.com/calesthio/generative-media-skills; https://github.com/frankxai/awesome-music-agent-skills; https://github.com/awesome-genmedia/skills
soundlab-foley-capture-game-interfaces,creative-media-design,sound-design-and-effects,Sound design and sound effects,foley capture,game interfaces,Scenario creative-agent skills; Generative media skills catalog; Music-agent topic catalog; Generative media skills index,https://github.com/scenario-labs/skills; https://github.com/calesthio/generative-media-skills; https://github.com/frankxai/awesome-music-agent-skills; https://github.com/awesome-genmedia/skills
soundlab-foley-capture-cinematic-scenes,creative-media-design,sound-design-and-effects,Sound design and sound effects,foley capture,cinematic scenes,Scenario creative-agent skills; Generative media skills catalog; Music-agent topic catalog; Generative media skills index,https://github.com/scenario-labs/skills; https://github.com/calesthio/generative-media-skills; https://github.com/frankxai/awesome-music-agent-skills; https://github.com/awesome-genmedia/skills
soundlab-foley-capture-product-interactions,creative-media-design,sound-design-and-effects,Sound design and sound effects,foley capture,product interactions,Scenario creative-agent skills; Generative media skills catalog; Music-agent topic catalog; Generative media skills index,https://github.com/scenario-labs/skills; https://github.com/calesthio/generative-media-skills; https://github.com/frankxai/awesome-music-agent-skills; https://github.com/awesome-genmedia/skills
soundlab-foley-capture-room-scale-realism,creative-media-design,sound-design-and-effects,Sound design and sound effects,foley capture,room-scale realism,Scenario creative-agent skills; Generative media skills catalog; Music-agent topic catalog; Generative media skills index,https://github.com/scenario-labs/skills; https://github.com/calesthio/generative-media-skills; https://github.com/frankxai/awesome-music-agent-skills; https://github.com/awesome-genmedia/skills
soundlab-foley-capture-accessibility-cues,creative-media-design,sound-design-and-effects,Sound design and sound effects,foley capture,accessibility cues,Scenario creative-agent skills; Generative media skills catalog; Music-agent topic catalog; Generative media skills index,https://github.com/scenario-labs/skills; https://github.com/calesthio/generative-media-skills; https://github.com/frankxai/awesome-music-agent-skills; https://github.com/awesome-genmedia/skills
soundlab-foley-capture-layered-transitions,creative-media-design,sound-design-and-effects,Sound design and sound effects,foley capture,layered transitions,Scenario creative-agent skills; Generative media skills catalog; Music-agent topic catalog; Generative media skills index,https://github.com/scenario-labs/skills; https://github.com/calesthio/generative-media-skills; https://github.com/frankxai/awesome-music-agent-skills; https://github.com/awesome-genmedia/skills
soundlab-foley-capture-speech-intelligibility,creative-media-design,sound-design-and-effects,Sound design and sound effects,foley capture,speech intelligibility,Scenario creative-agent skills; Generative media skills catalog; Music-agent topic catalog; Generative media skills index,https://github.com/scenario-labs/skills; https://github.com/calesthio/generative-media-skills; https://github.com/frankxai/awesome-music-agent-skills; https://github.com/awesome-genmedia/skills
soundlab-foley-capture-loudness-targets,creative-media-design,sound-design-and-effects,Sound design and sound effects,foley capture,loudness targets,Scenario creative-agent skills; Generative media skills catalog; Music-agent topic catalog; Generative media skills index,https://github.com/scenario-labs/skills; https://github.com/calesthio/generative-media-skills; https://github.com/frankxai/awesome-music-agent-skills; https://github.com/awesome-genmedia/skills
soundlab-foley-capture-multichannel-delivery,creative-media-design,sound-design-and-effects,Sound design and sound effects,foley capture,multichannel delivery,Scenario creative-agent skills; Generative media skills catalog; Music-agent topic catalog; Generative media skills index,https://github.com/scenario-labs/skills; https://github.com/calesthio/generative-media-skills; https://github.com/frankxai/awesome-music-agent-skills; https://github.com/awesome-genmedia/skills
soundlab-foley-capture-rights-and-provenance,creative-media-design,sound-design-and-effects,Sound design and sound effects,foley capture,rights and provenance,Scenario creative-agent skills; Generative media skills catalog; Music-agent topic catalog; Generative media skills index,https://github.com/scenario-labs/skills; https://github.com/calesthio/generative-media-skills; https://github.com/frankxai/awesome-music-agent-skills; https://github.com/awesome-genmedia/skills
soundlab-sound-effect-synthesis-game-interfaces,creative-media-design,sound-design-and-effects,Sound design and sound effects,sound-effect synthesis,game interfaces,Scenario creative-agent skills; Generative media skills catalog; Music-agent topic catalog; Generative media skills index,https://github.com/scenario-labs/skills; https://github.com/calesthio/generative-media-skills; https://github.com/frankxai/awesome-music-agent-skills; https://github.com/awesome-genmedia/skills
soundlab-sound-effect-synthesis-cinematic-scenes,creative-media-design,sound-design-and-effects,Sound design and sound effects,sound-effect synthesis,cinematic scenes,Scenario creative-agent skills; Generative media skills catalog; Music-agent topic catalog; Generative media skills index,https://github.com/scenario-labs/skills; https://github.com/calesthio/generative-media-skills; https://github.com/frankxai/awesome-music-agent-skills; https://github.com/awesome-genmedia/skills
soundlab-sound-effect-synthesis-product-interactions,creative-media-design,sound-design-and-effects,Sound design and sound effects,sound-effect synthesis,product interactions,Scenario creative-agent skills; Generative media skills catalog; Music-agent topic catalog; Generative media skills index,https://github.com/scenario-labs/skills; https://github.com/calesthio/generative-media-skills; https://github.com/frankxai/awesome-music-agent-skills; https://github.com/awesome-genmedia/skills
soundlab-sound-effect-synthesis-room-scale-realism,creative-media-design,sound-design-and-effects,Sound design and sound effects,sound-effect synthesis,room-scale realism,Scenario creative-agent skills; Generative media skills catalog; Music-agent topic catalog; Generative media skills index,https://github.com/scenario-labs/skills; https://github.com/calesthio/generative-media-skills; https://github.com/frankxai/awesome-music-agent-skills; https://github.com/awesome-genmedia/skills
soundlab-sound-effect-synthesis-accessibility-cues,creative-media-design,sound-design-and-effects,Sound design and sound effects,sound-effect synthesis,accessibility cues,Scenario creative-agent skills; Generative media skills catalog; Music-agent topic catalog; Generative media skills index,https://github.com/scenario-labs/skills; https://github.com/calesthio/generative-media-skills; https://github.com/frankxai/awesome-music-agent-skills; https://github.com/awesome-genmedia/skills
soundlab-sound-effect-synthesis-layered-transitions,creative-media-design,sound-design-and-effects,Sound design and sound effects,sound-effect synthesis,layered transitions,Scenario creative-agent skills; Generative media skills catalog; Music-agent topic catalog; Generative media skills index,https://github.com/scenario-labs/skills; https://github.com/calesthio/generative-media-skills; https://github.com/frankxai/awesome-music-agent-skills; https://github.com/awesome-genmedia/skills
soundlab-sound-effect-synthesis-speech-intelligibility,creative-media-design,sound-design-and-effects,Sound design and sound effects,sound-effect synthesis,speech intelligibility,Scenario creative-agent skills; Generative media skills catalog; Music-agent topic catalog; Generative media skills index,https://github.com/scenario-labs/skills; https://github.com/calesthio/generative-media-skills; https://github.com/frankxai/awesome-music-agent-skills; https://github.com/awesome-genmedia/skills
soundlab-sound-effect-synthesis-loudness-targets,creative-media-design,sound-design-and-effects,Sound design and sound effects,sound-effect synthesis,loudness targets,Scenario creative-agent skills; Generative media skills catalog; Music-agent topic catalog; Generative media skills index,https://github.com/scenario-labs/skills; https://github.com/calesthio/generative-media-skills; https://github.com/frankxai/awesome-music-agent-skills; https://github.com/awesome-genmedia/skills
soundlab-sound-effect-synthesis-multichannel-delivery,creative-media-design,sound-design-and-effects,Sound design and sound effects,sound-effect synthesis,multichannel delivery,Scenario creative-agent skills; Generative media skills catalog; Music-agent topic catalog; Generative media skills index,https://github.com/scenario-labs/skills; https://github.com/calesthio/generative-media-skills; https://github.com/frankxai/awesome-music-agent-skills; https://github.com/awesome-genmedia/skills
soundlab-sound-effect-synthesis-rights-and-provenance,creative-media-design,sound-design-and-effects,Sound design and sound effects,sound-effect synthesis,rights and provenance,Scenario creative-agent skills; Generative media skills catalog; Music-agent topic catalog; Generative media skills index,https://github.com/scenario-labs/skills; https://github.com/calesthio/generative-media-skills; https://github.com/frankxai/awesome-music-agent-skills; https://github.com/awesome-genmedia/skills
soundlab-environmental-ambiences-game-interfaces,creative-media-design,sound-design-and-effects,Sound design and sound effects,environmental ambiences,game interfaces,Scenario creative-agent skills; Generative media skills catalog; Music-agent topic catalog; Generative media skills index,https://github.com/scenario-labs/skills; https://github.com/calesthio/generative-media-skills; https://github.com/frankxai/awesome-music-agent-skills; https://github.com/awesome-genmedia/skills
soundlab-environmental-ambiences-cinematic-scenes,creative-media-design,sound-design-and-effects,Sound design and sound effects,environmental ambiences,cinematic scenes,Scenario creative-agent skills; Generative media skills catalog; Music-agent topic catalog; Generative media skills index,https://github.com/scenario-labs/skills; https://github.com/calesthio/generative-media-skills; https://github.com/frankxai/awesome-music-agent-skills; https://github.com/awesome-genmedia/skills
soundlab-environmental-ambiences-product-interactions,creative-media-design,sound-design-and-effects,Sound design and sound effects,environmental ambiences,product interactions,Scenario creative-agent skills; Generative media skills catalog; Music-agent topic catalog; Generative media skills index,https://github.com/scenario-labs/skills; https://github.com/calesthio/generative-media-skills; https://github.com/frankxai/awesome-music-agent-skills; https://github.com/awesome-genmedia/skills
soundlab-environmental-ambiences-room-scale-realism,creative-media-design,sound-design-and-effects,Sound design and sound effects,environmental ambiences,room-scale realism,Scenario creative-agent skills; Generative media skills catalog; Music-agent topic catalog; Generative media skills index,https://github.com/scenario-labs/skills; https://github.com/calesthio/generative-media-skills; https://github.com/frankxai/awesome-music-agent-skills; https://github.com/awesome-genmedia/skills
soundlab-environmental-ambiences-accessibility-cues,creative-media-design,sound-design-and-effects,Sound design and sound effects,environmental ambiences,accessibility cues,Scenario creative-agent skills; Generative media skills catalog; Music-agent topic catalog; Generative media skills index,https://github.com/scenario-labs/skills; https://github.com/calesthio/generative-media-skills; https://github.com/frankxai/awesome-music-agent-skills; https://github.com/awesome-genmedia/skills
soundlab-environmental-ambiences-layered-transitions,creative-media-design,sound-design-and-effects,Sound design and sound effects,environmental ambiences,layered transitions,Scenario creative-agent skills; Generative media skills catalog; Music-agent topic catalog; Generative media skills index,https://github.com/scenario-labs/skills; https://github.com/calesthio/generative-media-skills; https://github.com/frankxai/awesome-music-agent-skills; https://github.com/awesome-genmedia/skills
soundlab-environmental-ambiences-speech-intelligibility,creative-media-design,sound-design-and-effects,Sound design and sound effects,environmental ambiences,speech intelligibility,Scenario creative-agent skills; Generative media skills catalog; Music-agent topic catalog; Generative media skills index,https://github.com/scenario-labs/skills; https://github.com/calesthio/generative-media-skills; https://github.com/frankxai/awesome-music-agent-skills; https://github.com/awesome-genmedia/skills
soundlab-environmental-ambiences-loudness-targets,creative-media-design,sound-design-and-effects,Sound design and sound effects,environmental ambiences,loudness targets,Scenario creative-agent skills; Generative media skills catalog; Music-agent topic catalog; Generative media skills index,https://github.com/scenario-labs/skills; https://github.com/calesthio/generative-media-skills; https://github.com/frankxai/awesome-music-agent-skills; https://github.com/awesome-genmedia/skills
soundlab-environmental-ambiences-multichannel-delivery,creative-media-design,sound-design-and-effects,Sound design and sound effects,environmental ambiences,multichannel delivery,Scenario creative-agent skills; Generative media skills catalog; Music-agent topic catalog; Generative media skills index,https://github.com/scenario-labs/skills; https://github.com/calesthio/generative-media-skills; https://github.com/frankxai/awesome-music-agent-skills; https://github.com/awesome-genmedia/skills
soundlab-environmental-ambiences-rights-and-provenance,creative-media-design,sound-design-and-effects,Sound design and sound effects,environmental ambiences,rights and provenance,Scenario creative-agent skills; Generative media skills catalog; Music-agent topic catalog; Generative media skills index,https://github.com/scenario-labs/skills; https://github.com/calesthio/generative-media-skills; https://github.com/frankxai/awesome-music-agent-skills; https://github.com/awesome-genmedia/skills
soundlab-dialogue-cleanup-game-interfaces,creative-media-design,sound-design-and-effects,Sound design and sound effects,dialogue cleanup,game interfaces,Scenario creative-agent skills; Generative media skills catalog; Music-agent topic catalog; Generative media skills index,https://github.com/scenario-labs/skills; https://github.com/calesthio/generative-media-skills; https://github.com/frankxai/awesome-music-agent-skills; https://github.com/awesome-genmedia/skills
soundlab-dialogue-cleanup-cinematic-scenes,creative-media-design,sound-design-and-effects,Sound design and sound effects,dialogue cleanup,cinematic scenes,Scenario creative-agent skills; Generative media skills catalog; Music-agent topic catalog; Generative media skills index,https://github.com/scenario-labs/skills; https://github.com/calesthio/generative-media-skills; https://github.com/frankxai/awesome-music-agent-skills; https://github.com/awesome-genmedia/skills
soundlab-dialogue-cleanup-product-interactions,creative-media-design,sound-design-and-effects,Sound design and sound effects,dialogue cleanup,product interactions,Scenario creative-agent skills; Generative media skills catalog; Music-agent topic catalog; Generative media skills index,https://github.com/scenario-labs/skills; https://github.com/calesthio/generative-media-skills; https://github.com/frankxai/awesome-music-agent-skills; https://github.com/awesome-genmedia/skills
soundlab-dialogue-cleanup-room-scale-realism,creative-media-design,sound-design-and-effects,Sound design and sound effects,dialogue cleanup,room-scale realism,Scenario creative-agent skills; Generative media skills catalog; Music-agent topic catalog; Generative media skills index,https://github.com/scenario-labs/skills; https://github.com/calesthio/generative-media-skills; https://github.com/frankxai/awesome-music-agent-skills; https://github.com/awesome-genmedia/skills
soundlab-dialogue-cleanup-accessibility-cues,creative-media-design,sound-design-and-effects,Sound design and sound effects,dialogue cleanup,accessibility cues,Scenario creative-agent skills; Generative media skills catalog; Music-agent topic catalog; Generative media skills index,https://github.com/scenario-labs/skills; https://github.com/calesthio/generative-media-skills; https://github.com/frankxai/awesome-music-agent-skills; https://github.com/awesome-genmedia/skills
soundlab-dialogue-cleanup-layered-transitions,creative-media-design,sound-design-and-effects,Sound design and sound effects,dialogue cleanup,layered transitions,Scenario creative-agent skills; Generative media skills catalog; Music-agent topic catalog; Generative media skills index,https://github.com/scenario-labs/skills; https://github.com/calesthio/generative-media-skills; https://github.com/frankxai/awesome-music-agent-skills; https://github.com/awesome-genmedia/skills
soundlab-dialogue-cleanup-speech-intelligibility,creative-media-design,sound-design-and-effects,Sound design and sound effects,dialogue cleanup,speech intelligibility,Scenario creative-agent skills; Generative media skills catalog; Music-agent topic catalog; Generative media skills index,https://github.com/scenario-labs/skills; https://github.com/calesthio/generative-media-skills; https://github.com/frankxai/awesome-music-agent-skills; https://github.com/awesome-genmedia/skills
soundlab-dialogue-cleanup-loudness-targets,creative-media-design,sound-design-and-effects,Sound design and sound effects,dialogue cleanup,loudness targets,Scenario creative-agent skills; Generative media skills catalog; Music-agent topic catalog; Generative media skills index,https://github.com/scenario-labs/skills; https://github.com/calesthio/generative-media-skills; https://github.com/frankxai/awesome-music-agent-skills; https://github.com/awesome-genmedia/skills
soundlab-dialogue-cleanup-multichannel-delivery,creative-media-design,sound-design-and-effects,Sound design and sound effects,dialogue cleanup,multichannel delivery,Scenario creative-agent skills; Generative media skills catalog; Music-agent topic catalog; Generative media skills index,https://github.com/scenario-labs/skills; https://github.com/calesthio/generative-media-skills; https://github.com/frankxai/awesome-music-agent-skills; https://github.com/awesome-genmedia/skills
soundlab-dialogue-cleanup-rights-and-provenance,creative-media-design,sound-design-and-effects,Sound design and sound effects,dialogue cleanup,rights and provenance,Scenario creative-agent skills; Generative media skills catalog; Music-agent topic catalog; Generative media skills index,https://github.com/scenario-labs/skills; https://github.com/calesthio/generative-media-skills; https://github.com/frankxai/awesome-music-agent-skills; https://github.com/awesome-genmedia/skills
soundlab-spatial-audio-placement-game-interfaces,creative-media-design,sound-design-and-effects,Sound design and sound effects,spatial audio placement,game interfaces,Scenario creative-agent skills; Generative media skills catalog; Music-agent topic catalog; Generative media skills index,https://github.com/scenario-labs/skills; https://github.com/calesthio/generative-media-skills; https://github.com/frankxai/awesome-music-agent-skills; https://github.com/awesome-genmedia/skills
soundlab-spatial-audio-placement-cinematic-scenes,creative-media-design,sound-design-and-effects,Sound design and sound effects,spatial audio placement,cinematic scenes,Scenario creative-agent skills; Generative media skills catalog; Music-agent topic catalog; Generative media skills index,https://github.com/scenario-labs/skills; https://github.com/calesthio/generative-media-skills; https://github.com/frankxai/awesome-music-agent-skills; https://github.com/awesome-genmedia/skills
soundlab-spatial-audio-placement-product-interactions,creative-media-design,sound-design-and-effects,Sound design and sound effects,spatial audio placement,product interactions,Scenario creative-agent skills; Generative media skills catalog; Music-agent topic catalog; Generative media skills index,https://github.com/scenario-labs/skills; https://github.com/calesthio/generative-media-skills; https://github.com/frankxai/awesome-music-agent-skills; https://github.com/awesome-genmedia/skills
soundlab-spatial-audio-placement-room-scale-realism,creative-media-design,sound-design-and-effects,Sound design and sound effects,spatial audio placement,room-scale realism,Scenario creative-agent skills; Generative media skills catalog; Music-agent topic catalog; Generative media skills index,https://github.com/scenario-labs/skills; https://github.com/calesthio/generative-media-skills; https://github.com/frankxai/awesome-music-agent-skills; https://github.com/awesome-genmedia/skills
soundlab-spatial-audio-placement-accessibility-cues,creative-media-design,sound-design-and-effects,Sound design and sound effects,spatial audio placement,accessibility cues,Scenario creative-agent skills; Generative media skills catalog; Music-agent topic catalog; Generative media skills index,https://github.com/scenario-labs/skills; https://github.com/calesthio/generative-media-skills; https://github.com/frankxai/awesome-music-agent-skills; https://github.com/awesome-genmedia/skills
soundlab-spatial-audio-placement-layered-transitions,creative-media-design,sound-design-and-effects,Sound design and sound effects,spatial audio placement,layered transitions,Scenario creative-agent skills; Generative media skills catalog; Music-agent topic catalog; Generative media skills index,https://github.com/scenario-labs/skills; https://github.com/calesthio/generative-media-skills; https://github.com/frankxai/awesome-music-agent-skills; https://github.com/awesome-genmedia/skills
soundlab-spatial-audio-placement-speech-intelligibility,creative-media-design,sound-design-and-effects,Sound design and sound effects,spatial audio placement,speech intelligibility,Scenario creative-agent skills; Generative media skills catalog; Music-agent topic catalog; Generative media skills index,https://github.com/scenario-labs/skills; https://github.com/calesthio/generative-media-skills; https://github.com/frankxai/awesome-music-agent-skills; https://github.com/awesome-genmedia/skills
soundlab-spatial-audio-placement-loudness-targets,creative-media-design,sound-design-and-effects,Sound design and sound effects,spatial audio placement,loudness targets,Scenario creative-agent skills; Generative media skills catalog; Music-agent topic catalog; Generative media skills index,https://github.com/scenario-labs/skills; https://github.com/calesthio/generative-media-skills; https://github.com/frankxai/awesome-music-agent-skills; https://github.com/awesome-genmedia/skills
soundlab-spatial-audio-placement-multichannel-delivery,creative-media-design,sound-design-and-effects,Sound design and sound effects,spatial audio placement,multichannel delivery,Scenario creative-agent skills; Generative media skills catalog; Music-agent topic catalog; Generative media skills index,https://github.com/scenario-labs/skills; https://github.com/calesthio/generative-media-skills; https://github.com/frankxai/awesome-music-agent-skills; https://github.com/awesome-genmedia/skills
soundlab-spatial-audio-placement-rights-and-provenance,creative-media-design,sound-design-and-effects,Sound design and sound effects,spatial audio placement,rights and provenance,Scenario creative-agent skills; Generative media skills catalog; Music-agent topic catalog; Generative media skills index,https://github.com/scenario-labs/skills; https://github.com/calesthio/generative-media-skills; https://github.com/frankxai/awesome-music-agent-skills; https://github.com/awesome-genmedia/skills
soundlab-audio-library-curation-game-interfaces,creative-media-design,sound-design-and-effects,Sound design and sound effects,audio library curation,game interfaces,Scenario creative-agent skills; Generative media skills catalog; Music-agent topic catalog; Generative media skills index,https://github.com/scenario-labs/skills; https://github.com/calesthio/generative-media-skills; https://github.com/frankxai/awesome-music-agent-skills; https://github.com/awesome-genmedia/skills
soundlab-audio-library-curation-cinematic-scenes,creative-media-design,sound-design-and-effects,Sound design and sound effects,audio library curation,cinematic scenes,Scenario creative-agent skills; Generative media skills catalog; Music-agent topic catalog; Generative media skills index,https://github.com/scenario-labs/skills; https://github.com/calesthio/generative-media-skills; https://github.com/frankxai/awesome-music-agent-skills; https://github.com/awesome-genmedia/skills
soundlab-audio-library-curation-product-interactions,creative-media-design,sound-design-and-effects,Sound design and sound effects,audio library curation,product interactions,Scenario creative-agent skills; Generative media skills catalog; Music-agent topic catalog; Generative media skills index,https://github.com/scenario-labs/skills; https://github.com/calesthio/generative-media-skills; https://github.com/frankxai/awesome-music-agent-skills; https://github.com/awesome-genmedia/skills
soundlab-audio-library-curation-room-scale-realism,creative-media-design,sound-design-and-effects,Sound design and sound effects,audio library curation,room-scale realism,Scenario creative-agent skills; Generative media skills catalog; Music-agent topic catalog; Generative media skills index,https://github.com/scenario-labs/skills; https://github.com/calesthio/generative-media-skills; https://github.com/frankxai/awesome-music-agent-skills; https://github.com/awesome-genmedia/skills
soundlab-audio-library-curation-accessibility-cues,creative-media-design,sound-design-and-effects,Sound design and sound effects,audio library curation,accessibility cues,Scenario creative-agent skills; Generative media skills catalog; Music-agent topic catalog; Generative media skills index,https://github.com/scenario-labs/skills; https://github.com/calesthio/generative-media-skills; https://github.com/frankxai/awesome-music-agent-skills; https://github.com/awesome-genmedia/skills
soundlab-audio-library-curation-layered-transitions,creative-media-design,sound-design-and-effects,Sound design and sound effects,audio library curation,layered transitions,Scenario creative-agent skills; Generative media skills catalog; Music-agent topic catalog; Generative media skills index,https://github.com/scenario-labs/skills; https://github.com/calesthio/generative-media-skills; https://github.com/frankxai/awesome-music-agent-skills; https://github.com/awesome-genmedia/skills
soundlab-audio-library-curation-speech-intelligibility,creative-media-design,sound-design-and-effects,Sound design and sound effects,audio library curation,speech intelligibility,Scenario creative-agent skills; Generative media skills catalog; Music-agent topic catalog; Generative media skills index,https://github.com/scenario-labs/skills; https://github.com/calesthio/generative-media-skills; https://github.com/frankxai/awesome-music-agent-skills; https://github.com/awesome-genmedia/skills
soundlab-audio-library-curation-loudness-targets,creative-media-design,sound-design-and-effects,Sound design and sound effects,audio library curation,loudness targets,Scenario creative-agent skills; Generative media skills catalog; Music-agent topic catalog; Generative media skills index,https://github.com/scenario-labs/skills; https://github.com/calesthio/generative-media-skills; https://github.com/frankxai/awesome-music-agent-skills; https://github.com/awesome-genmedia/skills
soundlab-audio-library-curation-multichannel-delivery,creative-media-design,sound-design-and-effects,Sound design and sound effects,audio library curation,multichannel delivery,Scenario creative-agent skills; Generative media skills catalog; Music-agent topic catalog; Generative media skills index,https://github.com/scenario-labs/skills; https://github.com/calesthio/generative-media-skills; https://github.com/frankxai/awesome-music-agent-skills; https://github.com/awesome-genmedia/skills
soundlab-audio-library-curation-rights-and-provenance,creative-media-design,sound-design-and-effects,Sound design and sound effects,audio library curation,rights and provenance,Scenario creative-agent skills; Generative media skills catalog; Music-agent topic catalog; Generative media skills index,https://github.com/scenario-labs/skills; https://github.com/calesthio/generative-media-skills; https://github.com/frankxai/awesome-music-agent-skills; https://github.com/awesome-genmedia/skills
soundlab-mix-integration-game-interfaces,creative-media-design,sound-design-and-effects,Sound design and sound effects,mix integration,game interfaces,Scenario creative-agent skills; Generative media skills catalog; Music-agent topic catalog; Generative media skills index,https://github.com/scenario-labs/skills; https://github.com/calesthio/generative-media-skills; https://github.com/frankxai/awesome-music-agent-skills; https://github.com/awesome-genmedia/skills
soundlab-mix-integration-cinematic-scenes,creative-media-design,sound-design-and-effects,Sound design and sound effects,mix integration,cinematic scenes,Scenario creative-agent skills; Generative media skills catalog; Music-agent topic catalog; Generative media skills index,https://github.com/scenario-labs/skills; https://github.com/calesthio/generative-media-skills; https://github.com/frankxai/awesome-music-agent-skills; https://github.com/awesome-genmedia/skills
soundlab-mix-integration-product-interactions,creative-media-design,sound-design-and-effects,Sound design and sound effects,mix integration,product interactions,Scenario creative-agent skills; Generative media skills catalog; Music-agent topic catalog; Generative media skills index,https://github.com/scenario-labs/skills; https://github.com/calesthio/generative-media-skills; https://github.com/frankxai/awesome-music-agent-skills; https://github.com/awesome-genmedia/skills
soundlab-mix-integration-room-scale-realism,creative-media-design,sound-design-and-effects,Sound design and sound effects,mix integration,room-scale realism,Scenario creative-agent skills; Generative media skills catalog; Music-agent topic catalog; Generative media skills index,https://github.com/scenario-labs/skills; https://github.com/calesthio/generative-media-skills; https://github.com/frankxai/awesome-music-agent-skills; https://github.com/awesome-genmedia/skills
soundlab-mix-integration-accessibility-cues,creative-media-design,sound-design-and-effects,Sound design and sound effects,mix integration,accessibility cues,Scenario creative-agent skills; Generative media skills catalog; Music-agent topic catalog; Generative media skills index,https://github.com/scenario-labs/skills; https://github.com/calesthio/generative-media-skills; https://github.com/frankxai/awesome-music-agent-skills; https://github.com/awesome-genmedia/skills
soundlab-mix-integration-layered-transitions,creative-media-design,sound-design-and-effects,Sound design and sound effects,mix integration,layered transitions,Scenario creative-agent skills; Generative media skills catalog; Music-agent topic catalog; Generative media skills index,https://github.com/scenario-labs/skills; https://github.com/calesthio/generative-media-skills; https://github.com/frankxai/awesome-music-agent-skills; https://github.com/awesome-genmedia/skills
soundlab-mix-integration-speech-intelligibility,creative-media-design,sound-design-and-effects,Sound design and sound effects,mix integration,speech intelligibility,Scenario creative-agent skills; Generative media skills catalog; Music-agent topic catalog; Generative media skills index,https://github.com/scenario-labs/skills; https://github.com/calesthio/generative-media-skills; https://github.com/frankxai/awesome-music-agent-skills; https://github.com/awesome-genmedia/skills
soundlab-mix-integration-loudness-targets,creative-media-design,sound-design-and-effects,Sound design and sound effects,mix integration,loudness targets,Scenario creative-agent skills; Generative media skills catalog; Music-agent topic catalog; Generative media skills index,https://github.com/scenario-labs/skills; https://github.com/calesthio/generative-media-skills; https://github.com/frankxai/awesome-music-agent-skills; https://github.com/awesome-genmedia/skills
soundlab-mix-integration-multichannel-delivery,creative-media-design,sound-design-and-effects,Sound design and sound effects,mix integration,multichannel delivery,Scenario creative-agent skills; Generative media skills catalog; Music-agent topic catalog; Generative media skills index,https://github.com/scenario-labs/skills; https://github.com/calesthio/generative-media-skills; https://github.com/frankxai/awesome-music-agent-skills; https://github.com/awesome-genmedia/skills
soundlab-mix-integration-rights-and-provenance,creative-media-design,sound-design-and-effects,Sound design and sound effects,mix integration,rights and provenance,Scenario creative-agent skills; Generative media skills catalog; Music-agent topic catalog; Generative media skills index,https://github.com/scenario-labs/skills; https://github.com/calesthio/generative-media-skills; https://github.com/frankxai/awesome-music-agent-skills; https://github.com/awesome-genmedia/skills
videolab-storyboarding-tutorial-videos,creative-media-design,video-production-and-post,Video production and post-production,storyboarding,tutorial videos,Scenario creative-agent skills; Generative media skills catalog; Generative media skills index,https://github.com/scenario-labs/skills; https://github.com/calesthio/generative-media-skills; https://github.com/awesome-genmedia/skills
videolab-storyboarding-product-demonstrations,creative-media-design,video-production-and-post,Video production and post-production,storyboarding,product demonstrations,Scenario creative-agent skills; Generative media skills catalog; Generative media skills index,https://github.com/scenario-labs/skills; https://github.com/calesthio/generative-media-skills; https://github.com/awesome-genmedia/skills
videolab-storyboarding-music-videos,creative-media-design,video-production-and-post,Video production and post-production,storyboarding,music videos,Scenario creative-agent skills; Generative media skills catalog; Generative media skills index,https://github.com/scenario-labs/skills; https://github.com/calesthio/generative-media-skills; https://github.com/awesome-genmedia/skills
videolab-storyboarding-documentary-interviews,creative-media-design,video-production-and-post,Video production and post-production,storyboarding,documentary interviews,Scenario creative-agent skills; Generative media skills catalog; Generative media skills index,https://github.com/scenario-labs/skills; https://github.com/calesthio/generative-media-skills; https://github.com/awesome-genmedia/skills
videolab-storyboarding-vertical-shorts,creative-media-design,video-production-and-post,Video production and post-production,storyboarding,vertical shorts,Scenario creative-agent skills; Generative media skills catalog; Generative media skills index,https://github.com/scenario-labs/skills; https://github.com/calesthio/generative-media-skills; https://github.com/awesome-genmedia/skills
videolab-storyboarding-screen-recordings,creative-media-design,video-production-and-post,Video production and post-production,storyboarding,screen recordings,Scenario creative-agent skills; Generative media skills catalog; Generative media skills index,https://github.com/scenario-labs/skills; https://github.com/calesthio/generative-media-skills; https://github.com/awesome-genmedia/skills
videolab-storyboarding-multicamera-sequences,creative-media-design,video-production-and-post,Video production and post-production,storyboarding,multicamera sequences,Scenario creative-agent skills; Generative media skills catalog; Generative media skills index,https://github.com/scenario-labs/skills; https://github.com/calesthio/generative-media-skills; https://github.com/awesome-genmedia/skills
videolab-storyboarding-subtitles-and-translations,creative-media-design,video-production-and-post,Video production and post-production,storyboarding,subtitles and translations,Scenario creative-agent skills; Generative media skills catalog; Generative media skills index,https://github.com/scenario-labs/skills; https://github.com/calesthio/generative-media-skills; https://github.com/awesome-genmedia/skills
videolab-storyboarding-brand-campaigns,creative-media-design,video-production-and-post,Video production and post-production,storyboarding,brand campaigns,Scenario creative-agent skills; Generative media skills catalog; Generative media skills index,https://github.com/scenario-labs/skills; https://github.com/calesthio/generative-media-skills; https://github.com/awesome-genmedia/skills
videolab-storyboarding-approval-and-revision-cycles,creative-media-design,video-production-and-post,Video production and post-production,storyboarding,approval and revision cycles,Scenario creative-agent skills; Generative media skills catalog; Generative media skills index,https://github.com/scenario-labs/skills; https://github.com/calesthio/generative-media-skills; https://github.com/awesome-genmedia/skills
videolab-production-planning-tutorial-videos,creative-media-design,video-production-and-post,Video production and post-production,production planning,tutorial videos,Scenario creative-agent skills; Generative media skills catalog; Generative media skills index,https://github.com/scenario-labs/skills; https://github.com/calesthio/generative-media-skills; https://github.com/awesome-genmedia/skills
videolab-production-planning-product-demonstrations,creative-media-design,video-production-and-post,Video production and post-production,production planning,product demonstrations,Scenario creative-agent skills; Generative media skills catalog; Generative media skills index,https://github.com/scenario-labs/skills; https://github.com/calesthio/generative-media-skills; https://github.com/awesome-genmedia/skills
videolab-production-planning-music-videos,creative-media-design,video-production-and-post,Video production and post-production,production planning,music videos,Scenario creative-agent skills; Generative media skills catalog; Generative media skills index,https://github.com/scenario-labs/skills; https://github.com/calesthio/generative-media-skills; https://github.com/awesome-genmedia/skills
videolab-production-planning-documentary-interviews,creative-media-design,video-production-and-post,Video production and post-production,production planning,documentary interviews,Scenario creative-agent skills; Generative media skills catalog; Generative media skills index,https://github.com/scenario-labs/skills; https://github.com/calesthio/generative-media-skills; https://github.com/awesome-genmedia/skills
videolab-production-planning-vertical-shorts,creative-media-design,video-production-and-post,Video production and post-production,production planning,vertical shorts,Scenario creative-agent skills; Generative media skills catalog; Generative media skills index,https://github.com/scenario-labs/skills; https://github.com/calesthio/generative-media-skills; https://github.com/awesome-genmedia/skills
videolab-production-planning-screen-recordings,creative-media-design,video-production-and-post,Video production and post-production,production planning,screen recordings,Scenario creative-agent skills; Generative media skills catalog; Generative media skills index,https://github.com/scenario-labs/skills; https://github.com/calesthio/generative-media-skills; https://github.com/awesome-genmedia/skills
videolab-production-planning-multicamera-sequences,creative-media-design,video-production-and-post,Video production and post-production,production planning,multicamera sequences,Scenario creative-agent skills; Generative media skills catalog; Generative media skills index,https://github.com/scenario-labs/skills; https://github.com/calesthio/generative-media-skills; https://github.com/awesome-genmedia/skills
videolab-production-planning-subtitles-and-translations,creative-media-design,video-production-and-post,Video production and post-production,production planning,subtitles and translations,Scenario creative-agent skills; Generative media skills catalog; Generative media skills index,https://github.com/scenario-labs/skills; https://github.com/calesthio/generative-media-skills; https://github.com/awesome-genmedia/skills
videolab-production-planning-brand-campaigns,creative-media-design,video-production-and-post,Video production and post-production,production planning,brand campaigns,Scenario creative-agent skills; Generative media skills catalog; Generative media skills index,https://github.com/scenario-labs/skills; https://github.com/calesthio/generative-media-skills; https://github.com/awesome-genmedia/skills
videolab-production-planning-approval-and-revision-cycles,creative-media-design,video-production-and-post,Video production and post-production,production planning,approval and revision cycles,Scenario creative-agent skills; Generative media skills catalog; Generative media skills index,https://github.com/scenario-labs/skills; https://github.com/calesthio/generative-media-skills; https://github.com/awesome-genmedia/skills
videolab-timeline-editing-tutorial-videos,creative-media-design,video-production-and-post,Video production and post-production,timeline editing,tutorial videos,Scenario creative-agent skills; Generative media skills catalog; Generative media skills index,https://github.com/scenario-labs/skills; https://github.com/calesthio/generative-media-skills; https://github.com/awesome-genmedia/skills
videolab-timeline-editing-product-demonstrations,creative-media-design,video-production-and-post,Video production and post-production,timeline editing,product demonstrations,Scenario creative-agent skills; Generative media skills catalog; Generative media skills index,https://github.com/scenario-labs/skills; https://github.com/calesthio/generative-media-skills; https://github.com/awesome-genmedia/skills
videolab-timeline-editing-music-videos,creative-media-design,video-production-and-post,Video production and post-production,timeline editing,music videos,Scenario creative-agent skills; Generative media skills catalog; Generative media skills index,https://github.com/scenario-labs/skills; https://github.com/calesthio/generative-media-skills; https://github.com/awesome-genmedia/skills
videolab-timeline-editing-documentary-interviews,creative-media-design,video-production-and-post,Video production and post-production,timeline editing,documentary interviews,Scenario creative-agent skills; Generative media skills catalog; Generative media skills index,https://github.com/scenario-labs/skills; https://github.com/calesthio/generative-media-skills; https://github.com/awesome-genmedia/skills
videolab-timeline-editing-vertical-shorts,creative-media-design,video-production-and-post,Video production and post-production,timeline editing,vertical shorts,Scenario creative-agent skills; Generative media skills catalog; Generative media skills index,https://github.com/scenario-labs/skills; https://github.com/calesthio/generative-media-skills; https://github.com/awesome-genmedia/skills
videolab-timeline-editing-screen-recordings,creative-media-design,video-production-and-post,Video production and post-production,timeline editing,screen recordings,Scenario creative-agent skills; Generative media skills catalog; Generative media skills index,https://github.com/scenario-labs/skills; https://github.com/calesthio/generative-media-skills; https://github.com/awesome-genmedia/skills
videolab-timeline-editing-multicamera-sequences,creative-media-design,video-production-and-post,Video production and post-production,timeline editing,multicamera sequences,Scenario creative-agent skills; Generative media skills catalog; Generative media skills index,https://github.com/scenario-labs/skills; https://github.com/calesthio/generative-media-skills; https://github.com/awesome-genmedia/skills
videolab-timeline-editing-subtitles-and-translations,creative-media-design,video-production-and-post,Video production and post-production,timeline editing,subtitles and translations,Scenario creative-agent skills; Generative media skills catalog; Generative media skills index,https://github.com/scenario-labs/skills; https://github.com/calesthio/generative-media-skills; https://github.com/awesome-genmedia/skills
videolab-timeline-editing-brand-campaigns,creative-media-design,video-production-and-post,Video production and post-production,timeline editing,brand campaigns,Scenario creative-agent skills; Generative media skills catalog; Generative media skills index,https://github.com/scenario-labs/skills; https://github.com/calesthio/generative-media-skills; https://github.com/awesome-genmedia/skills
videolab-timeline-editing-approval-and-revision-cycles,creative-media-design,video-production-and-post,Video production and post-production,timeline editing,approval and revision cycles,Scenario creative-agent skills; Generative media skills catalog; Generative media skills index,https://github.com/scenario-labs/skills; https://github.com/calesthio/generative-media-skills; https://github.com/awesome-genmedia/skills
videolab-color-and-visual-effects-tutorial-videos,creative-media-design,video-production-and-post,Video production and post-production,color and visual effects,tutorial videos,Scenario creative-agent skills; Generative media skills catalog; Generative media skills index,https://github.com/scenario-labs/skills; https://github.com/calesthio/generative-media-skills; https://github.com/awesome-genmedia/skills
videolab-color-and-visual-effects-product-demonstrations,creative-media-design,video-production-and-post,Video production and post-production,color and visual effects,product demonstrations,Scenario creative-agent skills; Generative media skills catalog; Generative media skills index,https://github.com/scenario-labs/skills; https://github.com/calesthio/generative-media-skills; https://github.com/awesome-genmedia/skills
videolab-color-and-visual-effects-music-videos,creative-media-design,video-production-and-post,Video production and post-production,color and visual effects,music videos,Scenario creative-agent skills; Generative media skills catalog; Generative media skills index,https://github.com/scenario-labs/skills; https://github.com/calesthio/generative-media-skills; https://github.com/awesome-genmedia/skills
videolab-color-and-visual-effects-documentary-interviews,creative-media-design,video-production-and-post,Video production and post-production,color and visual effects,documentary interviews,Scenario creative-agent skills; Generative media skills catalog; Generative media skills index,https://github.com/scenario-labs/skills; https://github.com/calesthio/generative-media-skills; https://github.com/awesome-genmedia/skills
videolab-color-and-visual-effects-vertical-shorts,creative-media-design,video-production-and-post,Video production and post-production,color and visual effects,vertical shorts,Scenario creative-agent skills; Generative media skills catalog; Generative media skills index,https://github.com/scenario-labs/skills; https://github.com/calesthio/generative-media-skills; https://github.com/awesome-genmedia/skills
videolab-color-and-visual-effects-screen-recordings,creative-media-design,video-production-and-post,Video production and post-production,color and visual effects,screen recordings,Scenario creative-agent skills; Generative media skills catalog; Generative media skills index,https://github.com/scenario-labs/skills; https://github.com/calesthio/generative-media-skills; https://github.com/awesome-genmedia/skills
videolab-color-and-visual-effects-multicamera-sequences,creative-media-design,video-production-and-post,Video production and post-production,color and visual effects,multicamera sequences,Scenario creative-agent skills; Generative media skills catalog; Generative media skills index,https://github.com/scenario-labs/skills; https://github.com/calesthio/generative-media-skills; https://github.com/awesome-genmedia/skills
videolab-color-and-visual-effects-subtitles-and-translations,creative-media-design,video-production-and-post,Video production and post-production,color and visual effects,subtitles and translations,Scenario creative-agent skills; Generative media skills catalog; Generative media skills index,https://github.com/scenario-labs/skills; https://github.com/calesthio/generative-media-skills; https://github.com/awesome-genmedia/skills
videolab-color-and-visual-effects-brand-campaigns,creative-media-design,video-production-and-post,Video production and post-production,color and visual effects,brand campaigns,Scenario creative-agent skills; Generative media skills catalog; Generative media skills index,https://github.com/scenario-labs/skills; https://github.com/calesthio/generative-media-skills; https://github.com/awesome-genmedia/skills
videolab-color-and-visual-effects-approval-and-revision-cycles,creative-media-design,video-production-and-post,Video production and post-production,color and visual effects,approval and revision cycles,Scenario creative-agent skills; Generative media skills catalog; Generative media skills index,https://github.com/scenario-labs/skills; https://github.com/calesthio/generative-media-skills; https://github.com/awesome-genmedia/skills
videolab-delivery-and-transcoding-tutorial-videos,creative-media-design,video-production-and-post,Video production and post-production,delivery and transcoding,tutorial videos,Scenario creative-agent skills; Generative media skills catalog; Generative media skills index,https://github.com/scenario-labs/skills; https://github.com/calesthio/generative-media-skills; https://github.com/awesome-genmedia/skills
videolab-delivery-and-transcoding-product-demonstrations,creative-media-design,video-production-and-post,Video production and post-production,delivery and transcoding,product demonstrations,Scenario creative-agent skills; Generative media skills catalog; Generative media skills index,https://github.com/scenario-labs/skills; https://github.com/calesthio/generative-media-skills; https://github.com/awesome-genmedia/skills
videolab-delivery-and-transcoding-music-videos,creative-media-design,video-production-and-post,Video production and post-production,delivery and transcoding,music videos,Scenario creative-agent skills; Generative media skills catalog; Generative media skills index,https://github.com/scenario-labs/skills; https://github.com/calesthio/generative-media-skills; https://github.com/awesome-genmedia/skills
videolab-delivery-and-transcoding-documentary-interviews,creative-media-design,video-production-and-post,Video production and post-production,delivery and transcoding,documentary interviews,Scenario creative-agent skills; Generative media skills catalog; Generative media skills index,https://github.com/scenario-labs/skills; https://github.com/calesthio/generative-media-skills; https://github.com/awesome-genmedia/skills
videolab-delivery-and-transcoding-vertical-shorts,creative-media-design,video-production-and-post,Video production and post-production,delivery and transcoding,vertical shorts,Scenario creative-agent skills; Generative media skills catalog; Generative media skills index,https://github.com/scenario-labs/skills; https://github.com/calesthio/generative-media-skills; https://github.com/awesome-genmedia/skills
videolab-delivery-and-transcoding-screen-recordings,creative-media-design,video-production-and-post,Video production and post-production,delivery and transcoding,screen recordings,Scenario creative-agent skills; Generative media skills catalog; Generative media skills index,https://github.com/scenario-labs/skills; https://github.com/calesthio/generative-media-skills; https://github.com/awesome-genmedia/skills
videolab-delivery-and-transcoding-multicamera-sequences,creative-media-design,video-production-and-post,Video production and post-production,delivery and transcoding,multicamera sequences,Scenario creative-agent skills; Generative media skills catalog; Generative media skills index,https://github.com/scenario-labs/skills; https://github.com/calesthio/generative-media-skills; https://github.com/awesome-genmedia/skills
videolab-delivery-and-transcoding-subtitles-and-translations,creative-media-design,video-production-and-post,Video production and post-production,delivery and transcoding,subtitles and translations,Scenario creative-agent skills; Generative media skills catalog; Generative media skills index,https://github.com/scenario-labs/skills; https://github.com/calesthio/generative-media-skills; https://github.com/awesome-genmedia/skills
videolab-delivery-and-transcoding-brand-campaigns,creative-media-design,video-production-and-post,Video production and post-production,delivery and transcoding,brand campaigns,Scenario creative-agent skills; Generative media skills catalog; Generative media skills index,https://github.com/scenario-labs/skills; https://github.com/calesthio/generative-media-skills; https://github.com/awesome-genmedia/skills
videolab-delivery-and-transcoding-approval-and-revision-cycles,creative-media-design,video-production-and-post,Video production and post-production,delivery and transcoding,approval and revision cycles,Scenario creative-agent skills; Generative media skills catalog; Generative media skills index,https://github.com/scenario-labs/skills; https://github.com/calesthio/generative-media-skills; https://github.com/awesome-genmedia/skills
