slug,category,subcategory,rule,score,margin
3d-renderer-development,creative-media-design,image-3d,metadata keywords: 3d-,5,5
aas-agent-coordination-artifact-integration-approval-evidence-packet,ai-agent-systems,agent-architecture-orchestration,AAS agent-coordination topic,100,100
aas-agent-coordination-artifact-integration-change-impact-trace,ai-agent-systems,agent-architecture-orchestration,AAS agent-coordination topic,100,100
aas-agent-coordination-artifact-integration-closeout-handoff-ledger,ai-agent-systems,agent-architecture-orchestration,AAS agent-coordination topic,100,100
aas-agent-coordination-artifact-integration-completeness-reconciliation,ai-agent-systems,agent-architecture-orchestration,AAS agent-coordination topic,100,100
aas-agent-coordination-artifact-integration-exception-triage-queue,ai-agent-systems,agent-architecture-orchestration,AAS agent-coordination topic,100,100
aas-agent-coordination-artifact-integration-recovery-readiness-drill,ai-agent-systems,agent-architecture-orchestration,AAS agent-coordination topic,100,100
aas-agent-coordination-artifact-integration-scenario-sensitivity-matrix,ai-agent-systems,agent-architecture-orchestration,AAS agent-coordination topic,100,100
aas-agent-coordination-artifact-integration-scope-intake-gate,ai-agent-systems,agent-architecture-orchestration,AAS agent-coordination topic,100,100
aas-agent-coordination-artifact-integration-source-provenance-ledger,ai-agent-systems,agent-architecture-orchestration,AAS agent-coordination topic,100,100
aas-agent-coordination-artifact-integration-threshold-rule-check,ai-agent-systems,agent-architecture-orchestration,AAS agent-coordination topic,100,100
aas-agent-coordination-cancel-propagation-approval-evidence-packet,ai-agent-systems,agent-architecture-orchestration,AAS agent-coordination topic,100,100
aas-agent-coordination-cancel-propagation-change-impact-trace,ai-agent-systems,agent-architecture-orchestration,AAS agent-coordination topic,100,100
aas-agent-coordination-cancel-propagation-closeout-handoff-ledger,ai-agent-systems,agent-architecture-orchestration,AAS agent-coordination topic,100,100
aas-agent-coordination-cancel-propagation-completeness-reconciliation,ai-agent-systems,agent-architecture-orchestration,AAS agent-coordination topic,100,100
aas-agent-coordination-cancel-propagation-exception-triage-queue,ai-agent-systems,agent-architecture-orchestration,AAS agent-coordination topic,100,100
aas-agent-coordination-cancel-propagation-recovery-readiness-drill,ai-agent-systems,agent-architecture-orchestration,AAS agent-coordination topic,100,100
aas-agent-coordination-cancel-propagation-scenario-sensitivity-matrix,ai-agent-systems,agent-architecture-orchestration,AAS agent-coordination topic,100,100
aas-agent-coordination-cancel-propagation-scope-intake-gate,ai-agent-systems,agent-architecture-orchestration,AAS agent-coordination topic,100,100
aas-agent-coordination-cancel-propagation-source-provenance-ledger,ai-agent-systems,agent-architecture-orchestration,AAS agent-coordination topic,100,100
aas-agent-coordination-cancel-propagation-threshold-rule-check,ai-agent-systems,agent-architecture-orchestration,AAS agent-coordination topic,100,100
aas-agent-coordination-checkpoint-resume-approval-evidence-packet,ai-agent-systems,agent-architecture-orchestration,AAS agent-coordination topic,100,100
aas-agent-coordination-checkpoint-resume-change-impact-trace,ai-agent-systems,agent-architecture-orchestration,AAS agent-coordination topic,100,100
aas-agent-coordination-checkpoint-resume-closeout-handoff-ledger,ai-agent-systems,agent-architecture-orchestration,AAS agent-coordination topic,100,100
aas-agent-coordination-checkpoint-resume-completeness-reconciliation,ai-agent-systems,agent-architecture-orchestration,AAS agent-coordination topic,100,100
aas-agent-coordination-checkpoint-resume-exception-triage-queue,ai-agent-systems,agent-architecture-orchestration,AAS agent-coordination topic,100,100
aas-agent-coordination-checkpoint-resume-recovery-readiness-drill,ai-agent-systems,agent-architecture-orchestration,AAS agent-coordination topic,100,100
aas-agent-coordination-checkpoint-resume-scenario-sensitivity-matrix,ai-agent-systems,agent-architecture-orchestration,AAS agent-coordination topic,100,100
aas-agent-coordination-checkpoint-resume-scope-intake-gate,ai-agent-systems,agent-architecture-orchestration,AAS agent-coordination topic,100,100
aas-agent-coordination-checkpoint-resume-source-provenance-ledger,ai-agent-systems,agent-architecture-orchestration,AAS agent-coordination topic,100,100
aas-agent-coordination-checkpoint-resume-threshold-rule-check,ai-agent-systems,agent-architecture-orchestration,AAS agent-coordination topic,100,100
aas-agent-coordination-context-handoff-approval-evidence-packet,ai-agent-systems,agent-architecture-orchestration,AAS agent-coordination topic,100,100
aas-agent-coordination-context-handoff-change-impact-trace,ai-agent-systems,agent-architecture-orchestration,AAS agent-coordination topic,100,100
aas-agent-coordination-context-handoff-closeout-handoff-ledger,ai-agent-systems,agent-architecture-orchestration,AAS agent-coordination topic,100,100
aas-agent-coordination-context-handoff-completeness-reconciliation,ai-agent-systems,agent-architecture-orchestration,AAS agent-coordination topic,100,100
aas-agent-coordination-context-handoff-exception-triage-queue,ai-agent-systems,agent-architecture-orchestration,AAS agent-coordination topic,100,100
aas-agent-coordination-context-handoff-recovery-readiness-drill,ai-agent-systems,agent-architecture-orchestration,AAS agent-coordination topic,100,100
aas-agent-coordination-context-handoff-scenario-sensitivity-matrix,ai-agent-systems,agent-architecture-orchestration,AAS agent-coordination topic,100,100
aas-agent-coordination-context-handoff-scope-intake-gate,ai-agent-systems,agent-architecture-orchestration,AAS agent-coordination topic,100,100
aas-agent-coordination-context-handoff-source-provenance-ledger,ai-agent-systems,agent-architecture-orchestration,AAS agent-coordination topic,100,100
aas-agent-coordination-context-handoff-threshold-rule-check,ai-agent-systems,agent-architecture-orchestration,AAS agent-coordination topic,100,100
aas-agent-coordination-dependency-graph-approval-evidence-packet,ai-agent-systems,agent-architecture-orchestration,AAS agent-coordination topic,100,100
aas-agent-coordination-dependency-graph-change-impact-trace,ai-agent-systems,agent-architecture-orchestration,AAS agent-coordination topic,100,100
aas-agent-coordination-dependency-graph-closeout-handoff-ledger,ai-agent-systems,agent-architecture-orchestration,AAS agent-coordination topic,100,100
aas-agent-coordination-dependency-graph-completeness-reconciliation,ai-agent-systems,agent-architecture-orchestration,AAS agent-coordination topic,100,100
aas-agent-coordination-dependency-graph-exception-triage-queue,ai-agent-systems,agent-architecture-orchestration,AAS agent-coordination topic,100,100
aas-agent-coordination-dependency-graph-recovery-readiness-drill,ai-agent-systems,agent-architecture-orchestration,AAS agent-coordination topic,100,100
aas-agent-coordination-dependency-graph-scenario-sensitivity-matrix,ai-agent-systems,agent-architecture-orchestration,AAS agent-coordination topic,100,100
aas-agent-coordination-dependency-graph-scope-intake-gate,ai-agent-systems,agent-architecture-orchestration,AAS agent-coordination topic,100,100
aas-agent-coordination-dependency-graph-source-provenance-ledger,ai-agent-systems,agent-architecture-orchestration,AAS agent-coordination topic,100,100
aas-agent-coordination-dependency-graph-threshold-rule-check,ai-agent-systems,agent-architecture-orchestration,AAS agent-coordination topic,100,100
aas-agent-coordination-quota-fairness-approval-evidence-packet,ai-agent-systems,tools-integrations,AAS agent-coordination tool/quota topic,100,100
aas-agent-coordination-quota-fairness-change-impact-trace,ai-agent-systems,tools-integrations,AAS agent-coordination tool/quota topic,100,100
aas-agent-coordination-quota-fairness-closeout-handoff-ledger,ai-agent-systems,tools-integrations,AAS agent-coordination tool/quota topic,100,100
aas-agent-coordination-quota-fairness-completeness-reconciliation,ai-agent-systems,tools-integrations,AAS agent-coordination tool/quota topic,100,100
aas-agent-coordination-quota-fairness-exception-triage-queue,ai-agent-systems,tools-integrations,AAS agent-coordination tool/quota topic,100,100
aas-agent-coordination-quota-fairness-recovery-readiness-drill,ai-agent-systems,tools-integrations,AAS agent-coordination tool/quota topic,100,100
aas-agent-coordination-quota-fairness-scenario-sensitivity-matrix,ai-agent-systems,tools-integrations,AAS agent-coordination tool/quota topic,100,100
aas-agent-coordination-quota-fairness-scope-intake-gate,ai-agent-systems,tools-integrations,AAS agent-coordination tool/quota topic,100,100
aas-agent-coordination-quota-fairness-source-provenance-ledger,ai-agent-systems,tools-integrations,AAS agent-coordination tool/quota topic,100,100
aas-agent-coordination-quota-fairness-threshold-rule-check,ai-agent-systems,tools-integrations,AAS agent-coordination tool/quota topic,100,100
aas-agent-coordination-review-adjudication-approval-evidence-packet,ai-agent-systems,agent-architecture-orchestration,AAS agent-coordination topic,100,100
aas-agent-coordination-review-adjudication-change-impact-trace,ai-agent-systems,agent-architecture-orchestration,AAS agent-coordination topic,100,100
aas-agent-coordination-review-adjudication-closeout-handoff-ledger,ai-agent-systems,agent-architecture-orchestration,AAS agent-coordination topic,100,100
aas-agent-coordination-review-adjudication-completeness-reconciliation,ai-agent-systems,agent-architecture-orchestration,AAS agent-coordination topic,100,100
aas-agent-coordination-review-adjudication-exception-triage-queue,ai-agent-systems,agent-architecture-orchestration,AAS agent-coordination topic,100,100
aas-agent-coordination-review-adjudication-recovery-readiness-drill,ai-agent-systems,agent-architecture-orchestration,AAS agent-coordination topic,100,100
aas-agent-coordination-review-adjudication-scenario-sensitivity-matrix,ai-agent-systems,agent-architecture-orchestration,AAS agent-coordination topic,100,100
aas-agent-coordination-review-adjudication-scope-intake-gate,ai-agent-systems,agent-architecture-orchestration,AAS agent-coordination topic,100,100
aas-agent-coordination-review-adjudication-source-provenance-ledger,ai-agent-systems,agent-architecture-orchestration,AAS agent-coordination topic,100,100
aas-agent-coordination-review-adjudication-threshold-rule-check,ai-agent-systems,agent-architecture-orchestration,AAS agent-coordination topic,100,100
aas-agent-coordination-tool-ownership-approval-evidence-packet,ai-agent-systems,tools-integrations,AAS agent-coordination tool/quota topic,100,100
aas-agent-coordination-tool-ownership-change-impact-trace,ai-agent-systems,tools-integrations,AAS agent-coordination tool/quota topic,100,100
aas-agent-coordination-tool-ownership-closeout-handoff-ledger,ai-agent-systems,tools-integrations,AAS agent-coordination tool/quota topic,100,100
aas-agent-coordination-tool-ownership-completeness-reconciliation,ai-agent-systems,tools-integrations,AAS agent-coordination tool/quota topic,100,100
aas-agent-coordination-tool-ownership-exception-triage-queue,ai-agent-systems,tools-integrations,AAS agent-coordination tool/quota topic,100,100
aas-agent-coordination-tool-ownership-recovery-readiness-drill,ai-agent-systems,tools-integrations,AAS agent-coordination tool/quota topic,100,100
aas-agent-coordination-tool-ownership-scenario-sensitivity-matrix,ai-agent-systems,tools-integrations,AAS agent-coordination tool/quota topic,100,100
aas-agent-coordination-tool-ownership-scope-intake-gate,ai-agent-systems,tools-integrations,AAS agent-coordination tool/quota topic,100,100
aas-agent-coordination-tool-ownership-source-provenance-ledger,ai-agent-systems,tools-integrations,AAS agent-coordination tool/quota topic,100,100
aas-agent-coordination-tool-ownership-threshold-rule-check,ai-agent-systems,tools-integrations,AAS agent-coordination tool/quota topic,100,100
aas-agent-coordination-trust-boundary-approval-evidence-packet,ai-agent-systems,safety-governance,AAS agent-coordination authorization topic,100,100
aas-agent-coordination-trust-boundary-change-impact-trace,ai-agent-systems,safety-governance,AAS agent-coordination authorization topic,100,100
aas-agent-coordination-trust-boundary-closeout-handoff-ledger,ai-agent-systems,safety-governance,AAS agent-coordination authorization topic,100,100
aas-agent-coordination-trust-boundary-completeness-reconciliation,ai-agent-systems,safety-governance,AAS agent-coordination authorization topic,100,100
aas-agent-coordination-trust-boundary-exception-triage-queue,ai-agent-systems,safety-governance,AAS agent-coordination authorization topic,100,100
aas-agent-coordination-trust-boundary-recovery-readiness-drill,ai-agent-systems,safety-governance,AAS agent-coordination authorization topic,100,100
aas-agent-coordination-trust-boundary-scenario-sensitivity-matrix,ai-agent-systems,safety-governance,AAS agent-coordination authorization topic,100,100
aas-agent-coordination-trust-boundary-scope-intake-gate,ai-agent-systems,safety-governance,AAS agent-coordination authorization topic,100,100
aas-agent-coordination-trust-boundary-source-provenance-ledger,ai-agent-systems,safety-governance,AAS agent-coordination authorization topic,100,100
aas-agent-coordination-trust-boundary-threshold-rule-check,ai-agent-systems,safety-governance,AAS agent-coordination authorization topic,100,100
aas-agent-coordination-work-lease-approval-evidence-packet,ai-agent-systems,agent-architecture-orchestration,AAS agent-coordination topic,100,100
aas-agent-coordination-work-lease-change-impact-trace,ai-agent-systems,agent-architecture-orchestration,AAS agent-coordination topic,100,100
aas-agent-coordination-work-lease-closeout-handoff-ledger,ai-agent-systems,agent-architecture-orchestration,AAS agent-coordination topic,100,100
aas-agent-coordination-work-lease-completeness-reconciliation,ai-agent-systems,agent-architecture-orchestration,AAS agent-coordination topic,100,100
aas-agent-coordination-work-lease-exception-triage-queue,ai-agent-systems,agent-architecture-orchestration,AAS agent-coordination topic,100,100
aas-agent-coordination-work-lease-recovery-readiness-drill,ai-agent-systems,agent-architecture-orchestration,AAS agent-coordination topic,100,100
aas-agent-coordination-work-lease-scenario-sensitivity-matrix,ai-agent-systems,agent-architecture-orchestration,AAS agent-coordination topic,100,100
aas-agent-coordination-work-lease-scope-intake-gate,ai-agent-systems,agent-architecture-orchestration,AAS agent-coordination topic,100,100
aas-agent-coordination-work-lease-source-provenance-ledger,ai-agent-systems,agent-architecture-orchestration,AAS agent-coordination topic,100,100
aas-agent-coordination-work-lease-threshold-rule-check,ai-agent-systems,agent-architecture-orchestration,AAS agent-coordination topic,100,100
aas-agent-quality-activation-boundary-approval-evidence-packet,ai-agent-systems,safety-governance,AAS agent-quality safety topic,100,100
aas-agent-quality-activation-boundary-change-impact-trace,ai-agent-systems,safety-governance,AAS agent-quality safety topic,100,100
aas-agent-quality-activation-boundary-closeout-handoff-ledger,ai-agent-systems,safety-governance,AAS agent-quality safety topic,100,100
aas-agent-quality-activation-boundary-completeness-reconciliation,ai-agent-systems,safety-governance,AAS agent-quality safety topic,100,100
aas-agent-quality-activation-boundary-exception-triage-queue,ai-agent-systems,safety-governance,AAS agent-quality safety topic,100,100
aas-agent-quality-activation-boundary-recovery-readiness-drill,ai-agent-systems,safety-governance,AAS agent-quality safety topic,100,100
aas-agent-quality-activation-boundary-scenario-sensitivity-matrix,ai-agent-systems,safety-governance,AAS agent-quality safety topic,100,100
aas-agent-quality-activation-boundary-scope-intake-gate,ai-agent-systems,safety-governance,AAS agent-quality safety topic,100,100
aas-agent-quality-activation-boundary-source-provenance-ledger,ai-agent-systems,safety-governance,AAS agent-quality safety topic,100,100
aas-agent-quality-activation-boundary-threshold-rule-check,ai-agent-systems,safety-governance,AAS agent-quality safety topic,100,100
aas-agent-quality-evaluation-split-approval-evidence-packet,ai-agent-systems,evaluation-observability,AAS agent-quality evaluation topic,100,100
aas-agent-quality-evaluation-split-change-impact-trace,ai-agent-systems,evaluation-observability,AAS agent-quality evaluation topic,100,100
aas-agent-quality-evaluation-split-closeout-handoff-ledger,ai-agent-systems,evaluation-observability,AAS agent-quality evaluation topic,100,100
aas-agent-quality-evaluation-split-completeness-reconciliation,ai-agent-systems,evaluation-observability,AAS agent-quality evaluation topic,100,100
aas-agent-quality-evaluation-split-exception-triage-queue,ai-agent-systems,evaluation-observability,AAS agent-quality evaluation topic,100,100
aas-agent-quality-evaluation-split-recovery-readiness-drill,ai-agent-systems,evaluation-observability,AAS agent-quality evaluation topic,100,100
aas-agent-quality-evaluation-split-scenario-sensitivity-matrix,ai-agent-systems,evaluation-observability,AAS agent-quality evaluation topic,100,100
aas-agent-quality-evaluation-split-scope-intake-gate,ai-agent-systems,evaluation-observability,AAS agent-quality evaluation topic,100,100
aas-agent-quality-evaluation-split-source-provenance-ledger,ai-agent-systems,evaluation-observability,AAS agent-quality evaluation topic,100,100
aas-agent-quality-evaluation-split-threshold-rule-check,ai-agent-systems,evaluation-observability,AAS agent-quality evaluation topic,100,100
aas-agent-quality-multimodal-minimization-approval-evidence-packet,ai-agent-systems,safety-governance,AAS agent-quality safety topic,100,100
aas-agent-quality-multimodal-minimization-change-impact-trace,ai-agent-systems,safety-governance,AAS agent-quality safety topic,100,100
aas-agent-quality-multimodal-minimization-closeout-handoff-ledger,ai-agent-systems,safety-governance,AAS agent-quality safety topic,100,100
aas-agent-quality-multimodal-minimization-completeness-reconciliation,ai-agent-systems,safety-governance,AAS agent-quality safety topic,100,100
aas-agent-quality-multimodal-minimization-exception-triage-queue,ai-agent-systems,safety-governance,AAS agent-quality safety topic,100,100
aas-agent-quality-multimodal-minimization-recovery-readiness-drill,ai-agent-systems,safety-governance,AAS agent-quality safety topic,100,100
aas-agent-quality-multimodal-minimization-scenario-sensitivity-matrix,ai-agent-systems,safety-governance,AAS agent-quality safety topic,100,100
aas-agent-quality-multimodal-minimization-scope-intake-gate,ai-agent-systems,safety-governance,AAS agent-quality safety topic,100,100
aas-agent-quality-multimodal-minimization-source-provenance-ledger,ai-agent-systems,safety-governance,AAS agent-quality safety topic,100,100
aas-agent-quality-multimodal-minimization-threshold-rule-check,ai-agent-systems,safety-governance,AAS agent-quality safety topic,100,100
aas-agent-quality-output-contract-approval-evidence-packet,ai-agent-systems,evaluation-observability,AAS agent-quality evaluation topic,100,100
aas-agent-quality-output-contract-change-impact-trace,ai-agent-systems,evaluation-observability,AAS agent-quality evaluation topic,100,100
aas-agent-quality-output-contract-closeout-handoff-ledger,ai-agent-systems,evaluation-observability,AAS agent-quality evaluation topic,100,100
aas-agent-quality-output-contract-completeness-reconciliation,ai-agent-systems,evaluation-observability,AAS agent-quality evaluation topic,100,100
aas-agent-quality-output-contract-exception-triage-queue,ai-agent-systems,evaluation-observability,AAS agent-quality evaluation topic,100,100
aas-agent-quality-output-contract-recovery-readiness-drill,ai-agent-systems,evaluation-observability,AAS agent-quality evaluation topic,100,100
aas-agent-quality-output-contract-scenario-sensitivity-matrix,ai-agent-systems,evaluation-observability,AAS agent-quality evaluation topic,100,100
aas-agent-quality-output-contract-scope-intake-gate,ai-agent-systems,evaluation-observability,AAS agent-quality evaluation topic,100,100
aas-agent-quality-output-contract-source-provenance-ledger,ai-agent-systems,evaluation-observability,AAS agent-quality evaluation topic,100,100
aas-agent-quality-output-contract-threshold-rule-check,ai-agent-systems,evaluation-observability,AAS agent-quality evaluation topic,100,100
aas-agent-quality-refusal-escalation-approval-evidence-packet,ai-agent-systems,safety-governance,AAS agent-quality safety topic,100,100
aas-agent-quality-refusal-escalation-change-impact-trace,ai-agent-systems,safety-governance,AAS agent-quality safety topic,100,100
aas-agent-quality-refusal-escalation-closeout-handoff-ledger,ai-agent-systems,safety-governance,AAS agent-quality safety topic,100,100
aas-agent-quality-refusal-escalation-completeness-reconciliation,ai-agent-systems,safety-governance,AAS agent-quality safety topic,100,100
aas-agent-quality-refusal-escalation-exception-triage-queue,ai-agent-systems,safety-governance,AAS agent-quality safety topic,100,100
aas-agent-quality-refusal-escalation-recovery-readiness-drill,ai-agent-systems,safety-governance,AAS agent-quality safety topic,100,100
aas-agent-quality-refusal-escalation-scenario-sensitivity-matrix,ai-agent-systems,safety-governance,AAS agent-quality safety topic,100,100
aas-agent-quality-refusal-escalation-scope-intake-gate,ai-agent-systems,safety-governance,AAS agent-quality safety topic,100,100
aas-agent-quality-refusal-escalation-source-provenance-ledger,ai-agent-systems,safety-governance,AAS agent-quality safety topic,100,100
aas-agent-quality-refusal-escalation-threshold-rule-check,ai-agent-systems,safety-governance,AAS agent-quality safety topic,100,100
aas-agent-quality-retrieval-evidence-approval-evidence-packet,ai-agent-systems,prompts-context-memory,AAS agent-quality retrieval/context topic,100,100
aas-agent-quality-retrieval-evidence-change-impact-trace,ai-agent-systems,prompts-context-memory,AAS agent-quality retrieval/context topic,100,100
aas-agent-quality-retrieval-evidence-closeout-handoff-ledger,ai-agent-systems,prompts-context-memory,AAS agent-quality retrieval/context topic,100,100
aas-agent-quality-retrieval-evidence-completeness-reconciliation,ai-agent-systems,prompts-context-memory,AAS agent-quality retrieval/context topic,100,100
aas-agent-quality-retrieval-evidence-exception-triage-queue,ai-agent-systems,prompts-context-memory,AAS agent-quality retrieval/context topic,100,100
aas-agent-quality-retrieval-evidence-recovery-readiness-drill,ai-agent-systems,prompts-context-memory,AAS agent-quality retrieval/context topic,100,100
aas-agent-quality-retrieval-evidence-scenario-sensitivity-matrix,ai-agent-systems,prompts-context-memory,AAS agent-quality retrieval/context topic,100,100
aas-agent-quality-retrieval-evidence-scope-intake-gate,ai-agent-systems,prompts-context-memory,AAS agent-quality retrieval/context topic,100,100
aas-agent-quality-retrieval-evidence-source-provenance-ledger,ai-agent-systems,prompts-context-memory,AAS agent-quality retrieval/context topic,100,100
aas-agent-quality-retrieval-evidence-threshold-rule-check,ai-agent-systems,prompts-context-memory,AAS agent-quality retrieval/context topic,100,100
aas-agent-quality-route-cost-approval-evidence-packet,ai-agent-systems,evaluation-observability,AAS agent-quality evaluation topic,100,100
aas-agent-quality-route-cost-change-impact-trace,ai-agent-systems,evaluation-observability,AAS agent-quality evaluation topic,100,100
aas-agent-quality-route-cost-closeout-handoff-ledger,ai-agent-systems,evaluation-observability,AAS agent-quality evaluation topic,100,100
aas-agent-quality-route-cost-completeness-reconciliation,ai-agent-systems,evaluation-observability,AAS agent-quality evaluation topic,100,100
aas-agent-quality-route-cost-exception-triage-queue,ai-agent-systems,evaluation-observability,AAS agent-quality evaluation topic,100,100
aas-agent-quality-route-cost-recovery-readiness-drill,ai-agent-systems,evaluation-observability,AAS agent-quality evaluation topic,100,100
aas-agent-quality-route-cost-scenario-sensitivity-matrix,ai-agent-systems,evaluation-observability,AAS agent-quality evaluation topic,100,100
aas-agent-quality-route-cost-scope-intake-gate,ai-agent-systems,evaluation-observability,AAS agent-quality evaluation topic,100,100
aas-agent-quality-route-cost-source-provenance-ledger,ai-agent-systems,evaluation-observability,AAS agent-quality evaluation topic,100,100
aas-agent-quality-route-cost-threshold-rule-check,ai-agent-systems,evaluation-observability,AAS agent-quality evaluation topic,100,100
aas-agent-quality-session-replay-approval-evidence-packet,ai-agent-systems,evaluation-observability,AAS agent-quality evaluation topic,100,100
aas-agent-quality-session-replay-change-impact-trace,ai-agent-systems,evaluation-observability,AAS agent-quality evaluation topic,100,100
aas-agent-quality-session-replay-closeout-handoff-ledger,ai-agent-systems,evaluation-observability,AAS agent-quality evaluation topic,100,100
aas-agent-quality-session-replay-completeness-reconciliation,ai-agent-systems,evaluation-observability,AAS agent-quality evaluation topic,100,100
aas-agent-quality-session-replay-exception-triage-queue,ai-agent-systems,evaluation-observability,AAS agent-quality evaluation topic,100,100
aas-agent-quality-session-replay-recovery-readiness-drill,ai-agent-systems,evaluation-observability,AAS agent-quality evaluation topic,100,100
aas-agent-quality-session-replay-scenario-sensitivity-matrix,ai-agent-systems,evaluation-observability,AAS agent-quality evaluation topic,100,100
aas-agent-quality-session-replay-scope-intake-gate,ai-agent-systems,evaluation-observability,AAS agent-quality evaluation topic,100,100
aas-agent-quality-session-replay-source-provenance-ledger,ai-agent-systems,evaluation-observability,AAS agent-quality evaluation topic,100,100
aas-agent-quality-session-replay-threshold-rule-check,ai-agent-systems,evaluation-observability,AAS agent-quality evaluation topic,100,100
aas-agent-quality-tool-argument-boundary-approval-evidence-packet,ai-agent-systems,safety-governance,AAS agent-quality safety topic,100,100
aas-agent-quality-tool-argument-boundary-change-impact-trace,ai-agent-systems,safety-governance,AAS agent-quality safety topic,100,100
aas-agent-quality-tool-argument-boundary-closeout-handoff-ledger,ai-agent-systems,safety-governance,AAS agent-quality safety topic,100,100
aas-agent-quality-tool-argument-boundary-completeness-reconciliation,ai-agent-systems,safety-governance,AAS agent-quality safety topic,100,100
aas-agent-quality-tool-argument-boundary-exception-triage-queue,ai-agent-systems,safety-governance,AAS agent-quality safety topic,100,100
aas-agent-quality-tool-argument-boundary-recovery-readiness-drill,ai-agent-systems,safety-governance,AAS agent-quality safety topic,100,100
aas-agent-quality-tool-argument-boundary-scenario-sensitivity-matrix,ai-agent-systems,safety-governance,AAS agent-quality safety topic,100,100
aas-agent-quality-tool-argument-boundary-scope-intake-gate,ai-agent-systems,safety-governance,AAS agent-quality safety topic,100,100
aas-agent-quality-tool-argument-boundary-source-provenance-ledger,ai-agent-systems,safety-governance,AAS agent-quality safety topic,100,100
aas-agent-quality-tool-argument-boundary-threshold-rule-check,ai-agent-systems,safety-governance,AAS agent-quality safety topic,100,100
aas-agent-quality-trigger-collision-approval-evidence-packet,ai-agent-systems,evaluation-observability,AAS agent-quality evaluation topic,100,100
aas-agent-quality-trigger-collision-change-impact-trace,ai-agent-systems,evaluation-observability,AAS agent-quality evaluation topic,100,100
aas-agent-quality-trigger-collision-closeout-handoff-ledger,ai-agent-systems,evaluation-observability,AAS agent-quality evaluation topic,100,100
aas-agent-quality-trigger-collision-completeness-reconciliation,ai-agent-systems,evaluation-observability,AAS agent-quality evaluation topic,100,100
aas-agent-quality-trigger-collision-exception-triage-queue,ai-agent-systems,evaluation-observability,AAS agent-quality evaluation topic,100,100
aas-agent-quality-trigger-collision-recovery-readiness-drill,ai-agent-systems,evaluation-observability,AAS agent-quality evaluation topic,100,100
aas-agent-quality-trigger-collision-scenario-sensitivity-matrix,ai-agent-systems,evaluation-observability,AAS agent-quality evaluation topic,100,100
aas-agent-quality-trigger-collision-scope-intake-gate,ai-agent-systems,evaluation-observability,AAS agent-quality evaluation topic,100,100
aas-agent-quality-trigger-collision-source-provenance-ledger,ai-agent-systems,evaluation-observability,AAS agent-quality evaluation topic,100,100
aas-agent-quality-trigger-collision-threshold-rule-check,ai-agent-systems,evaluation-observability,AAS agent-quality evaluation topic,100,100
aas-data-cdc-checkpoint-approval-evidence-packet,data-analytics,data-engineering,AAS data engineering topic,100,100
aas-data-cdc-checkpoint-change-impact-trace,data-analytics,data-engineering,AAS data engineering topic,100,100
aas-data-cdc-checkpoint-closeout-handoff-ledger,data-analytics,data-engineering,AAS data engineering topic,100,100
aas-data-cdc-checkpoint-completeness-reconciliation,data-analytics,data-engineering,AAS data engineering topic,100,100
aas-data-cdc-checkpoint-exception-triage-queue,data-analytics,data-engineering,AAS data engineering topic,100,100
aas-data-cdc-checkpoint-recovery-readiness-drill,data-analytics,data-engineering,AAS data engineering topic,100,100
aas-data-cdc-checkpoint-scenario-sensitivity-matrix,data-analytics,data-engineering,AAS data engineering topic,100,100
aas-data-cdc-checkpoint-scope-intake-gate,data-analytics,data-engineering,AAS data engineering topic,100,100
aas-data-cdc-checkpoint-source-provenance-ledger,data-analytics,data-engineering,AAS data engineering topic,100,100
aas-data-cdc-checkpoint-threshold-rule-check,data-analytics,data-engineering,AAS data engineering topic,100,100
aas-data-csv-formula-approval-evidence-packet,data-analytics,spreadsheets-geospatial,AAS data spreadsheet/geospatial topic,100,100
aas-data-csv-formula-change-impact-trace,data-analytics,spreadsheets-geospatial,AAS data spreadsheet/geospatial topic,100,100
aas-data-csv-formula-closeout-handoff-ledger,data-analytics,spreadsheets-geospatial,AAS data spreadsheet/geospatial topic,100,100
aas-data-csv-formula-completeness-reconciliation,data-analytics,spreadsheets-geospatial,AAS data spreadsheet/geospatial topic,100,100
aas-data-csv-formula-exception-triage-queue,data-analytics,spreadsheets-geospatial,AAS data spreadsheet/geospatial topic,100,100
aas-data-csv-formula-recovery-readiness-drill,data-analytics,spreadsheets-geospatial,AAS data spreadsheet/geospatial topic,100,100
aas-data-csv-formula-scenario-sensitivity-matrix,data-analytics,spreadsheets-geospatial,AAS data spreadsheet/geospatial topic,100,100
aas-data-csv-formula-scope-intake-gate,data-analytics,spreadsheets-geospatial,AAS data spreadsheet/geospatial topic,100,100
aas-data-csv-formula-source-provenance-ledger,data-analytics,spreadsheets-geospatial,AAS data spreadsheet/geospatial topic,100,100
aas-data-csv-formula-threshold-rule-check,data-analytics,spreadsheets-geospatial,AAS data spreadsheet/geospatial topic,100,100
aas-data-cursor-sync-approval-evidence-packet,data-analytics,data-engineering,AAS data engineering topic,100,100
aas-data-cursor-sync-change-impact-trace,data-analytics,data-engineering,AAS data engineering topic,100,100
aas-data-cursor-sync-closeout-handoff-ledger,data-analytics,data-engineering,AAS data engineering topic,100,100
aas-data-cursor-sync-completeness-reconciliation,data-analytics,data-engineering,AAS data engineering topic,100,100
aas-data-cursor-sync-exception-triage-queue,data-analytics,data-engineering,AAS data engineering topic,100,100
aas-data-cursor-sync-recovery-readiness-drill,data-analytics,data-engineering,AAS data engineering topic,100,100
aas-data-cursor-sync-scenario-sensitivity-matrix,data-analytics,data-engineering,AAS data engineering topic,100,100
aas-data-cursor-sync-scope-intake-gate,data-analytics,data-engineering,AAS data engineering topic,100,100
aas-data-cursor-sync-source-provenance-ledger,data-analytics,data-engineering,AAS data engineering topic,100,100
aas-data-cursor-sync-threshold-rule-check,data-analytics,data-engineering,AAS data engineering topic,100,100
aas-data-feature-store-lineage-approval-evidence-packet,data-analytics,data-quality-governance,AAS data quality/governance topic,100,100
aas-data-feature-store-lineage-change-impact-trace,data-analytics,data-quality-governance,AAS data quality/governance topic,100,100
aas-data-feature-store-lineage-closeout-handoff-ledger,data-analytics,data-quality-governance,AAS data quality/governance topic,100,100
aas-data-feature-store-lineage-completeness-reconciliation,data-analytics,data-quality-governance,AAS data quality/governance topic,100,100
aas-data-feature-store-lineage-exception-triage-queue,data-analytics,data-quality-governance,AAS data quality/governance topic,100,100
aas-data-feature-store-lineage-recovery-readiness-drill,data-analytics,data-quality-governance,AAS data quality/governance topic,100,100
aas-data-feature-store-lineage-scenario-sensitivity-matrix,data-analytics,data-quality-governance,AAS data quality/governance topic,100,100
aas-data-feature-store-lineage-scope-intake-gate,data-analytics,data-quality-governance,AAS data quality/governance topic,100,100
aas-data-feature-store-lineage-source-provenance-ledger,data-analytics,data-quality-governance,AAS data quality/governance topic,100,100
aas-data-feature-store-lineage-threshold-rule-check,data-analytics,data-quality-governance,AAS data quality/governance topic,100,100
aas-data-freshness-contract-approval-evidence-packet,data-analytics,data-engineering,AAS data engineering topic,100,100
aas-data-freshness-contract-change-impact-trace,data-analytics,data-engineering,AAS data engineering topic,100,100
aas-data-freshness-contract-closeout-handoff-ledger,data-analytics,data-engineering,AAS data engineering topic,100,100
aas-data-freshness-contract-completeness-reconciliation,data-analytics,data-engineering,AAS data engineering topic,100,100
aas-data-freshness-contract-exception-triage-queue,data-analytics,data-engineering,AAS data engineering topic,100,100
aas-data-freshness-contract-recovery-readiness-drill,data-analytics,data-engineering,AAS data engineering topic,100,100
aas-data-freshness-contract-scenario-sensitivity-matrix,data-analytics,data-engineering,AAS data engineering topic,100,100
aas-data-freshness-contract-scope-intake-gate,data-analytics,data-engineering,AAS data engineering topic,100,100
aas-data-freshness-contract-source-provenance-ledger,data-analytics,data-engineering,AAS data engineering topic,100,100
aas-data-freshness-contract-threshold-rule-check,data-analytics,data-engineering,AAS data engineering topic,100,100
aas-data-json-schema-evolution-approval-evidence-packet,data-analytics,data-quality-governance,AAS data quality/governance topic,100,100
aas-data-json-schema-evolution-change-impact-trace,data-analytics,data-quality-governance,AAS data quality/governance topic,100,100
aas-data-json-schema-evolution-closeout-handoff-ledger,data-analytics,data-quality-governance,AAS data quality/governance topic,100,100
aas-data-json-schema-evolution-completeness-reconciliation,data-analytics,data-quality-governance,AAS data quality/governance topic,100,100
aas-data-json-schema-evolution-exception-triage-queue,data-analytics,data-quality-governance,AAS data quality/governance topic,100,100
aas-data-json-schema-evolution-recovery-readiness-drill,data-analytics,data-quality-governance,AAS data quality/governance topic,100,100
aas-data-json-schema-evolution-scenario-sensitivity-matrix,data-analytics,data-quality-governance,AAS data quality/governance topic,100,100
aas-data-json-schema-evolution-scope-intake-gate,data-analytics,data-quality-governance,AAS data quality/governance topic,100,100
aas-data-json-schema-evolution-source-provenance-ledger,data-analytics,data-quality-governance,AAS data quality/governance topic,100,100
aas-data-json-schema-evolution-threshold-rule-check,data-analytics,data-quality-governance,AAS data quality/governance topic,100,100
aas-data-query-plan-regression-approval-evidence-packet,data-analytics,databases-storage,AAS data database/query topic,100,100
aas-data-query-plan-regression-change-impact-trace,data-analytics,databases-storage,AAS data database/query topic,100,100
aas-data-query-plan-regression-closeout-handoff-ledger,data-analytics,databases-storage,AAS data database/query topic,100,100
aas-data-query-plan-regression-completeness-reconciliation,data-analytics,databases-storage,AAS data database/query topic,100,100
aas-data-query-plan-regression-exception-triage-queue,data-analytics,databases-storage,AAS data database/query topic,100,100
aas-data-query-plan-regression-recovery-readiness-drill,data-analytics,databases-storage,AAS data database/query topic,100,100
aas-data-query-plan-regression-scenario-sensitivity-matrix,data-analytics,databases-storage,AAS data database/query topic,100,100
aas-data-query-plan-regression-scope-intake-gate,data-analytics,databases-storage,AAS data database/query topic,100,100
aas-data-query-plan-regression-source-provenance-ledger,data-analytics,databases-storage,AAS data database/query topic,100,100
aas-data-query-plan-regression-threshold-rule-check,data-analytics,databases-storage,AAS data database/query topic,100,100
aas-data-result-masking-approval-evidence-packet,data-analytics,data-engineering,AAS data engineering topic,100,100
aas-data-result-masking-change-impact-trace,data-analytics,data-engineering,AAS data engineering topic,100,100
aas-data-result-masking-closeout-handoff-ledger,data-analytics,data-engineering,AAS data engineering topic,100,100
aas-data-result-masking-completeness-reconciliation,data-analytics,data-engineering,AAS data engineering topic,100,100
aas-data-result-masking-exception-triage-queue,data-analytics,data-engineering,AAS data engineering topic,100,100
aas-data-result-masking-recovery-readiness-drill,data-analytics,data-engineering,AAS data engineering topic,100,100
aas-data-result-masking-scenario-sensitivity-matrix,data-analytics,data-engineering,AAS data engineering topic,100,100
aas-data-result-masking-scope-intake-gate,data-analytics,data-engineering,AAS data engineering topic,100,100
aas-data-result-masking-source-provenance-ledger,data-analytics,data-engineering,AAS data engineering topic,100,100
aas-data-result-masking-threshold-rule-check,data-analytics,data-engineering,AAS data engineering topic,100,100
aas-data-retrieval-holdout-approval-evidence-packet,data-analytics,data-engineering,AAS data engineering topic,100,100
aas-data-retrieval-holdout-change-impact-trace,data-analytics,data-engineering,AAS data engineering topic,100,100
aas-data-retrieval-holdout-closeout-handoff-ledger,data-analytics,data-engineering,AAS data engineering topic,100,100
aas-data-retrieval-holdout-completeness-reconciliation,data-analytics,data-engineering,AAS data engineering topic,100,100
aas-data-retrieval-holdout-exception-triage-queue,data-analytics,data-engineering,AAS data engineering topic,100,100
aas-data-retrieval-holdout-recovery-readiness-drill,data-analytics,data-engineering,AAS data engineering topic,100,100
aas-data-retrieval-holdout-scenario-sensitivity-matrix,data-analytics,data-engineering,AAS data engineering topic,100,100
aas-data-retrieval-holdout-scope-intake-gate,data-analytics,data-engineering,AAS data engineering topic,100,100
aas-data-retrieval-holdout-source-provenance-ledger,data-analytics,data-engineering,AAS data engineering topic,100,100
aas-data-retrieval-holdout-threshold-rule-check,data-analytics,data-engineering,AAS data engineering topic,100,100
aas-data-vector-index-identity-approval-evidence-packet,data-analytics,databases-storage,AAS data database/query topic,100,100
aas-data-vector-index-identity-change-impact-trace,data-analytics,databases-storage,AAS data database/query topic,100,100
aas-data-vector-index-identity-closeout-handoff-ledger,data-analytics,databases-storage,AAS data database/query topic,100,100
aas-data-vector-index-identity-completeness-reconciliation,data-analytics,databases-storage,AAS data database/query topic,100,100
aas-data-vector-index-identity-exception-triage-queue,data-analytics,databases-storage,AAS data database/query topic,100,100
aas-data-vector-index-identity-recovery-readiness-drill,data-analytics,databases-storage,AAS data database/query topic,100,100
aas-data-vector-index-identity-scenario-sensitivity-matrix,data-analytics,databases-storage,AAS data database/query topic,100,100
aas-data-vector-index-identity-scope-intake-gate,data-analytics,databases-storage,AAS data database/query topic,100,100
aas-data-vector-index-identity-source-provenance-ledger,data-analytics,databases-storage,AAS data database/query topic,100,100
aas-data-vector-index-identity-threshold-rule-check,data-analytics,databases-storage,AAS data database/query topic,100,100
aas-devrel-api-error-docs-approval-evidence-packet,business-operations,marketing-sales,business domain prefix: aas-devrel,100,100
aas-devrel-api-error-docs-change-impact-trace,business-operations,marketing-sales,business domain prefix: aas-devrel,100,100
aas-devrel-api-error-docs-closeout-handoff-ledger,business-operations,marketing-sales,business domain prefix: aas-devrel,100,100
aas-devrel-api-error-docs-completeness-reconciliation,business-operations,marketing-sales,business domain prefix: aas-devrel,100,100
aas-devrel-api-error-docs-exception-triage-queue,business-operations,marketing-sales,business domain prefix: aas-devrel,100,100
aas-devrel-api-error-docs-recovery-readiness-drill,business-operations,marketing-sales,business domain prefix: aas-devrel,100,100
aas-devrel-api-error-docs-scenario-sensitivity-matrix,business-operations,marketing-sales,business domain prefix: aas-devrel,100,100
aas-devrel-api-error-docs-scope-intake-gate,business-operations,marketing-sales,business domain prefix: aas-devrel,100,100
aas-devrel-api-error-docs-source-provenance-ledger,business-operations,marketing-sales,business domain prefix: aas-devrel,100,100
aas-devrel-api-error-docs-threshold-rule-check,business-operations,marketing-sales,business domain prefix: aas-devrel,100,100
aas-devrel-changelog-upgrade-approval-evidence-packet,business-operations,marketing-sales,business domain prefix: aas-devrel,100,100
aas-devrel-changelog-upgrade-change-impact-trace,business-operations,marketing-sales,business domain prefix: aas-devrel,100,100
aas-devrel-changelog-upgrade-closeout-handoff-ledger,business-operations,marketing-sales,business domain prefix: aas-devrel,100,100
aas-devrel-changelog-upgrade-completeness-reconciliation,business-operations,marketing-sales,business domain prefix: aas-devrel,100,100
aas-devrel-changelog-upgrade-exception-triage-queue,business-operations,marketing-sales,business domain prefix: aas-devrel,100,100
aas-devrel-changelog-upgrade-recovery-readiness-drill,business-operations,marketing-sales,business domain prefix: aas-devrel,100,100
aas-devrel-changelog-upgrade-scenario-sensitivity-matrix,business-operations,marketing-sales,business domain prefix: aas-devrel,100,100
aas-devrel-changelog-upgrade-scope-intake-gate,business-operations,marketing-sales,business domain prefix: aas-devrel,100,100
aas-devrel-changelog-upgrade-source-provenance-ledger,business-operations,marketing-sales,business domain prefix: aas-devrel,100,100
aas-devrel-changelog-upgrade-threshold-rule-check,business-operations,marketing-sales,business domain prefix: aas-devrel,100,100
aas-devrel-community-triage-approval-evidence-packet,business-operations,marketing-sales,business domain prefix: aas-devrel,100,100
aas-devrel-community-triage-change-impact-trace,business-operations,marketing-sales,business domain prefix: aas-devrel,100,100
aas-devrel-community-triage-closeout-handoff-ledger,business-operations,marketing-sales,business domain prefix: aas-devrel,100,100
aas-devrel-community-triage-completeness-reconciliation,business-operations,marketing-sales,business domain prefix: aas-devrel,100,100
aas-devrel-community-triage-exception-triage-queue,business-operations,marketing-sales,business domain prefix: aas-devrel,100,100
aas-devrel-community-triage-recovery-readiness-drill,business-operations,marketing-sales,business domain prefix: aas-devrel,100,100
aas-devrel-community-triage-scenario-sensitivity-matrix,business-operations,marketing-sales,business domain prefix: aas-devrel,100,100
aas-devrel-community-triage-scope-intake-gate,business-operations,marketing-sales,business domain prefix: aas-devrel,100,100
aas-devrel-community-triage-source-provenance-ledger,business-operations,marketing-sales,business domain prefix: aas-devrel,100,100
aas-devrel-community-triage-threshold-rule-check,business-operations,marketing-sales,business domain prefix: aas-devrel,100,100
aas-devrel-launch-claim-proof-approval-evidence-packet,business-operations,marketing-sales,business domain prefix: aas-devrel,100,100
aas-devrel-launch-claim-proof-change-impact-trace,business-operations,marketing-sales,business domain prefix: aas-devrel,100,100
aas-devrel-launch-claim-proof-closeout-handoff-ledger,business-operations,marketing-sales,business domain prefix: aas-devrel,100,100
aas-devrel-launch-claim-proof-completeness-reconciliation,business-operations,marketing-sales,business domain prefix: aas-devrel,100,100
aas-devrel-launch-claim-proof-exception-triage-queue,business-operations,marketing-sales,business domain prefix: aas-devrel,100,100
aas-devrel-launch-claim-proof-recovery-readiness-drill,business-operations,marketing-sales,business domain prefix: aas-devrel,100,100
aas-devrel-launch-claim-proof-scenario-sensitivity-matrix,business-operations,marketing-sales,business domain prefix: aas-devrel,100,100
aas-devrel-launch-claim-proof-scope-intake-gate,business-operations,marketing-sales,business domain prefix: aas-devrel,100,100
aas-devrel-launch-claim-proof-source-provenance-ledger,business-operations,marketing-sales,business domain prefix: aas-devrel,100,100
aas-devrel-launch-claim-proof-threshold-rule-check,business-operations,marketing-sales,business domain prefix: aas-devrel,100,100
aas-devrel-quickstart-friction-approval-evidence-packet,business-operations,marketing-sales,business domain prefix: aas-devrel,100,100
aas-devrel-quickstart-friction-change-impact-trace,business-operations,marketing-sales,business domain prefix: aas-devrel,100,100
aas-devrel-quickstart-friction-closeout-handoff-ledger,business-operations,marketing-sales,business domain prefix: aas-devrel,100,100
aas-devrel-quickstart-friction-completeness-reconciliation,business-operations,marketing-sales,business domain prefix: aas-devrel,100,100
aas-devrel-quickstart-friction-exception-triage-queue,business-operations,marketing-sales,business domain prefix: aas-devrel,100,100
aas-devrel-quickstart-friction-recovery-readiness-drill,business-operations,marketing-sales,business domain prefix: aas-devrel,100,100
aas-devrel-quickstart-friction-scenario-sensitivity-matrix,business-operations,marketing-sales,business domain prefix: aas-devrel,100,100
aas-devrel-quickstart-friction-scope-intake-gate,business-operations,marketing-sales,business domain prefix: aas-devrel,100,100
aas-devrel-quickstart-friction-source-provenance-ledger,business-operations,marketing-sales,business domain prefix: aas-devrel,100,100
aas-devrel-quickstart-friction-threshold-rule-check,business-operations,marketing-sales,business domain prefix: aas-devrel,100,100
aas-devrel-sample-repo-sync-approval-evidence-packet,business-operations,marketing-sales,business domain prefix: aas-devrel,100,100
aas-devrel-sample-repo-sync-change-impact-trace,business-operations,marketing-sales,business domain prefix: aas-devrel,100,100
aas-devrel-sample-repo-sync-closeout-handoff-ledger,business-operations,marketing-sales,business domain prefix: aas-devrel,100,100
aas-devrel-sample-repo-sync-completeness-reconciliation,business-operations,marketing-sales,business domain prefix: aas-devrel,100,100
aas-devrel-sample-repo-sync-exception-triage-queue,business-operations,marketing-sales,business domain prefix: aas-devrel,100,100
aas-devrel-sample-repo-sync-recovery-readiness-drill,business-operations,marketing-sales,business domain prefix: aas-devrel,100,100
aas-devrel-sample-repo-sync-scenario-sensitivity-matrix,business-operations,marketing-sales,business domain prefix: aas-devrel,100,100
aas-devrel-sample-repo-sync-scope-intake-gate,business-operations,marketing-sales,business domain prefix: aas-devrel,100,100
aas-devrel-sample-repo-sync-source-provenance-ledger,business-operations,marketing-sales,business domain prefix: aas-devrel,100,100
aas-devrel-sample-repo-sync-threshold-rule-check,business-operations,marketing-sales,business domain prefix: aas-devrel,100,100
aas-devrel-sample-secret-scan-approval-evidence-packet,business-operations,marketing-sales,business domain prefix: aas-devrel,100,100
aas-devrel-sample-secret-scan-change-impact-trace,business-operations,marketing-sales,business domain prefix: aas-devrel,100,100
aas-devrel-sample-secret-scan-closeout-handoff-ledger,business-operations,marketing-sales,business domain prefix: aas-devrel,100,100
aas-devrel-sample-secret-scan-completeness-reconciliation,business-operations,marketing-sales,business domain prefix: aas-devrel,100,100
aas-devrel-sample-secret-scan-exception-triage-queue,business-operations,marketing-sales,business domain prefix: aas-devrel,100,100
aas-devrel-sample-secret-scan-recovery-readiness-drill,business-operations,marketing-sales,business domain prefix: aas-devrel,100,100
aas-devrel-sample-secret-scan-scenario-sensitivity-matrix,business-operations,marketing-sales,business domain prefix: aas-devrel,100,100
aas-devrel-sample-secret-scan-scope-intake-gate,business-operations,marketing-sales,business domain prefix: aas-devrel,100,100
aas-devrel-sample-secret-scan-source-provenance-ledger,business-operations,marketing-sales,business domain prefix: aas-devrel,100,100
aas-devrel-sample-secret-scan-threshold-rule-check,business-operations,marketing-sales,business domain prefix: aas-devrel,100,100
aas-devrel-sdk-example-build-approval-evidence-packet,business-operations,marketing-sales,business domain prefix: aas-devrel,100,100
aas-devrel-sdk-example-build-change-impact-trace,business-operations,marketing-sales,business domain prefix: aas-devrel,100,100
aas-devrel-sdk-example-build-closeout-handoff-ledger,business-operations,marketing-sales,business domain prefix: aas-devrel,100,100
aas-devrel-sdk-example-build-completeness-reconciliation,business-operations,marketing-sales,business domain prefix: aas-devrel,100,100
aas-devrel-sdk-example-build-exception-triage-queue,business-operations,marketing-sales,business domain prefix: aas-devrel,100,100
aas-devrel-sdk-example-build-recovery-readiness-drill,business-operations,marketing-sales,business domain prefix: aas-devrel,100,100
aas-devrel-sdk-example-build-scenario-sensitivity-matrix,business-operations,marketing-sales,business domain prefix: aas-devrel,100,100
aas-devrel-sdk-example-build-scope-intake-gate,business-operations,marketing-sales,business domain prefix: aas-devrel,100,100
aas-devrel-sdk-example-build-source-provenance-ledger,business-operations,marketing-sales,business domain prefix: aas-devrel,100,100
aas-devrel-sdk-example-build-threshold-rule-check,business-operations,marketing-sales,business domain prefix: aas-devrel,100,100
aas-devrel-support-signal-approval-evidence-packet,business-operations,marketing-sales,business domain prefix: aas-devrel,100,100
aas-devrel-support-signal-change-impact-trace,business-operations,marketing-sales,business domain prefix: aas-devrel,100,100
aas-devrel-support-signal-closeout-handoff-ledger,business-operations,marketing-sales,business domain prefix: aas-devrel,100,100
aas-devrel-support-signal-completeness-reconciliation,business-operations,marketing-sales,business domain prefix: aas-devrel,100,100
aas-devrel-support-signal-exception-triage-queue,business-operations,marketing-sales,business domain prefix: aas-devrel,100,100
aas-devrel-support-signal-recovery-readiness-drill,business-operations,marketing-sales,business domain prefix: aas-devrel,100,100
aas-devrel-support-signal-scenario-sensitivity-matrix,business-operations,marketing-sales,business domain prefix: aas-devrel,100,100
aas-devrel-support-signal-scope-intake-gate,business-operations,marketing-sales,business domain prefix: aas-devrel,100,100
aas-devrel-support-signal-source-provenance-ledger,business-operations,marketing-sales,business domain prefix: aas-devrel,100,100
aas-devrel-support-signal-threshold-rule-check,business-operations,marketing-sales,business domain prefix: aas-devrel,100,100
aas-devrel-tutorial-prerequisites-approval-evidence-packet,business-operations,marketing-sales,business domain prefix: aas-devrel,100,100
aas-devrel-tutorial-prerequisites-change-impact-trace,business-operations,marketing-sales,business domain prefix: aas-devrel,100,100
aas-devrel-tutorial-prerequisites-closeout-handoff-ledger,business-operations,marketing-sales,business domain prefix: aas-devrel,100,100
aas-devrel-tutorial-prerequisites-completeness-reconciliation,business-operations,marketing-sales,business domain prefix: aas-devrel,100,100
aas-devrel-tutorial-prerequisites-exception-triage-queue,business-operations,marketing-sales,business domain prefix: aas-devrel,100,100
aas-devrel-tutorial-prerequisites-recovery-readiness-drill,business-operations,marketing-sales,business domain prefix: aas-devrel,100,100
aas-devrel-tutorial-prerequisites-scenario-sensitivity-matrix,business-operations,marketing-sales,business domain prefix: aas-devrel,100,100
aas-devrel-tutorial-prerequisites-scope-intake-gate,business-operations,marketing-sales,business domain prefix: aas-devrel,100,100
aas-devrel-tutorial-prerequisites-source-provenance-ledger,business-operations,marketing-sales,business domain prefix: aas-devrel,100,100
aas-devrel-tutorial-prerequisites-threshold-rule-check,business-operations,marketing-sales,business domain prefix: aas-devrel,100,100
aas-devtools-api-version-compat-approval-evidence-packet,software-development,backend-apis,developer API/SDK contract topic,100,100
aas-devtools-api-version-compat-change-impact-trace,software-development,backend-apis,developer API/SDK contract topic,100,100
aas-devtools-api-version-compat-closeout-handoff-ledger,software-development,backend-apis,developer API/SDK contract topic,100,100
aas-devtools-api-version-compat-completeness-reconciliation,software-development,backend-apis,developer API/SDK contract topic,100,100
aas-devtools-api-version-compat-exception-triage-queue,software-development,backend-apis,developer API/SDK contract topic,100,100
aas-devtools-api-version-compat-recovery-readiness-drill,software-development,backend-apis,developer API/SDK contract topic,100,100
aas-devtools-api-version-compat-scenario-sensitivity-matrix,software-development,backend-apis,developer API/SDK contract topic,100,100
aas-devtools-api-version-compat-scope-intake-gate,software-development,backend-apis,developer API/SDK contract topic,100,100
aas-devtools-api-version-compat-source-provenance-ledger,software-development,backend-apis,developer API/SDK contract topic,100,100
aas-devtools-api-version-compat-threshold-rule-check,software-development,backend-apis,developer API/SDK contract topic,100,100
aas-devtools-cli-option-contract-approval-evidence-packet,software-development,architecture-devtools,developer tooling topic,100,100
aas-devtools-cli-option-contract-change-impact-trace,software-development,architecture-devtools,developer tooling topic,100,100
aas-devtools-cli-option-contract-closeout-handoff-ledger,software-development,architecture-devtools,developer tooling topic,100,100
aas-devtools-cli-option-contract-completeness-reconciliation,software-development,architecture-devtools,developer tooling topic,100,100
aas-devtools-cli-option-contract-exception-triage-queue,software-development,architecture-devtools,developer tooling topic,100,100
aas-devtools-cli-option-contract-recovery-readiness-drill,software-development,architecture-devtools,developer tooling topic,100,100
aas-devtools-cli-option-contract-scenario-sensitivity-matrix,software-development,architecture-devtools,developer tooling topic,100,100
aas-devtools-cli-option-contract-scope-intake-gate,software-development,architecture-devtools,developer tooling topic,100,100
aas-devtools-cli-option-contract-source-provenance-ledger,software-development,architecture-devtools,developer tooling topic,100,100
aas-devtools-cli-option-contract-threshold-rule-check,software-development,architecture-devtools,developer tooling topic,100,100
aas-devtools-codegen-reproducibility-approval-evidence-packet,software-development,architecture-devtools,developer tooling topic,100,100
aas-devtools-codegen-reproducibility-change-impact-trace,software-development,architecture-devtools,developer tooling topic,100,100
aas-devtools-codegen-reproducibility-closeout-handoff-ledger,software-development,architecture-devtools,developer tooling topic,100,100
aas-devtools-codegen-reproducibility-completeness-reconciliation,software-development,architecture-devtools,developer tooling topic,100,100
aas-devtools-codegen-reproducibility-exception-triage-queue,software-development,architecture-devtools,developer tooling topic,100,100
aas-devtools-codegen-reproducibility-recovery-readiness-drill,software-development,architecture-devtools,developer tooling topic,100,100
aas-devtools-codegen-reproducibility-scenario-sensitivity-matrix,software-development,architecture-devtools,developer tooling topic,100,100
aas-devtools-codegen-reproducibility-scope-intake-gate,software-development,architecture-devtools,developer tooling topic,100,100
aas-devtools-codegen-reproducibility-source-provenance-ledger,software-development,architecture-devtools,developer tooling topic,100,100
aas-devtools-codegen-reproducibility-threshold-rule-check,software-development,architecture-devtools,developer tooling topic,100,100
aas-devtools-config-precedence-approval-evidence-packet,software-development,architecture-devtools,developer tooling topic,100,100
aas-devtools-config-precedence-change-impact-trace,software-development,architecture-devtools,developer tooling topic,100,100
aas-devtools-config-precedence-closeout-handoff-ledger,software-development,architecture-devtools,developer tooling topic,100,100
aas-devtools-config-precedence-completeness-reconciliation,software-development,architecture-devtools,developer tooling topic,100,100
aas-devtools-config-precedence-exception-triage-queue,software-development,architecture-devtools,developer tooling topic,100,100
aas-devtools-config-precedence-recovery-readiness-drill,software-development,architecture-devtools,developer tooling topic,100,100
aas-devtools-config-precedence-scenario-sensitivity-matrix,software-development,architecture-devtools,developer tooling topic,100,100
aas-devtools-config-precedence-scope-intake-gate,software-development,architecture-devtools,developer tooling topic,100,100
aas-devtools-config-precedence-source-provenance-ledger,software-development,architecture-devtools,developer tooling topic,100,100
aas-devtools-config-precedence-threshold-rule-check,software-development,architecture-devtools,developer tooling topic,100,100
aas-devtools-devcontainer-parity-approval-evidence-packet,software-development,architecture-devtools,developer tooling topic,100,100
aas-devtools-devcontainer-parity-change-impact-trace,software-development,architecture-devtools,developer tooling topic,100,100
aas-devtools-devcontainer-parity-closeout-handoff-ledger,software-development,architecture-devtools,developer tooling topic,100,100
aas-devtools-devcontainer-parity-completeness-reconciliation,software-development,architecture-devtools,developer tooling topic,100,100
aas-devtools-devcontainer-parity-exception-triage-queue,software-development,architecture-devtools,developer tooling topic,100,100
aas-devtools-devcontainer-parity-recovery-readiness-drill,software-development,architecture-devtools,developer tooling topic,100,100
aas-devtools-devcontainer-parity-scenario-sensitivity-matrix,software-development,architecture-devtools,developer tooling topic,100,100
aas-devtools-devcontainer-parity-scope-intake-gate,software-development,architecture-devtools,developer tooling topic,100,100
aas-devtools-devcontainer-parity-source-provenance-ledger,software-development,architecture-devtools,developer tooling topic,100,100
aas-devtools-devcontainer-parity-threshold-rule-check,software-development,architecture-devtools,developer tooling topic,100,100
aas-devtools-lockfile-migration-approval-evidence-packet,software-development,architecture-devtools,developer tooling topic,100,100
aas-devtools-lockfile-migration-change-impact-trace,software-development,architecture-devtools,developer tooling topic,100,100
aas-devtools-lockfile-migration-closeout-handoff-ledger,software-development,architecture-devtools,developer tooling topic,100,100
aas-devtools-lockfile-migration-completeness-reconciliation,software-development,architecture-devtools,developer tooling topic,100,100
aas-devtools-lockfile-migration-exception-triage-queue,software-development,architecture-devtools,developer tooling topic,100,100
aas-devtools-lockfile-migration-recovery-readiness-drill,software-development,architecture-devtools,developer tooling topic,100,100
aas-devtools-lockfile-migration-scenario-sensitivity-matrix,software-development,architecture-devtools,developer tooling topic,100,100
aas-devtools-lockfile-migration-scope-intake-gate,software-development,architecture-devtools,developer tooling topic,100,100
aas-devtools-lockfile-migration-source-provenance-ledger,software-development,architecture-devtools,developer tooling topic,100,100
aas-devtools-lockfile-migration-threshold-rule-check,software-development,architecture-devtools,developer tooling topic,100,100
aas-devtools-monorepo-change-scope-approval-evidence-packet,software-development,architecture-devtools,developer tooling topic,100,100
aas-devtools-monorepo-change-scope-change-impact-trace,software-development,architecture-devtools,developer tooling topic,100,100
aas-devtools-monorepo-change-scope-closeout-handoff-ledger,software-development,architecture-devtools,developer tooling topic,100,100
aas-devtools-monorepo-change-scope-completeness-reconciliation,software-development,architecture-devtools,developer tooling topic,100,100
aas-devtools-monorepo-change-scope-exception-triage-queue,software-development,architecture-devtools,developer tooling topic,100,100
aas-devtools-monorepo-change-scope-recovery-readiness-drill,software-development,architecture-devtools,developer tooling topic,100,100
aas-devtools-monorepo-change-scope-scenario-sensitivity-matrix,software-development,architecture-devtools,developer tooling topic,100,100
aas-devtools-monorepo-change-scope-scope-intake-gate,software-development,architecture-devtools,developer tooling topic,100,100
aas-devtools-monorepo-change-scope-source-provenance-ledger,software-development,architecture-devtools,developer tooling topic,100,100
aas-devtools-monorepo-change-scope-threshold-rule-check,software-development,architecture-devtools,developer tooling topic,100,100
aas-devtools-quickstart-parity-approval-evidence-packet,software-development,testing-quality-release,developer-toolchain verification topic,100,100
aas-devtools-quickstart-parity-change-impact-trace,software-development,testing-quality-release,developer-toolchain verification topic,100,100
aas-devtools-quickstart-parity-closeout-handoff-ledger,software-development,testing-quality-release,developer-toolchain verification topic,100,100
aas-devtools-quickstart-parity-completeness-reconciliation,software-development,testing-quality-release,developer-toolchain verification topic,100,100
aas-devtools-quickstart-parity-exception-triage-queue,software-development,testing-quality-release,developer-toolchain verification topic,100,100
aas-devtools-quickstart-parity-recovery-readiness-drill,software-development,testing-quality-release,developer-toolchain verification topic,100,100
aas-devtools-quickstart-parity-scenario-sensitivity-matrix,software-development,testing-quality-release,developer-toolchain verification topic,100,100
aas-devtools-quickstart-parity-scope-intake-gate,software-development,testing-quality-release,developer-toolchain verification topic,100,100
aas-devtools-quickstart-parity-source-provenance-ledger,software-development,testing-quality-release,developer-toolchain verification topic,100,100
aas-devtools-quickstart-parity-threshold-rule-check,software-development,testing-quality-release,developer-toolchain verification topic,100,100
aas-devtools-sdk-error-contract-approval-evidence-packet,software-development,backend-apis,developer API/SDK contract topic,100,100
aas-devtools-sdk-error-contract-change-impact-trace,software-development,backend-apis,developer API/SDK contract topic,100,100
aas-devtools-sdk-error-contract-closeout-handoff-ledger,software-development,backend-apis,developer API/SDK contract topic,100,100
aas-devtools-sdk-error-contract-completeness-reconciliation,software-development,backend-apis,developer API/SDK contract topic,100,100
aas-devtools-sdk-error-contract-exception-triage-queue,software-development,backend-apis,developer API/SDK contract topic,100,100
aas-devtools-sdk-error-contract-recovery-readiness-drill,software-development,backend-apis,developer API/SDK contract topic,100,100
aas-devtools-sdk-error-contract-scenario-sensitivity-matrix,software-development,backend-apis,developer API/SDK contract topic,100,100
aas-devtools-sdk-error-contract-scope-intake-gate,software-development,backend-apis,developer API/SDK contract topic,100,100
aas-devtools-sdk-error-contract-source-provenance-ledger,software-development,backend-apis,developer API/SDK contract topic,100,100
aas-devtools-sdk-error-contract-threshold-rule-check,software-development,backend-apis,developer API/SDK contract topic,100,100
aas-devtools-workspace-bootstrap-approval-evidence-packet,software-development,architecture-devtools,developer tooling topic,100,100
aas-devtools-workspace-bootstrap-change-impact-trace,software-development,architecture-devtools,developer tooling topic,100,100
aas-devtools-workspace-bootstrap-closeout-handoff-ledger,software-development,architecture-devtools,developer tooling topic,100,100
aas-devtools-workspace-bootstrap-completeness-reconciliation,software-development,architecture-devtools,developer tooling topic,100,100
aas-devtools-workspace-bootstrap-exception-triage-queue,software-development,architecture-devtools,developer tooling topic,100,100
aas-devtools-workspace-bootstrap-recovery-readiness-drill,software-development,architecture-devtools,developer tooling topic,100,100
aas-devtools-workspace-bootstrap-scenario-sensitivity-matrix,software-development,architecture-devtools,developer tooling topic,100,100
aas-devtools-workspace-bootstrap-scope-intake-gate,software-development,architecture-devtools,developer tooling topic,100,100
aas-devtools-workspace-bootstrap-source-provenance-ledger,software-development,architecture-devtools,developer tooling topic,100,100
aas-devtools-workspace-bootstrap-threshold-rule-check,software-development,architecture-devtools,developer tooling topic,100,100
aas-docs-conversion-fidelity-approval-evidence-packet,business-operations,product-growth,business domain prefix: aas-docs,100,100
aas-docs-conversion-fidelity-change-impact-trace,business-operations,product-growth,business domain prefix: aas-docs,100,100
aas-docs-conversion-fidelity-closeout-handoff-ledger,business-operations,product-growth,business domain prefix: aas-docs,100,100
aas-docs-conversion-fidelity-completeness-reconciliation,business-operations,product-growth,business domain prefix: aas-docs,100,100
aas-docs-conversion-fidelity-exception-triage-queue,business-operations,product-growth,business domain prefix: aas-docs,100,100
aas-docs-conversion-fidelity-recovery-readiness-drill,business-operations,product-growth,business domain prefix: aas-docs,100,100
aas-docs-conversion-fidelity-scenario-sensitivity-matrix,business-operations,product-growth,business domain prefix: aas-docs,100,100
aas-docs-conversion-fidelity-scope-intake-gate,business-operations,product-growth,business domain prefix: aas-docs,100,100
aas-docs-conversion-fidelity-source-provenance-ledger,business-operations,product-growth,business domain prefix: aas-docs,100,100
aas-docs-conversion-fidelity-threshold-rule-check,business-operations,product-growth,business domain prefix: aas-docs,100,100
aas-docs-external-links-approval-evidence-packet,business-operations,product-growth,business domain prefix: aas-docs,100,100
aas-docs-external-links-change-impact-trace,business-operations,product-growth,business domain prefix: aas-docs,100,100
aas-docs-external-links-closeout-handoff-ledger,business-operations,product-growth,business domain prefix: aas-docs,100,100
aas-docs-external-links-completeness-reconciliation,business-operations,product-growth,business domain prefix: aas-docs,100,100
aas-docs-external-links-exception-triage-queue,business-operations,product-growth,business domain prefix: aas-docs,100,100
aas-docs-external-links-recovery-readiness-drill,business-operations,product-growth,business domain prefix: aas-docs,100,100
aas-docs-external-links-scenario-sensitivity-matrix,business-operations,product-growth,business domain prefix: aas-docs,100,100
aas-docs-external-links-scope-intake-gate,business-operations,product-growth,business domain prefix: aas-docs,100,100
aas-docs-external-links-source-provenance-ledger,business-operations,product-growth,business domain prefix: aas-docs,100,100
aas-docs-external-links-threshold-rule-check,business-operations,product-growth,business domain prefix: aas-docs,100,100
aas-docs-formula-risk-approval-evidence-packet,business-operations,product-growth,business domain prefix: aas-docs,100,100
aas-docs-formula-risk-change-impact-trace,business-operations,product-growth,business domain prefix: aas-docs,100,100
aas-docs-formula-risk-closeout-handoff-ledger,business-operations,product-growth,business domain prefix: aas-docs,100,100
aas-docs-formula-risk-completeness-reconciliation,business-operations,product-growth,business domain prefix: aas-docs,100,100
aas-docs-formula-risk-exception-triage-queue,business-operations,product-growth,business domain prefix: aas-docs,100,100
aas-docs-formula-risk-recovery-readiness-drill,business-operations,product-growth,business domain prefix: aas-docs,100,100
aas-docs-formula-risk-scenario-sensitivity-matrix,business-operations,product-growth,business domain prefix: aas-docs,100,100
aas-docs-formula-risk-scope-intake-gate,business-operations,product-growth,business domain prefix: aas-docs,100,100
aas-docs-formula-risk-source-provenance-ledger,business-operations,product-growth,business domain prefix: aas-docs,100,100
aas-docs-formula-risk-threshold-rule-check,business-operations,product-growth,business domain prefix: aas-docs,100,100
aas-docs-ocr-confidence-approval-evidence-packet,business-operations,product-growth,business domain prefix: aas-docs,100,100
aas-docs-ocr-confidence-change-impact-trace,business-operations,product-growth,business domain prefix: aas-docs,100,100
aas-docs-ocr-confidence-closeout-handoff-ledger,business-operations,product-growth,business domain prefix: aas-docs,100,100
aas-docs-ocr-confidence-completeness-reconciliation,business-operations,product-growth,business domain prefix: aas-docs,100,100
aas-docs-ocr-confidence-exception-triage-queue,business-operations,product-growth,business domain prefix: aas-docs,100,100
aas-docs-ocr-confidence-recovery-readiness-drill,business-operations,product-growth,business domain prefix: aas-docs,100,100
aas-docs-ocr-confidence-scenario-sensitivity-matrix,business-operations,product-growth,business domain prefix: aas-docs,100,100
aas-docs-ocr-confidence-scope-intake-gate,business-operations,product-growth,business domain prefix: aas-docs,100,100
aas-docs-ocr-confidence-source-provenance-ledger,business-operations,product-growth,business domain prefix: aas-docs,100,100
aas-docs-ocr-confidence-threshold-rule-check,business-operations,product-growth,business domain prefix: aas-docs,100,100
aas-docs-pdf-form-fields-approval-evidence-packet,business-operations,product-growth,business domain prefix: aas-docs,100,100
aas-docs-pdf-form-fields-change-impact-trace,business-operations,product-growth,business domain prefix: aas-docs,100,100
aas-docs-pdf-form-fields-closeout-handoff-ledger,business-operations,product-growth,business domain prefix: aas-docs,100,100
aas-docs-pdf-form-fields-completeness-reconciliation,business-operations,product-growth,business domain prefix: aas-docs,100,100
aas-docs-pdf-form-fields-exception-triage-queue,business-operations,product-growth,business domain prefix: aas-docs,100,100
aas-docs-pdf-form-fields-recovery-readiness-drill,business-operations,product-growth,business domain prefix: aas-docs,100,100
aas-docs-pdf-form-fields-scenario-sensitivity-matrix,business-operations,product-growth,business domain prefix: aas-docs,100,100
aas-docs-pdf-form-fields-scope-intake-gate,business-operations,product-growth,business domain prefix: aas-docs,100,100
aas-docs-pdf-form-fields-source-provenance-ledger,business-operations,product-growth,business domain prefix: aas-docs,100,100
aas-docs-pdf-form-fields-threshold-rule-check,business-operations,product-growth,business domain prefix: aas-docs,100,100
aas-docs-pdf-tagging-approval-evidence-packet,business-operations,product-growth,business domain prefix: aas-docs,100,100
aas-docs-pdf-tagging-change-impact-trace,business-operations,product-growth,business domain prefix: aas-docs,100,100
aas-docs-pdf-tagging-closeout-handoff-ledger,business-operations,product-growth,business domain prefix: aas-docs,100,100
aas-docs-pdf-tagging-completeness-reconciliation,business-operations,product-growth,business domain prefix: aas-docs,100,100
aas-docs-pdf-tagging-exception-triage-queue,business-operations,product-growth,business domain prefix: aas-docs,100,100
aas-docs-pdf-tagging-recovery-readiness-drill,business-operations,product-growth,business domain prefix: aas-docs,100,100
aas-docs-pdf-tagging-scenario-sensitivity-matrix,business-operations,product-growth,business domain prefix: aas-docs,100,100
aas-docs-pdf-tagging-scope-intake-gate,business-operations,product-growth,business domain prefix: aas-docs,100,100
aas-docs-pdf-tagging-source-provenance-ledger,business-operations,product-growth,business domain prefix: aas-docs,100,100
aas-docs-pdf-tagging-threshold-rule-check,business-operations,product-growth,business domain prefix: aas-docs,100,100
aas-docs-redaction-verification-approval-evidence-packet,business-operations,product-growth,business domain prefix: aas-docs,100,100
aas-docs-redaction-verification-change-impact-trace,business-operations,product-growth,business domain prefix: aas-docs,100,100
aas-docs-redaction-verification-closeout-handoff-ledger,business-operations,product-growth,business domain prefix: aas-docs,100,100
aas-docs-redaction-verification-completeness-reconciliation,business-operations,product-growth,business domain prefix: aas-docs,100,100
aas-docs-redaction-verification-exception-triage-queue,business-operations,product-growth,business domain prefix: aas-docs,100,100
aas-docs-redaction-verification-recovery-readiness-drill,business-operations,product-growth,business domain prefix: aas-docs,100,100
aas-docs-redaction-verification-scenario-sensitivity-matrix,business-operations,product-growth,business domain prefix: aas-docs,100,100
aas-docs-redaction-verification-scope-intake-gate,business-operations,product-growth,business domain prefix: aas-docs,100,100
aas-docs-redaction-verification-source-provenance-ledger,business-operations,product-growth,business domain prefix: aas-docs,100,100
aas-docs-redaction-verification-threshold-rule-check,business-operations,product-growth,business domain prefix: aas-docs,100,100
aas-docs-signature-metadata-approval-evidence-packet,business-operations,product-growth,business domain prefix: aas-docs,100,100
aas-docs-signature-metadata-change-impact-trace,business-operations,product-growth,business domain prefix: aas-docs,100,100
aas-docs-signature-metadata-closeout-handoff-ledger,business-operations,product-growth,business domain prefix: aas-docs,100,100
aas-docs-signature-metadata-completeness-reconciliation,business-operations,product-growth,business domain prefix: aas-docs,100,100
aas-docs-signature-metadata-exception-triage-queue,business-operations,product-growth,business domain prefix: aas-docs,100,100
aas-docs-signature-metadata-recovery-readiness-drill,business-operations,product-growth,business domain prefix: aas-docs,100,100
aas-docs-signature-metadata-scenario-sensitivity-matrix,business-operations,product-growth,business domain prefix: aas-docs,100,100
aas-docs-signature-metadata-scope-intake-gate,business-operations,product-growth,business domain prefix: aas-docs,100,100
aas-docs-signature-metadata-source-provenance-ledger,business-operations,product-growth,business domain prefix: aas-docs,100,100
aas-docs-signature-metadata-threshold-rule-check,business-operations,product-growth,business domain prefix: aas-docs,100,100
aas-docs-slide-reading-order-approval-evidence-packet,business-operations,product-growth,business domain prefix: aas-docs,100,100
aas-docs-slide-reading-order-change-impact-trace,business-operations,product-growth,business domain prefix: aas-docs,100,100
aas-docs-slide-reading-order-closeout-handoff-ledger,business-operations,product-growth,business domain prefix: aas-docs,100,100
aas-docs-slide-reading-order-completeness-reconciliation,business-operations,product-growth,business domain prefix: aas-docs,100,100
aas-docs-slide-reading-order-exception-triage-queue,business-operations,product-growth,business domain prefix: aas-docs,100,100
aas-docs-slide-reading-order-recovery-readiness-drill,business-operations,product-growth,business domain prefix: aas-docs,100,100
aas-docs-slide-reading-order-scenario-sensitivity-matrix,business-operations,product-growth,business domain prefix: aas-docs,100,100
aas-docs-slide-reading-order-scope-intake-gate,business-operations,product-growth,business domain prefix: aas-docs,100,100
aas-docs-slide-reading-order-source-provenance-ledger,business-operations,product-growth,business domain prefix: aas-docs,100,100
aas-docs-slide-reading-order-threshold-rule-check,business-operations,product-growth,business domain prefix: aas-docs,100,100
aas-docs-template-variables-approval-evidence-packet,business-operations,product-growth,business domain prefix: aas-docs,100,100
aas-docs-template-variables-change-impact-trace,business-operations,product-growth,business domain prefix: aas-docs,100,100
aas-docs-template-variables-closeout-handoff-ledger,business-operations,product-growth,business domain prefix: aas-docs,100,100
aas-docs-template-variables-completeness-reconciliation,business-operations,product-growth,business domain prefix: aas-docs,100,100
aas-docs-template-variables-exception-triage-queue,business-operations,product-growth,business domain prefix: aas-docs,100,100
aas-docs-template-variables-recovery-readiness-drill,business-operations,product-growth,business domain prefix: aas-docs,100,100
aas-docs-template-variables-scenario-sensitivity-matrix,business-operations,product-growth,business domain prefix: aas-docs,100,100
aas-docs-template-variables-scope-intake-gate,business-operations,product-growth,business domain prefix: aas-docs,100,100
aas-docs-template-variables-source-provenance-ledger,business-operations,product-growth,business domain prefix: aas-docs,100,100
aas-docs-template-variables-threshold-rule-check,business-operations,product-growth,business domain prefix: aas-docs,100,100
aas-game-asset-bundle-approval-evidence-packet,creative-media-design,games-interactive,AAS game-development topic,100,100
aas-game-asset-bundle-change-impact-trace,creative-media-design,games-interactive,AAS game-development topic,100,100
aas-game-asset-bundle-closeout-handoff-ledger,creative-media-design,games-interactive,AAS game-development topic,100,100
aas-game-asset-bundle-completeness-reconciliation,creative-media-design,games-interactive,AAS game-development topic,100,100
aas-game-asset-bundle-exception-triage-queue,creative-media-design,games-interactive,AAS game-development topic,100,100
aas-game-asset-bundle-recovery-readiness-drill,creative-media-design,games-interactive,AAS game-development topic,100,100
aas-game-asset-bundle-scenario-sensitivity-matrix,creative-media-design,games-interactive,AAS game-development topic,100,100
aas-game-asset-bundle-scope-intake-gate,creative-media-design,games-interactive,AAS game-development topic,100,100
aas-game-asset-bundle-source-provenance-ledger,creative-media-design,games-interactive,AAS game-development topic,100,100
aas-game-asset-bundle-threshold-rule-check,creative-media-design,games-interactive,AAS game-development topic,100,100
aas-game-input-remapping-approval-evidence-packet,creative-media-design,games-interactive,AAS game-development topic,100,100
aas-game-input-remapping-change-impact-trace,creative-media-design,games-interactive,AAS game-development topic,100,100
aas-game-input-remapping-closeout-handoff-ledger,creative-media-design,games-interactive,AAS game-development topic,100,100
aas-game-input-remapping-completeness-reconciliation,creative-media-design,games-interactive,AAS game-development topic,100,100
aas-game-input-remapping-exception-triage-queue,creative-media-design,games-interactive,AAS game-development topic,100,100
aas-game-input-remapping-recovery-readiness-drill,creative-media-design,games-interactive,AAS game-development topic,100,100
aas-game-input-remapping-scenario-sensitivity-matrix,creative-media-design,games-interactive,AAS game-development topic,100,100
aas-game-input-remapping-scope-intake-gate,creative-media-design,games-interactive,AAS game-development topic,100,100
aas-game-input-remapping-source-provenance-ledger,creative-media-design,games-interactive,AAS game-development topic,100,100
aas-game-input-remapping-threshold-rule-check,creative-media-design,games-interactive,AAS game-development topic,100,100
aas-game-multiplayer-desync-approval-evidence-packet,creative-media-design,games-interactive,AAS game-development topic,100,100
aas-game-multiplayer-desync-change-impact-trace,creative-media-design,games-interactive,AAS game-development topic,100,100
aas-game-multiplayer-desync-closeout-handoff-ledger,creative-media-design,games-interactive,AAS game-development topic,100,100
aas-game-multiplayer-desync-completeness-reconciliation,creative-media-design,games-interactive,AAS game-development topic,100,100
aas-game-multiplayer-desync-exception-triage-queue,creative-media-design,games-interactive,AAS game-development topic,100,100
aas-game-multiplayer-desync-recovery-readiness-drill,creative-media-design,games-interactive,AAS game-development topic,100,100
aas-game-multiplayer-desync-scenario-sensitivity-matrix,creative-media-design,games-interactive,AAS game-development topic,100,100
aas-game-multiplayer-desync-scope-intake-gate,creative-media-design,games-interactive,AAS game-development topic,100,100
aas-game-multiplayer-desync-source-provenance-ledger,creative-media-design,games-interactive,AAS game-development topic,100,100
aas-game-multiplayer-desync-threshold-rule-check,creative-media-design,games-interactive,AAS game-development topic,100,100
aas-game-patch-delta-approval-evidence-packet,creative-media-design,games-interactive,AAS game-development topic,100,100
aas-game-patch-delta-change-impact-trace,creative-media-design,games-interactive,AAS game-development topic,100,100
aas-game-patch-delta-closeout-handoff-ledger,creative-media-design,games-interactive,AAS game-development topic,100,100
aas-game-patch-delta-completeness-reconciliation,creative-media-design,games-interactive,AAS game-development topic,100,100
aas-game-patch-delta-exception-triage-queue,creative-media-design,games-interactive,AAS game-development topic,100,100
aas-game-patch-delta-recovery-readiness-drill,creative-media-design,games-interactive,AAS game-development topic,100,100
aas-game-patch-delta-scenario-sensitivity-matrix,creative-media-design,games-interactive,AAS game-development topic,100,100
aas-game-patch-delta-scope-intake-gate,creative-media-design,games-interactive,AAS game-development topic,100,100
aas-game-patch-delta-source-provenance-ledger,creative-media-design,games-interactive,AAS game-development topic,100,100
aas-game-patch-delta-threshold-rule-check,creative-media-design,games-interactive,AAS game-development topic,100,100
aas-game-physics-replay-approval-evidence-packet,creative-media-design,games-interactive,AAS game-development topic,100,100
aas-game-physics-replay-change-impact-trace,creative-media-design,games-interactive,AAS game-development topic,100,100
aas-game-physics-replay-closeout-handoff-ledger,creative-media-design,games-interactive,AAS game-development topic,100,100
aas-game-physics-replay-completeness-reconciliation,creative-media-design,games-interactive,AAS game-development topic,100,100
aas-game-physics-replay-exception-triage-queue,creative-media-design,games-interactive,AAS game-development topic,100,100
aas-game-physics-replay-recovery-readiness-drill,creative-media-design,games-interactive,AAS game-development topic,100,100
aas-game-physics-replay-scenario-sensitivity-matrix,creative-media-design,games-interactive,AAS game-development topic,100,100
aas-game-physics-replay-scope-intake-gate,creative-media-design,games-interactive,AAS game-development topic,100,100
aas-game-physics-replay-source-provenance-ledger,creative-media-design,games-interactive,AAS game-development topic,100,100
aas-game-physics-replay-threshold-rule-check,creative-media-design,games-interactive,AAS game-development topic,100,100
aas-game-playtest-minimization-approval-evidence-packet,creative-media-design,games-interactive,AAS game-development topic,100,100
aas-game-playtest-minimization-change-impact-trace,creative-media-design,games-interactive,AAS game-development topic,100,100
aas-game-playtest-minimization-closeout-handoff-ledger,creative-media-design,games-interactive,AAS game-development topic,100,100
aas-game-playtest-minimization-completeness-reconciliation,creative-media-design,games-interactive,AAS game-development topic,100,100
aas-game-playtest-minimization-exception-triage-queue,creative-media-design,games-interactive,AAS game-development topic,100,100
aas-game-playtest-minimization-recovery-readiness-drill,creative-media-design,games-interactive,AAS game-development topic,100,100
aas-game-playtest-minimization-scenario-sensitivity-matrix,creative-media-design,games-interactive,AAS game-development topic,100,100
aas-game-playtest-minimization-scope-intake-gate,creative-media-design,games-interactive,AAS game-development topic,100,100
aas-game-playtest-minimization-source-provenance-ledger,creative-media-design,games-interactive,AAS game-development topic,100,100
aas-game-playtest-minimization-threshold-rule-check,creative-media-design,games-interactive,AAS game-development topic,100,100
aas-game-save-migration-approval-evidence-packet,creative-media-design,games-interactive,AAS game-development topic,100,100
aas-game-save-migration-change-impact-trace,creative-media-design,games-interactive,AAS game-development topic,100,100
aas-game-save-migration-closeout-handoff-ledger,creative-media-design,games-interactive,AAS game-development topic,100,100
aas-game-save-migration-completeness-reconciliation,creative-media-design,games-interactive,AAS game-development topic,100,100
aas-game-save-migration-exception-triage-queue,creative-media-design,games-interactive,AAS game-development topic,100,100
aas-game-save-migration-recovery-readiness-drill,creative-media-design,games-interactive,AAS game-development topic,100,100
aas-game-save-migration-scenario-sensitivity-matrix,creative-media-design,games-interactive,AAS game-development topic,100,100
aas-game-save-migration-scope-intake-gate,creative-media-design,games-interactive,AAS game-development topic,100,100
aas-game-save-migration-source-provenance-ledger,creative-media-design,games-interactive,AAS game-development topic,100,100
aas-game-save-migration-threshold-rule-check,creative-media-design,games-interactive,AAS game-development topic,100,100
aas-game-shader-variant-approval-evidence-packet,creative-media-design,games-interactive,AAS game-development topic,100,100
aas-game-shader-variant-change-impact-trace,creative-media-design,games-interactive,AAS game-development topic,100,100
aas-game-shader-variant-closeout-handoff-ledger,creative-media-design,games-interactive,AAS game-development topic,100,100
aas-game-shader-variant-completeness-reconciliation,creative-media-design,games-interactive,AAS game-development topic,100,100
aas-game-shader-variant-exception-triage-queue,creative-media-design,games-interactive,AAS game-development topic,100,100
aas-game-shader-variant-recovery-readiness-drill,creative-media-design,games-interactive,AAS game-development topic,100,100
aas-game-shader-variant-scenario-sensitivity-matrix,creative-media-design,games-interactive,AAS game-development topic,100,100
aas-game-shader-variant-scope-intake-gate,creative-media-design,games-interactive,AAS game-development topic,100,100
aas-game-shader-variant-source-provenance-ledger,creative-media-design,games-interactive,AAS game-development topic,100,100
aas-game-shader-variant-threshold-rule-check,creative-media-design,games-interactive,AAS game-development topic,100,100
aas-game-store-entitlement-approval-evidence-packet,creative-media-design,games-interactive,AAS game-development topic,100,100
aas-game-store-entitlement-change-impact-trace,creative-media-design,games-interactive,AAS game-development topic,100,100
aas-game-store-entitlement-closeout-handoff-ledger,creative-media-design,games-interactive,AAS game-development topic,100,100
aas-game-store-entitlement-completeness-reconciliation,creative-media-design,games-interactive,AAS game-development topic,100,100
aas-game-store-entitlement-exception-triage-queue,creative-media-design,games-interactive,AAS game-development topic,100,100
aas-game-store-entitlement-recovery-readiness-drill,creative-media-design,games-interactive,AAS game-development topic,100,100
aas-game-store-entitlement-scenario-sensitivity-matrix,creative-media-design,games-interactive,AAS game-development topic,100,100
aas-game-store-entitlement-scope-intake-gate,creative-media-design,games-interactive,AAS game-development topic,100,100
aas-game-store-entitlement-source-provenance-ledger,creative-media-design,games-interactive,AAS game-development topic,100,100
aas-game-store-entitlement-threshold-rule-check,creative-media-design,games-interactive,AAS game-development topic,100,100
aas-game-subtitle-timing-approval-evidence-packet,creative-media-design,audio-video,AAS game audio/caption topic,100,100
aas-game-subtitle-timing-change-impact-trace,creative-media-design,audio-video,AAS game audio/caption topic,100,100
aas-game-subtitle-timing-closeout-handoff-ledger,creative-media-design,audio-video,AAS game audio/caption topic,100,100
aas-game-subtitle-timing-completeness-reconciliation,creative-media-design,audio-video,AAS game audio/caption topic,100,100
aas-game-subtitle-timing-exception-triage-queue,creative-media-design,audio-video,AAS game audio/caption topic,100,100
aas-game-subtitle-timing-recovery-readiness-drill,creative-media-design,audio-video,AAS game audio/caption topic,100,100
aas-game-subtitle-timing-scenario-sensitivity-matrix,creative-media-design,audio-video,AAS game audio/caption topic,100,100
aas-game-subtitle-timing-scope-intake-gate,creative-media-design,audio-video,AAS game audio/caption topic,100,100
aas-game-subtitle-timing-source-provenance-ledger,creative-media-design,audio-video,AAS game audio/caption topic,100,100
aas-game-subtitle-timing-threshold-rule-check,creative-media-design,audio-video,AAS game audio/caption topic,100,100
aas-mobile-app-size-budget-approval-evidence-packet,software-development,testing-quality-release,mobile release/privacy verification topic,100,100
aas-mobile-app-size-budget-change-impact-trace,software-development,testing-quality-release,mobile release/privacy verification topic,100,100
aas-mobile-app-size-budget-closeout-handoff-ledger,software-development,testing-quality-release,mobile release/privacy verification topic,100,100
aas-mobile-app-size-budget-completeness-reconciliation,software-development,testing-quality-release,mobile release/privacy verification topic,100,100
aas-mobile-app-size-budget-exception-triage-queue,software-development,testing-quality-release,mobile release/privacy verification topic,100,100
aas-mobile-app-size-budget-recovery-readiness-drill,software-development,testing-quality-release,mobile release/privacy verification topic,100,100
aas-mobile-app-size-budget-scenario-sensitivity-matrix,software-development,testing-quality-release,mobile release/privacy verification topic,100,100
aas-mobile-app-size-budget-scope-intake-gate,software-development,testing-quality-release,mobile release/privacy verification topic,100,100
aas-mobile-app-size-budget-source-provenance-ledger,software-development,testing-quality-release,mobile release/privacy verification topic,100,100
aas-mobile-app-size-budget-threshold-rule-check,software-development,testing-quality-release,mobile release/privacy verification topic,100,100
aas-mobile-crash-symbols-approval-evidence-packet,software-development,testing-quality-release,mobile release/privacy verification topic,100,100
aas-mobile-crash-symbols-change-impact-trace,software-development,testing-quality-release,mobile release/privacy verification topic,100,100
aas-mobile-crash-symbols-closeout-handoff-ledger,software-development,testing-quality-release,mobile release/privacy verification topic,100,100
aas-mobile-crash-symbols-completeness-reconciliation,software-development,testing-quality-release,mobile release/privacy verification topic,100,100
aas-mobile-crash-symbols-exception-triage-queue,software-development,testing-quality-release,mobile release/privacy verification topic,100,100
aas-mobile-crash-symbols-recovery-readiness-drill,software-development,testing-quality-release,mobile release/privacy verification topic,100,100
aas-mobile-crash-symbols-scenario-sensitivity-matrix,software-development,testing-quality-release,mobile release/privacy verification topic,100,100
aas-mobile-crash-symbols-scope-intake-gate,software-development,testing-quality-release,mobile release/privacy verification topic,100,100
aas-mobile-crash-symbols-source-provenance-ledger,software-development,testing-quality-release,mobile release/privacy verification topic,100,100
aas-mobile-crash-symbols-threshold-rule-check,software-development,testing-quality-release,mobile release/privacy verification topic,100,100
aas-mobile-deep-link-routing-approval-evidence-packet,software-development,frontend,mobile interface/navigation topic,100,100
aas-mobile-deep-link-routing-change-impact-trace,software-development,frontend,mobile interface/navigation topic,100,100
aas-mobile-deep-link-routing-closeout-handoff-ledger,software-development,frontend,mobile interface/navigation topic,100,100
aas-mobile-deep-link-routing-completeness-reconciliation,software-development,frontend,mobile interface/navigation topic,100,100
aas-mobile-deep-link-routing-exception-triage-queue,software-development,frontend,mobile interface/navigation topic,100,100
aas-mobile-deep-link-routing-recovery-readiness-drill,software-development,frontend,mobile interface/navigation topic,100,100
aas-mobile-deep-link-routing-scenario-sensitivity-matrix,software-development,frontend,mobile interface/navigation topic,100,100
aas-mobile-deep-link-routing-scope-intake-gate,software-development,frontend,mobile interface/navigation topic,100,100
aas-mobile-deep-link-routing-source-provenance-ledger,software-development,frontend,mobile interface/navigation topic,100,100
aas-mobile-deep-link-routing-threshold-rule-check,software-development,frontend,mobile interface/navigation topic,100,100
aas-mobile-locale-layout-approval-evidence-packet,software-development,frontend,mobile interface/navigation topic,100,100
aas-mobile-locale-layout-change-impact-trace,software-development,frontend,mobile interface/navigation topic,100,100
aas-mobile-locale-layout-closeout-handoff-ledger,software-development,frontend,mobile interface/navigation topic,100,100
aas-mobile-locale-layout-completeness-reconciliation,software-development,frontend,mobile interface/navigation topic,100,100
aas-mobile-locale-layout-exception-triage-queue,software-development,frontend,mobile interface/navigation topic,100,100
aas-mobile-locale-layout-recovery-readiness-drill,software-development,frontend,mobile interface/navigation topic,100,100
aas-mobile-locale-layout-scenario-sensitivity-matrix,software-development,frontend,mobile interface/navigation topic,100,100
aas-mobile-locale-layout-scope-intake-gate,software-development,frontend,mobile interface/navigation topic,100,100
aas-mobile-locale-layout-source-provenance-ledger,software-development,frontend,mobile interface/navigation topic,100,100
aas-mobile-locale-layout-threshold-rule-check,software-development,frontend,mobile interface/navigation topic,100,100
aas-mobile-mobile-accessibility-approval-evidence-packet,software-development,frontend,mobile interface/navigation topic,100,100
aas-mobile-mobile-accessibility-change-impact-trace,software-development,frontend,mobile interface/navigation topic,100,100
aas-mobile-mobile-accessibility-closeout-handoff-ledger,software-development,frontend,mobile interface/navigation topic,100,100
aas-mobile-mobile-accessibility-completeness-reconciliation,software-development,frontend,mobile interface/navigation topic,100,100
aas-mobile-mobile-accessibility-exception-triage-queue,software-development,frontend,mobile interface/navigation topic,100,100
aas-mobile-mobile-accessibility-recovery-readiness-drill,software-development,frontend,mobile interface/navigation topic,100,100
aas-mobile-mobile-accessibility-scenario-sensitivity-matrix,software-development,frontend,mobile interface/navigation topic,100,100
aas-mobile-mobile-accessibility-scope-intake-gate,software-development,frontend,mobile interface/navigation topic,100,100
aas-mobile-mobile-accessibility-source-provenance-ledger,software-development,frontend,mobile interface/navigation topic,100,100
aas-mobile-mobile-accessibility-threshold-rule-check,software-development,frontend,mobile interface/navigation topic,100,100
aas-mobile-offline-sync-approval-evidence-packet,software-development,languages-frameworks,mobile application framework topic,100,100
aas-mobile-offline-sync-change-impact-trace,software-development,languages-frameworks,mobile application framework topic,100,100
aas-mobile-offline-sync-closeout-handoff-ledger,software-development,languages-frameworks,mobile application framework topic,100,100
aas-mobile-offline-sync-completeness-reconciliation,software-development,languages-frameworks,mobile application framework topic,100,100
aas-mobile-offline-sync-exception-triage-queue,software-development,languages-frameworks,mobile application framework topic,100,100
aas-mobile-offline-sync-recovery-readiness-drill,software-development,languages-frameworks,mobile application framework topic,100,100
aas-mobile-offline-sync-scenario-sensitivity-matrix,software-development,languages-frameworks,mobile application framework topic,100,100
aas-mobile-offline-sync-scope-intake-gate,software-development,languages-frameworks,mobile application framework topic,100,100
aas-mobile-offline-sync-source-provenance-ledger,software-development,languages-frameworks,mobile application framework topic,100,100
aas-mobile-offline-sync-threshold-rule-check,software-development,languages-frameworks,mobile application framework topic,100,100
aas-mobile-permission-declaration-approval-evidence-packet,software-development,testing-quality-release,mobile release/privacy verification topic,100,100
aas-mobile-permission-declaration-change-impact-trace,software-development,testing-quality-release,mobile release/privacy verification topic,100,100
aas-mobile-permission-declaration-closeout-handoff-ledger,software-development,testing-quality-release,mobile release/privacy verification topic,100,100
aas-mobile-permission-declaration-completeness-reconciliation,software-development,testing-quality-release,mobile release/privacy verification topic,100,100
aas-mobile-permission-declaration-exception-triage-queue,software-development,testing-quality-release,mobile release/privacy verification topic,100,100
aas-mobile-permission-declaration-recovery-readiness-drill,software-development,testing-quality-release,mobile release/privacy verification topic,100,100
aas-mobile-permission-declaration-scenario-sensitivity-matrix,software-development,testing-quality-release,mobile release/privacy verification topic,100,100
aas-mobile-permission-declaration-scope-intake-gate,software-development,testing-quality-release,mobile release/privacy verification topic,100,100
aas-mobile-permission-declaration-source-provenance-ledger,software-development,testing-quality-release,mobile release/privacy verification topic,100,100
aas-mobile-permission-declaration-threshold-rule-check,software-development,testing-quality-release,mobile release/privacy verification topic,100,100
aas-mobile-push-token-lifecycle-approval-evidence-packet,software-development,backend-apis,mobile push service integration topic,100,100
aas-mobile-push-token-lifecycle-change-impact-trace,software-development,backend-apis,mobile push service integration topic,100,100
aas-mobile-push-token-lifecycle-closeout-handoff-ledger,software-development,backend-apis,mobile push service integration topic,100,100
aas-mobile-push-token-lifecycle-completeness-reconciliation,software-development,backend-apis,mobile push service integration topic,100,100
aas-mobile-push-token-lifecycle-exception-triage-queue,software-development,backend-apis,mobile push service integration topic,100,100
aas-mobile-push-token-lifecycle-recovery-readiness-drill,software-development,backend-apis,mobile push service integration topic,100,100
aas-mobile-push-token-lifecycle-scenario-sensitivity-matrix,software-development,backend-apis,mobile push service integration topic,100,100
aas-mobile-push-token-lifecycle-scope-intake-gate,software-development,backend-apis,mobile push service integration topic,100,100
aas-mobile-push-token-lifecycle-source-provenance-ledger,software-development,backend-apis,mobile push service integration topic,100,100
aas-mobile-push-token-lifecycle-threshold-rule-check,software-development,backend-apis,mobile push service integration topic,100,100
aas-mobile-release-cohort-approval-evidence-packet,software-development,languages-frameworks,mobile application framework topic,100,100
aas-mobile-release-cohort-change-impact-trace,software-development,languages-frameworks,mobile application framework topic,100,100
aas-mobile-release-cohort-closeout-handoff-ledger,software-development,languages-frameworks,mobile application framework topic,100,100
aas-mobile-release-cohort-completeness-reconciliation,software-development,languages-frameworks,mobile application framework topic,100,100
aas-mobile-release-cohort-exception-triage-queue,software-development,languages-frameworks,mobile application framework topic,100,100
aas-mobile-release-cohort-recovery-readiness-drill,software-development,languages-frameworks,mobile application framework topic,100,100
aas-mobile-release-cohort-scenario-sensitivity-matrix,software-development,languages-frameworks,mobile application framework topic,100,100
aas-mobile-release-cohort-scope-intake-gate,software-development,languages-frameworks,mobile application framework topic,100,100
aas-mobile-release-cohort-source-provenance-ledger,software-development,languages-frameworks,mobile application framework topic,100,100
aas-mobile-release-cohort-threshold-rule-check,software-development,languages-frameworks,mobile application framework topic,100,100
aas-mobile-store-privacy-approval-evidence-packet,software-development,testing-quality-release,mobile release/privacy verification topic,100,100
aas-mobile-store-privacy-change-impact-trace,software-development,testing-quality-release,mobile release/privacy verification topic,100,100
aas-mobile-store-privacy-closeout-handoff-ledger,software-development,testing-quality-release,mobile release/privacy verification topic,100,100
aas-mobile-store-privacy-completeness-reconciliation,software-development,testing-quality-release,mobile release/privacy verification topic,100,100
aas-mobile-store-privacy-exception-triage-queue,software-development,testing-quality-release,mobile release/privacy verification topic,100,100
aas-mobile-store-privacy-recovery-readiness-drill,software-development,testing-quality-release,mobile release/privacy verification topic,100,100
aas-mobile-store-privacy-scenario-sensitivity-matrix,software-development,testing-quality-release,mobile release/privacy verification topic,100,100
aas-mobile-store-privacy-scope-intake-gate,software-development,testing-quality-release,mobile release/privacy verification topic,100,100
aas-mobile-store-privacy-source-provenance-ledger,software-development,testing-quality-release,mobile release/privacy verification topic,100,100
aas-mobile-store-privacy-threshold-rule-check,software-development,testing-quality-release,mobile release/privacy verification topic,100,100
aas-saas-billing-erasure-approval-evidence-packet,business-operations,product-growth,business domain prefix: aas-saas,100,100
aas-saas-billing-erasure-change-impact-trace,business-operations,product-growth,business domain prefix: aas-saas,100,100
aas-saas-billing-erasure-closeout-handoff-ledger,business-operations,product-growth,business domain prefix: aas-saas,100,100
aas-saas-billing-erasure-completeness-reconciliation,business-operations,product-growth,business domain prefix: aas-saas,100,100
aas-saas-billing-erasure-exception-triage-queue,business-operations,product-growth,business domain prefix: aas-saas,100,100
aas-saas-billing-erasure-recovery-readiness-drill,business-operations,product-growth,business domain prefix: aas-saas,100,100
aas-saas-billing-erasure-scenario-sensitivity-matrix,business-operations,product-growth,business domain prefix: aas-saas,100,100
aas-saas-billing-erasure-scope-intake-gate,business-operations,product-growth,business domain prefix: aas-saas,100,100
aas-saas-billing-erasure-source-provenance-ledger,business-operations,product-growth,business domain prefix: aas-saas,100,100
aas-saas-billing-erasure-threshold-rule-check,business-operations,product-growth,business domain prefix: aas-saas,100,100
aas-saas-cancel-experience-approval-evidence-packet,business-operations,product-growth,business domain prefix: aas-saas,100,100
aas-saas-cancel-experience-change-impact-trace,business-operations,product-growth,business domain prefix: aas-saas,100,100
aas-saas-cancel-experience-closeout-handoff-ledger,business-operations,product-growth,business domain prefix: aas-saas,100,100
aas-saas-cancel-experience-completeness-reconciliation,business-operations,product-growth,business domain prefix: aas-saas,100,100
aas-saas-cancel-experience-exception-triage-queue,business-operations,product-growth,business domain prefix: aas-saas,100,100
aas-saas-cancel-experience-recovery-readiness-drill,business-operations,product-growth,business domain prefix: aas-saas,100,100
aas-saas-cancel-experience-scenario-sensitivity-matrix,business-operations,product-growth,business domain prefix: aas-saas,100,100
aas-saas-cancel-experience-scope-intake-gate,business-operations,product-growth,business domain prefix: aas-saas,100,100
aas-saas-cancel-experience-source-provenance-ledger,business-operations,product-growth,business domain prefix: aas-saas,100,100
aas-saas-cancel-experience-threshold-rule-check,business-operations,product-growth,business domain prefix: aas-saas,100,100
aas-saas-churn-window-approval-evidence-packet,business-operations,product-growth,business domain prefix: aas-saas,100,100
aas-saas-churn-window-change-impact-trace,business-operations,product-growth,business domain prefix: aas-saas,100,100
aas-saas-churn-window-closeout-handoff-ledger,business-operations,product-growth,business domain prefix: aas-saas,100,100
aas-saas-churn-window-completeness-reconciliation,business-operations,product-growth,business domain prefix: aas-saas,100,100
aas-saas-churn-window-exception-triage-queue,business-operations,product-growth,business domain prefix: aas-saas,100,100
aas-saas-churn-window-recovery-readiness-drill,business-operations,product-growth,business domain prefix: aas-saas,100,100
aas-saas-churn-window-scenario-sensitivity-matrix,business-operations,product-growth,business domain prefix: aas-saas,100,100
aas-saas-churn-window-scope-intake-gate,business-operations,product-growth,business domain prefix: aas-saas,100,100
aas-saas-churn-window-source-provenance-ledger,business-operations,product-growth,business domain prefix: aas-saas,100,100
aas-saas-churn-window-threshold-rule-check,business-operations,product-growth,business domain prefix: aas-saas,100,100
aas-saas-entitlement-parity-approval-evidence-packet,business-operations,product-growth,business domain prefix: aas-saas,100,100
aas-saas-entitlement-parity-change-impact-trace,business-operations,product-growth,business domain prefix: aas-saas,100,100
aas-saas-entitlement-parity-closeout-handoff-ledger,business-operations,product-growth,business domain prefix: aas-saas,100,100
aas-saas-entitlement-parity-completeness-reconciliation,business-operations,product-growth,business domain prefix: aas-saas,100,100
aas-saas-entitlement-parity-exception-triage-queue,business-operations,product-growth,business domain prefix: aas-saas,100,100
aas-saas-entitlement-parity-recovery-readiness-drill,business-operations,product-growth,business domain prefix: aas-saas,100,100
aas-saas-entitlement-parity-scenario-sensitivity-matrix,business-operations,product-growth,business domain prefix: aas-saas,100,100
aas-saas-entitlement-parity-scope-intake-gate,business-operations,product-growth,business domain prefix: aas-saas,100,100
aas-saas-entitlement-parity-source-provenance-ledger,business-operations,product-growth,business domain prefix: aas-saas,100,100
aas-saas-entitlement-parity-threshold-rule-check,business-operations,product-growth,business domain prefix: aas-saas,100,100
aas-saas-meter-duplicates-approval-evidence-packet,business-operations,product-growth,business domain prefix: aas-saas,100,100
aas-saas-meter-duplicates-change-impact-trace,business-operations,product-growth,business domain prefix: aas-saas,100,100
aas-saas-meter-duplicates-closeout-handoff-ledger,business-operations,product-growth,business domain prefix: aas-saas,100,100
aas-saas-meter-duplicates-completeness-reconciliation,business-operations,product-growth,business domain prefix: aas-saas,100,100
aas-saas-meter-duplicates-exception-triage-queue,business-operations,product-growth,business domain prefix: aas-saas,100,100
aas-saas-meter-duplicates-recovery-readiness-drill,business-operations,product-growth,business domain prefix: aas-saas,100,100
aas-saas-meter-duplicates-scenario-sensitivity-matrix,business-operations,product-growth,business domain prefix: aas-saas,100,100
aas-saas-meter-duplicates-scope-intake-gate,business-operations,product-growth,business domain prefix: aas-saas,100,100
aas-saas-meter-duplicates-source-provenance-ledger,business-operations,product-growth,business domain prefix: aas-saas,100,100
aas-saas-meter-duplicates-threshold-rule-check,business-operations,product-growth,business domain prefix: aas-saas,100,100
aas-saas-pricing-test-guard-approval-evidence-packet,business-operations,product-growth,business domain prefix: aas-saas,100,100
aas-saas-pricing-test-guard-change-impact-trace,business-operations,product-growth,business domain prefix: aas-saas,100,100
aas-saas-pricing-test-guard-closeout-handoff-ledger,business-operations,product-growth,business domain prefix: aas-saas,100,100
aas-saas-pricing-test-guard-completeness-reconciliation,business-operations,product-growth,business domain prefix: aas-saas,100,100
aas-saas-pricing-test-guard-exception-triage-queue,business-operations,product-growth,business domain prefix: aas-saas,100,100
aas-saas-pricing-test-guard-recovery-readiness-drill,business-operations,product-growth,business domain prefix: aas-saas,100,100
aas-saas-pricing-test-guard-scenario-sensitivity-matrix,business-operations,product-growth,business domain prefix: aas-saas,100,100
aas-saas-pricing-test-guard-scope-intake-gate,business-operations,product-growth,business domain prefix: aas-saas,100,100
aas-saas-pricing-test-guard-source-provenance-ledger,business-operations,product-growth,business domain prefix: aas-saas,100,100
aas-saas-pricing-test-guard-threshold-rule-check,business-operations,product-growth,business domain prefix: aas-saas,100,100
aas-saas-proration-cases-approval-evidence-packet,business-operations,product-growth,business domain prefix: aas-saas,100,100
aas-saas-proration-cases-change-impact-trace,business-operations,product-growth,business domain prefix: aas-saas,100,100
aas-saas-proration-cases-closeout-handoff-ledger,business-operations,product-growth,business domain prefix: aas-saas,100,100
aas-saas-proration-cases-completeness-reconciliation,business-operations,product-growth,business domain prefix: aas-saas,100,100
aas-saas-proration-cases-exception-triage-queue,business-operations,product-growth,business domain prefix: aas-saas,100,100
aas-saas-proration-cases-recovery-readiness-drill,business-operations,product-growth,business domain prefix: aas-saas,100,100
aas-saas-proration-cases-scenario-sensitivity-matrix,business-operations,product-growth,business domain prefix: aas-saas,100,100
aas-saas-proration-cases-scope-intake-gate,business-operations,product-growth,business domain prefix: aas-saas,100,100
aas-saas-proration-cases-source-provenance-ledger,business-operations,product-growth,business domain prefix: aas-saas,100,100
aas-saas-proration-cases-threshold-rule-check,business-operations,product-growth,business domain prefix: aas-saas,100,100
aas-saas-refund-credit-bridge-approval-evidence-packet,business-operations,product-growth,business domain prefix: aas-saas,100,100
aas-saas-refund-credit-bridge-change-impact-trace,business-operations,product-growth,business domain prefix: aas-saas,100,100
aas-saas-refund-credit-bridge-closeout-handoff-ledger,business-operations,product-growth,business domain prefix: aas-saas,100,100
aas-saas-refund-credit-bridge-completeness-reconciliation,business-operations,product-growth,business domain prefix: aas-saas,100,100
aas-saas-refund-credit-bridge-exception-triage-queue,business-operations,product-growth,business domain prefix: aas-saas,100,100
aas-saas-refund-credit-bridge-recovery-readiness-drill,business-operations,product-growth,business domain prefix: aas-saas,100,100
aas-saas-refund-credit-bridge-scenario-sensitivity-matrix,business-operations,product-growth,business domain prefix: aas-saas,100,100
aas-saas-refund-credit-bridge-scope-intake-gate,business-operations,product-growth,business domain prefix: aas-saas,100,100
aas-saas-refund-credit-bridge-source-provenance-ledger,business-operations,product-growth,business domain prefix: aas-saas,100,100
aas-saas-refund-credit-bridge-threshold-rule-check,business-operations,product-growth,business domain prefix: aas-saas,100,100
aas-saas-seat-assignment-approval-evidence-packet,business-operations,product-growth,business domain prefix: aas-saas,100,100
aas-saas-seat-assignment-change-impact-trace,business-operations,product-growth,business domain prefix: aas-saas,100,100
aas-saas-seat-assignment-closeout-handoff-ledger,business-operations,product-growth,business domain prefix: aas-saas,100,100
aas-saas-seat-assignment-completeness-reconciliation,business-operations,product-growth,business domain prefix: aas-saas,100,100
aas-saas-seat-assignment-exception-triage-queue,business-operations,product-growth,business domain prefix: aas-saas,100,100
aas-saas-seat-assignment-recovery-readiness-drill,business-operations,product-growth,business domain prefix: aas-saas,100,100
aas-saas-seat-assignment-scenario-sensitivity-matrix,business-operations,product-growth,business domain prefix: aas-saas,100,100
aas-saas-seat-assignment-scope-intake-gate,business-operations,product-growth,business domain prefix: aas-saas,100,100
aas-saas-seat-assignment-source-provenance-ledger,business-operations,product-growth,business domain prefix: aas-saas,100,100
aas-saas-seat-assignment-threshold-rule-check,business-operations,product-growth,business domain prefix: aas-saas,100,100
aas-saas-trial-denominator-approval-evidence-packet,business-operations,product-growth,business domain prefix: aas-saas,100,100
aas-saas-trial-denominator-change-impact-trace,business-operations,product-growth,business domain prefix: aas-saas,100,100
aas-saas-trial-denominator-closeout-handoff-ledger,business-operations,product-growth,business domain prefix: aas-saas,100,100
aas-saas-trial-denominator-completeness-reconciliation,business-operations,product-growth,business domain prefix: aas-saas,100,100
aas-saas-trial-denominator-exception-triage-queue,business-operations,product-growth,business domain prefix: aas-saas,100,100
aas-saas-trial-denominator-recovery-readiness-drill,business-operations,product-growth,business domain prefix: aas-saas,100,100
aas-saas-trial-denominator-scenario-sensitivity-matrix,business-operations,product-growth,business domain prefix: aas-saas,100,100
aas-saas-trial-denominator-scope-intake-gate,business-operations,product-growth,business domain prefix: aas-saas,100,100
aas-saas-trial-denominator-source-provenance-ledger,business-operations,product-growth,business domain prefix: aas-saas,100,100
aas-saas-trial-denominator-threshold-rule-check,business-operations,product-growth,business domain prefix: aas-saas,100,100
aas-secure-delivery-csp-report-approval-evidence-packet,cloud-infrastructure-security,security-privacy,cloud domain prefix: aas-secure-delivery,100,100
aas-secure-delivery-csp-report-change-impact-trace,cloud-infrastructure-security,security-privacy,cloud domain prefix: aas-secure-delivery,100,100
aas-secure-delivery-csp-report-closeout-handoff-ledger,cloud-infrastructure-security,security-privacy,cloud domain prefix: aas-secure-delivery,100,100
aas-secure-delivery-csp-report-completeness-reconciliation,cloud-infrastructure-security,security-privacy,cloud domain prefix: aas-secure-delivery,100,100
aas-secure-delivery-csp-report-exception-triage-queue,cloud-infrastructure-security,security-privacy,cloud domain prefix: aas-secure-delivery,100,100
aas-secure-delivery-csp-report-recovery-readiness-drill,cloud-infrastructure-security,security-privacy,cloud domain prefix: aas-secure-delivery,100,100
aas-secure-delivery-csp-report-scenario-sensitivity-matrix,cloud-infrastructure-security,security-privacy,cloud domain prefix: aas-secure-delivery,100,100
aas-secure-delivery-csp-report-scope-intake-gate,cloud-infrastructure-security,security-privacy,cloud domain prefix: aas-secure-delivery,100,100
aas-secure-delivery-csp-report-source-provenance-ledger,cloud-infrastructure-security,security-privacy,cloud domain prefix: aas-secure-delivery,100,100
aas-secure-delivery-csp-report-threshold-rule-check,cloud-infrastructure-security,security-privacy,cloud domain prefix: aas-secure-delivery,100,100
aas-secure-delivery-dependency-reachability-approval-evidence-packet,cloud-infrastructure-security,security-privacy,cloud domain prefix: aas-secure-delivery,100,100
aas-secure-delivery-dependency-reachability-change-impact-trace,cloud-infrastructure-security,security-privacy,cloud domain prefix: aas-secure-delivery,100,100
aas-secure-delivery-dependency-reachability-closeout-handoff-ledger,cloud-infrastructure-security,security-privacy,cloud domain prefix: aas-secure-delivery,100,100
aas-secure-delivery-dependency-reachability-completeness-reconciliation,cloud-infrastructure-security,security-privacy,cloud domain prefix: aas-secure-delivery,100,100
aas-secure-delivery-dependency-reachability-exception-triage-queue,cloud-infrastructure-security,security-privacy,cloud domain prefix: aas-secure-delivery,100,100
aas-secure-delivery-dependency-reachability-recovery-readiness-drill,cloud-infrastructure-security,security-privacy,cloud domain prefix: aas-secure-delivery,100,100
aas-secure-delivery-dependency-reachability-scenario-sensitivity-matrix,cloud-infrastructure-security,security-privacy,cloud domain prefix: aas-secure-delivery,100,100
aas-secure-delivery-dependency-reachability-scope-intake-gate,cloud-infrastructure-security,security-privacy,cloud domain prefix: aas-secure-delivery,100,100
aas-secure-delivery-dependency-reachability-source-provenance-ledger,cloud-infrastructure-security,security-privacy,cloud domain prefix: aas-secure-delivery,100,100
aas-secure-delivery-dependency-reachability-threshold-rule-check,cloud-infrastructure-security,security-privacy,cloud domain prefix: aas-secure-delivery,100,100
aas-secure-delivery-extension-permissions-approval-evidence-packet,cloud-infrastructure-security,security-privacy,cloud domain prefix: aas-secure-delivery,100,100
aas-secure-delivery-extension-permissions-change-impact-trace,cloud-infrastructure-security,security-privacy,cloud domain prefix: aas-secure-delivery,100,100
aas-secure-delivery-extension-permissions-closeout-handoff-ledger,cloud-infrastructure-security,security-privacy,cloud domain prefix: aas-secure-delivery,100,100
aas-secure-delivery-extension-permissions-completeness-reconciliation,cloud-infrastructure-security,security-privacy,cloud domain prefix: aas-secure-delivery,100,100
aas-secure-delivery-extension-permissions-exception-triage-queue,cloud-infrastructure-security,security-privacy,cloud domain prefix: aas-secure-delivery,100,100
aas-secure-delivery-extension-permissions-recovery-readiness-drill,cloud-infrastructure-security,security-privacy,cloud domain prefix: aas-secure-delivery,100,100
aas-secure-delivery-extension-permissions-scenario-sensitivity-matrix,cloud-infrastructure-security,security-privacy,cloud domain prefix: aas-secure-delivery,100,100
aas-secure-delivery-extension-permissions-scope-intake-gate,cloud-infrastructure-security,security-privacy,cloud domain prefix: aas-secure-delivery,100,100
aas-secure-delivery-extension-permissions-source-provenance-ledger,cloud-infrastructure-security,security-privacy,cloud domain prefix: aas-secure-delivery,100,100
aas-secure-delivery-extension-permissions-threshold-rule-check,cloud-infrastructure-security,security-privacy,cloud domain prefix: aas-secure-delivery,100,100
aas-secure-delivery-oauth-scope-drift-approval-evidence-packet,cloud-infrastructure-security,security-privacy,cloud domain prefix: aas-secure-delivery,100,100
aas-secure-delivery-oauth-scope-drift-change-impact-trace,cloud-infrastructure-security,security-privacy,cloud domain prefix: aas-secure-delivery,100,100
aas-secure-delivery-oauth-scope-drift-closeout-handoff-ledger,cloud-infrastructure-security,security-privacy,cloud domain prefix: aas-secure-delivery,100,100
aas-secure-delivery-oauth-scope-drift-completeness-reconciliation,cloud-infrastructure-security,security-privacy,cloud domain prefix: aas-secure-delivery,100,100
aas-secure-delivery-oauth-scope-drift-exception-triage-queue,cloud-infrastructure-security,security-privacy,cloud domain prefix: aas-secure-delivery,100,100
aas-secure-delivery-oauth-scope-drift-recovery-readiness-drill,cloud-infrastructure-security,security-privacy,cloud domain prefix: aas-secure-delivery,100,100
aas-secure-delivery-oauth-scope-drift-scenario-sensitivity-matrix,cloud-infrastructure-security,security-privacy,cloud domain prefix: aas-secure-delivery,100,100
aas-secure-delivery-oauth-scope-drift-scope-intake-gate,cloud-infrastructure-security,security-privacy,cloud domain prefix: aas-secure-delivery,100,100
aas-secure-delivery-oauth-scope-drift-source-provenance-ledger,cloud-infrastructure-security,security-privacy,cloud domain prefix: aas-secure-delivery,100,100
aas-secure-delivery-oauth-scope-drift-threshold-rule-check,cloud-infrastructure-security,security-privacy,cloud domain prefix: aas-secure-delivery,100,100
aas-secure-delivery-oidc-federation-approval-evidence-packet,cloud-infrastructure-security,security-privacy,cloud domain prefix: aas-secure-delivery,100,100
aas-secure-delivery-oidc-federation-change-impact-trace,cloud-infrastructure-security,security-privacy,cloud domain prefix: aas-secure-delivery,100,100
aas-secure-delivery-oidc-federation-closeout-handoff-ledger,cloud-infrastructure-security,security-privacy,cloud domain prefix: aas-secure-delivery,100,100
aas-secure-delivery-oidc-federation-completeness-reconciliation,cloud-infrastructure-security,security-privacy,cloud domain prefix: aas-secure-delivery,100,100
aas-secure-delivery-oidc-federation-exception-triage-queue,cloud-infrastructure-security,security-privacy,cloud domain prefix: aas-secure-delivery,100,100
aas-secure-delivery-oidc-federation-recovery-readiness-drill,cloud-infrastructure-security,security-privacy,cloud domain prefix: aas-secure-delivery,100,100
aas-secure-delivery-oidc-federation-scenario-sensitivity-matrix,cloud-infrastructure-security,security-privacy,cloud domain prefix: aas-secure-delivery,100,100
aas-secure-delivery-oidc-federation-scope-intake-gate,cloud-infrastructure-security,security-privacy,cloud domain prefix: aas-secure-delivery,100,100
aas-secure-delivery-oidc-federation-source-provenance-ledger,cloud-infrastructure-security,security-privacy,cloud domain prefix: aas-secure-delivery,100,100
aas-secure-delivery-oidc-federation-threshold-rule-check,cloud-infrastructure-security,security-privacy,cloud domain prefix: aas-secure-delivery,100,100
aas-secure-delivery-request-signing-approval-evidence-packet,cloud-infrastructure-security,security-privacy,cloud domain prefix: aas-secure-delivery,100,100
aas-secure-delivery-request-signing-change-impact-trace,cloud-infrastructure-security,security-privacy,cloud domain prefix: aas-secure-delivery,100,100
aas-secure-delivery-request-signing-closeout-handoff-ledger,cloud-infrastructure-security,security-privacy,cloud domain prefix: aas-secure-delivery,100,100
aas-secure-delivery-request-signing-completeness-reconciliation,cloud-infrastructure-security,security-privacy,cloud domain prefix: aas-secure-delivery,100,100
aas-secure-delivery-request-signing-exception-triage-queue,cloud-infrastructure-security,security-privacy,cloud domain prefix: aas-secure-delivery,100,100
aas-secure-delivery-request-signing-recovery-readiness-drill,cloud-infrastructure-security,security-privacy,cloud domain prefix: aas-secure-delivery,100,100
aas-secure-delivery-request-signing-scenario-sensitivity-matrix,cloud-infrastructure-security,security-privacy,cloud domain prefix: aas-secure-delivery,100,100
aas-secure-delivery-request-signing-scope-intake-gate,cloud-infrastructure-security,security-privacy,cloud domain prefix: aas-secure-delivery,100,100
aas-secure-delivery-request-signing-source-provenance-ledger,cloud-infrastructure-security,security-privacy,cloud domain prefix: aas-secure-delivery,100,100
aas-secure-delivery-request-signing-threshold-rule-check,cloud-infrastructure-security,security-privacy,cloud domain prefix: aas-secure-delivery,100,100
aas-secure-delivery-security-header-approval-evidence-packet,cloud-infrastructure-security,security-privacy,cloud domain prefix: aas-secure-delivery,100,100
aas-secure-delivery-security-header-change-impact-trace,cloud-infrastructure-security,security-privacy,cloud domain prefix: aas-secure-delivery,100,100
aas-secure-delivery-security-header-closeout-handoff-ledger,cloud-infrastructure-security,security-privacy,cloud domain prefix: aas-secure-delivery,100,100
aas-secure-delivery-security-header-completeness-reconciliation,cloud-infrastructure-security,security-privacy,cloud domain prefix: aas-secure-delivery,100,100
aas-secure-delivery-security-header-exception-triage-queue,cloud-infrastructure-security,security-privacy,cloud domain prefix: aas-secure-delivery,100,100
aas-secure-delivery-security-header-recovery-readiness-drill,cloud-infrastructure-security,security-privacy,cloud domain prefix: aas-secure-delivery,100,100
aas-secure-delivery-security-header-scenario-sensitivity-matrix,cloud-infrastructure-security,security-privacy,cloud domain prefix: aas-secure-delivery,100,100
aas-secure-delivery-security-header-scope-intake-gate,cloud-infrastructure-security,security-privacy,cloud domain prefix: aas-secure-delivery,100,100
aas-secure-delivery-security-header-source-provenance-ledger,cloud-infrastructure-security,security-privacy,cloud domain prefix: aas-secure-delivery,100,100
aas-secure-delivery-security-header-threshold-rule-check,cloud-infrastructure-security,security-privacy,cloud domain prefix: aas-secure-delivery,100,100
aas-secure-delivery-tenant-authz-approval-evidence-packet,cloud-infrastructure-security,security-privacy,cloud domain prefix: aas-secure-delivery,100,100
aas-secure-delivery-tenant-authz-change-impact-trace,cloud-infrastructure-security,security-privacy,cloud domain prefix: aas-secure-delivery,100,100
aas-secure-delivery-tenant-authz-closeout-handoff-ledger,cloud-infrastructure-security,security-privacy,cloud domain prefix: aas-secure-delivery,100,100
aas-secure-delivery-tenant-authz-completeness-reconciliation,cloud-infrastructure-security,security-privacy,cloud domain prefix: aas-secure-delivery,100,100
aas-secure-delivery-tenant-authz-exception-triage-queue,cloud-infrastructure-security,security-privacy,cloud domain prefix: aas-secure-delivery,100,100
aas-secure-delivery-tenant-authz-recovery-readiness-drill,cloud-infrastructure-security,security-privacy,cloud domain prefix: aas-secure-delivery,100,100
aas-secure-delivery-tenant-authz-scenario-sensitivity-matrix,cloud-infrastructure-security,security-privacy,cloud domain prefix: aas-secure-delivery,100,100
aas-secure-delivery-tenant-authz-scope-intake-gate,cloud-infrastructure-security,security-privacy,cloud domain prefix: aas-secure-delivery,100,100
aas-secure-delivery-tenant-authz-source-provenance-ledger,cloud-infrastructure-security,security-privacy,cloud domain prefix: aas-secure-delivery,100,100
aas-secure-delivery-tenant-authz-threshold-rule-check,cloud-infrastructure-security,security-privacy,cloud domain prefix: aas-secure-delivery,100,100
aas-secure-delivery-vulnerability-response-approval-evidence-packet,cloud-infrastructure-security,security-privacy,cloud domain prefix: aas-secure-delivery,100,100
aas-secure-delivery-vulnerability-response-change-impact-trace,cloud-infrastructure-security,security-privacy,cloud domain prefix: aas-secure-delivery,100,100
aas-secure-delivery-vulnerability-response-closeout-handoff-ledger,cloud-infrastructure-security,security-privacy,cloud domain prefix: aas-secure-delivery,100,100
aas-secure-delivery-vulnerability-response-completeness-reconciliation,cloud-infrastructure-security,security-privacy,cloud domain prefix: aas-secure-delivery,100,100
aas-secure-delivery-vulnerability-response-exception-triage-queue,cloud-infrastructure-security,security-privacy,cloud domain prefix: aas-secure-delivery,100,100
aas-secure-delivery-vulnerability-response-recovery-readiness-drill,cloud-infrastructure-security,security-privacy,cloud domain prefix: aas-secure-delivery,100,100
aas-secure-delivery-vulnerability-response-scenario-sensitivity-matrix,cloud-infrastructure-security,security-privacy,cloud domain prefix: aas-secure-delivery,100,100
aas-secure-delivery-vulnerability-response-scope-intake-gate,cloud-infrastructure-security,security-privacy,cloud domain prefix: aas-secure-delivery,100,100
aas-secure-delivery-vulnerability-response-source-provenance-ledger,cloud-infrastructure-security,security-privacy,cloud domain prefix: aas-secure-delivery,100,100
aas-secure-delivery-vulnerability-response-threshold-rule-check,cloud-infrastructure-security,security-privacy,cloud domain prefix: aas-secure-delivery,100,100
aas-secure-delivery-webhook-replay-approval-evidence-packet,cloud-infrastructure-security,security-privacy,cloud domain prefix: aas-secure-delivery,100,100
aas-secure-delivery-webhook-replay-change-impact-trace,cloud-infrastructure-security,security-privacy,cloud domain prefix: aas-secure-delivery,100,100
aas-secure-delivery-webhook-replay-closeout-handoff-ledger,cloud-infrastructure-security,security-privacy,cloud domain prefix: aas-secure-delivery,100,100
aas-secure-delivery-webhook-replay-completeness-reconciliation,cloud-infrastructure-security,security-privacy,cloud domain prefix: aas-secure-delivery,100,100
aas-secure-delivery-webhook-replay-exception-triage-queue,cloud-infrastructure-security,security-privacy,cloud domain prefix: aas-secure-delivery,100,100
aas-secure-delivery-webhook-replay-recovery-readiness-drill,cloud-infrastructure-security,security-privacy,cloud domain prefix: aas-secure-delivery,100,100
aas-secure-delivery-webhook-replay-scenario-sensitivity-matrix,cloud-infrastructure-security,security-privacy,cloud domain prefix: aas-secure-delivery,100,100
aas-secure-delivery-webhook-replay-scope-intake-gate,cloud-infrastructure-security,security-privacy,cloud domain prefix: aas-secure-delivery,100,100
aas-secure-delivery-webhook-replay-source-provenance-ledger,cloud-infrastructure-security,security-privacy,cloud domain prefix: aas-secure-delivery,100,100
aas-secure-delivery-webhook-replay-threshold-rule-check,cloud-infrastructure-security,security-privacy,cloud domain prefix: aas-secure-delivery,100,100
aas-visual-asset-export-approval-evidence-packet,creative-media-design,visual-graphic-design,AAS visual-design topic,100,100
aas-visual-asset-export-change-impact-trace,creative-media-design,visual-graphic-design,AAS visual-design topic,100,100
aas-visual-asset-export-closeout-handoff-ledger,creative-media-design,visual-graphic-design,AAS visual-design topic,100,100
aas-visual-asset-export-completeness-reconciliation,creative-media-design,visual-graphic-design,AAS visual-design topic,100,100
aas-visual-asset-export-exception-triage-queue,creative-media-design,visual-graphic-design,AAS visual-design topic,100,100
aas-visual-asset-export-recovery-readiness-drill,creative-media-design,visual-graphic-design,AAS visual-design topic,100,100
aas-visual-asset-export-scenario-sensitivity-matrix,creative-media-design,visual-graphic-design,AAS visual-design topic,100,100
aas-visual-asset-export-scope-intake-gate,creative-media-design,visual-graphic-design,AAS visual-design topic,100,100
aas-visual-asset-export-source-provenance-ledger,creative-media-design,visual-graphic-design,AAS visual-design topic,100,100
aas-visual-asset-export-threshold-rule-check,creative-media-design,visual-graphic-design,AAS visual-design topic,100,100
aas-visual-color-management-approval-evidence-packet,creative-media-design,visual-graphic-design,AAS visual-design topic,100,100
aas-visual-color-management-change-impact-trace,creative-media-design,visual-graphic-design,AAS visual-design topic,100,100
aas-visual-color-management-closeout-handoff-ledger,creative-media-design,visual-graphic-design,AAS visual-design topic,100,100
aas-visual-color-management-completeness-reconciliation,creative-media-design,visual-graphic-design,AAS visual-design topic,100,100
aas-visual-color-management-exception-triage-queue,creative-media-design,visual-graphic-design,AAS visual-design topic,100,100
aas-visual-color-management-recovery-readiness-drill,creative-media-design,visual-graphic-design,AAS visual-design topic,100,100
aas-visual-color-management-scenario-sensitivity-matrix,creative-media-design,visual-graphic-design,AAS visual-design topic,100,100
aas-visual-color-management-scope-intake-gate,creative-media-design,visual-graphic-design,AAS visual-design topic,100,100
aas-visual-color-management-source-provenance-ledger,creative-media-design,visual-graphic-design,AAS visual-design topic,100,100
aas-visual-color-management-threshold-rule-check,creative-media-design,visual-graphic-design,AAS visual-design topic,100,100
aas-visual-design-version-drift-approval-evidence-packet,creative-media-design,visual-graphic-design,AAS visual-design topic,100,100
aas-visual-design-version-drift-change-impact-trace,creative-media-design,visual-graphic-design,AAS visual-design topic,100,100
aas-visual-design-version-drift-closeout-handoff-ledger,creative-media-design,visual-graphic-design,AAS visual-design topic,100,100
aas-visual-design-version-drift-completeness-reconciliation,creative-media-design,visual-graphic-design,AAS visual-design topic,100,100
aas-visual-design-version-drift-exception-triage-queue,creative-media-design,visual-graphic-design,AAS visual-design topic,100,100
aas-visual-design-version-drift-recovery-readiness-drill,creative-media-design,visual-graphic-design,AAS visual-design topic,100,100
aas-visual-design-version-drift-scenario-sensitivity-matrix,creative-media-design,visual-graphic-design,AAS visual-design topic,100,100
aas-visual-design-version-drift-scope-intake-gate,creative-media-design,visual-graphic-design,AAS visual-design topic,100,100
aas-visual-design-version-drift-source-provenance-ledger,creative-media-design,visual-graphic-design,AAS visual-design topic,100,100
aas-visual-design-version-drift-threshold-rule-check,creative-media-design,visual-graphic-design,AAS visual-design topic,100,100
aas-visual-font-rights-approval-evidence-packet,creative-media-design,visual-graphic-design,AAS visual-design topic,100,100
aas-visual-font-rights-change-impact-trace,creative-media-design,visual-graphic-design,AAS visual-design topic,100,100
aas-visual-font-rights-closeout-handoff-ledger,creative-media-design,visual-graphic-design,AAS visual-design topic,100,100
aas-visual-font-rights-completeness-reconciliation,creative-media-design,visual-graphic-design,AAS visual-design topic,100,100
aas-visual-font-rights-exception-triage-queue,creative-media-design,visual-graphic-design,AAS visual-design topic,100,100
aas-visual-font-rights-recovery-readiness-drill,creative-media-design,visual-graphic-design,AAS visual-design topic,100,100
aas-visual-font-rights-scenario-sensitivity-matrix,creative-media-design,visual-graphic-design,AAS visual-design topic,100,100
aas-visual-font-rights-scope-intake-gate,creative-media-design,visual-graphic-design,AAS visual-design topic,100,100
aas-visual-font-rights-source-provenance-ledger,creative-media-design,visual-graphic-design,AAS visual-design topic,100,100
aas-visual-font-rights-threshold-rule-check,creative-media-design,visual-graphic-design,AAS visual-design topic,100,100
aas-visual-icon-grid-approval-evidence-packet,creative-media-design,visual-graphic-design,AAS visual-design topic,100,100
aas-visual-icon-grid-change-impact-trace,creative-media-design,visual-graphic-design,AAS visual-design topic,100,100
aas-visual-icon-grid-closeout-handoff-ledger,creative-media-design,visual-graphic-design,AAS visual-design topic,100,100
aas-visual-icon-grid-completeness-reconciliation,creative-media-design,visual-graphic-design,AAS visual-design topic,100,100
aas-visual-icon-grid-exception-triage-queue,creative-media-design,visual-graphic-design,AAS visual-design topic,100,100
aas-visual-icon-grid-recovery-readiness-drill,creative-media-design,visual-graphic-design,AAS visual-design topic,100,100
aas-visual-icon-grid-scenario-sensitivity-matrix,creative-media-design,visual-graphic-design,AAS visual-design topic,100,100
aas-visual-icon-grid-scope-intake-gate,creative-media-design,visual-graphic-design,AAS visual-design topic,100,100
aas-visual-icon-grid-source-provenance-ledger,creative-media-design,visual-graphic-design,AAS visual-design topic,100,100
aas-visual-icon-grid-threshold-rule-check,creative-media-design,visual-graphic-design,AAS visual-design topic,100,100
aas-visual-image-rights-approval-evidence-packet,creative-media-design,visual-graphic-design,AAS visual-design topic,100,100
aas-visual-image-rights-change-impact-trace,creative-media-design,visual-graphic-design,AAS visual-design topic,100,100
aas-visual-image-rights-closeout-handoff-ledger,creative-media-design,visual-graphic-design,AAS visual-design topic,100,100
aas-visual-image-rights-completeness-reconciliation,creative-media-design,visual-graphic-design,AAS visual-design topic,100,100
aas-visual-image-rights-exception-triage-queue,creative-media-design,visual-graphic-design,AAS visual-design topic,100,100
aas-visual-image-rights-recovery-readiness-drill,creative-media-design,visual-graphic-design,AAS visual-design topic,100,100
aas-visual-image-rights-scenario-sensitivity-matrix,creative-media-design,visual-graphic-design,AAS visual-design topic,100,100
aas-visual-image-rights-scope-intake-gate,creative-media-design,visual-graphic-design,AAS visual-design topic,100,100
aas-visual-image-rights-source-provenance-ledger,creative-media-design,visual-graphic-design,AAS visual-design topic,100,100
aas-visual-image-rights-threshold-rule-check,creative-media-design,visual-graphic-design,AAS visual-design topic,100,100
aas-visual-motion-reduction-approval-evidence-packet,creative-media-design,visual-graphic-design,AAS visual-design topic,100,100
aas-visual-motion-reduction-change-impact-trace,creative-media-design,visual-graphic-design,AAS visual-design topic,100,100
aas-visual-motion-reduction-closeout-handoff-ledger,creative-media-design,visual-graphic-design,AAS visual-design topic,100,100
aas-visual-motion-reduction-completeness-reconciliation,creative-media-design,visual-graphic-design,AAS visual-design topic,100,100
aas-visual-motion-reduction-exception-triage-queue,creative-media-design,visual-graphic-design,AAS visual-design topic,100,100
aas-visual-motion-reduction-recovery-readiness-drill,creative-media-design,visual-graphic-design,AAS visual-design topic,100,100
aas-visual-motion-reduction-scenario-sensitivity-matrix,creative-media-design,visual-graphic-design,AAS visual-design topic,100,100
aas-visual-motion-reduction-scope-intake-gate,creative-media-design,visual-graphic-design,AAS visual-design topic,100,100
aas-visual-motion-reduction-source-provenance-ledger,creative-media-design,visual-graphic-design,AAS visual-design topic,100,100
aas-visual-motion-reduction-threshold-rule-check,creative-media-design,visual-graphic-design,AAS visual-design topic,100,100
aas-visual-responsive-stress-approval-evidence-packet,creative-media-design,visual-graphic-design,AAS visual-design topic,100,100
aas-visual-responsive-stress-change-impact-trace,creative-media-design,visual-graphic-design,AAS visual-design topic,100,100
aas-visual-responsive-stress-closeout-handoff-ledger,creative-media-design,visual-graphic-design,AAS visual-design topic,100,100
aas-visual-responsive-stress-completeness-reconciliation,creative-media-design,visual-graphic-design,AAS visual-design topic,100,100
aas-visual-responsive-stress-exception-triage-queue,creative-media-design,visual-graphic-design,AAS visual-design topic,100,100
aas-visual-responsive-stress-recovery-readiness-drill,creative-media-design,visual-graphic-design,AAS visual-design topic,100,100
aas-visual-responsive-stress-scenario-sensitivity-matrix,creative-media-design,visual-graphic-design,AAS visual-design topic,100,100
aas-visual-responsive-stress-scope-intake-gate,creative-media-design,visual-graphic-design,AAS visual-design topic,100,100
aas-visual-responsive-stress-source-provenance-ledger,creative-media-design,visual-graphic-design,AAS visual-design topic,100,100
aas-visual-responsive-stress-threshold-rule-check,creative-media-design,visual-graphic-design,AAS visual-design topic,100,100
aas-visual-social-crop-approval-evidence-packet,creative-media-design,visual-graphic-design,AAS visual-design topic,100,100
aas-visual-social-crop-change-impact-trace,creative-media-design,visual-graphic-design,AAS visual-design topic,100,100
aas-visual-social-crop-closeout-handoff-ledger,creative-media-design,visual-graphic-design,AAS visual-design topic,100,100
aas-visual-social-crop-completeness-reconciliation,creative-media-design,visual-graphic-design,AAS visual-design topic,100,100
aas-visual-social-crop-exception-triage-queue,creative-media-design,visual-graphic-design,AAS visual-design topic,100,100
aas-visual-social-crop-recovery-readiness-drill,creative-media-design,visual-graphic-design,AAS visual-design topic,100,100
aas-visual-social-crop-scenario-sensitivity-matrix,creative-media-design,visual-graphic-design,AAS visual-design topic,100,100
aas-visual-social-crop-scope-intake-gate,creative-media-design,visual-graphic-design,AAS visual-design topic,100,100
aas-visual-social-crop-source-provenance-ledger,creative-media-design,visual-graphic-design,AAS visual-design topic,100,100
aas-visual-social-crop-threshold-rule-check,creative-media-design,visual-graphic-design,AAS visual-design topic,100,100
aas-visual-token-contrast-approval-evidence-packet,creative-media-design,visual-graphic-design,AAS visual-design topic,100,100
aas-visual-token-contrast-change-impact-trace,creative-media-design,visual-graphic-design,AAS visual-design topic,100,100
aas-visual-token-contrast-closeout-handoff-ledger,creative-media-design,visual-graphic-design,AAS visual-design topic,100,100
aas-visual-token-contrast-completeness-reconciliation,creative-media-design,visual-graphic-design,AAS visual-design topic,100,100
aas-visual-token-contrast-exception-triage-queue,creative-media-design,visual-graphic-design,AAS visual-design topic,100,100
aas-visual-token-contrast-recovery-readiness-drill,creative-media-design,visual-graphic-design,AAS visual-design topic,100,100
aas-visual-token-contrast-scenario-sensitivity-matrix,creative-media-design,visual-graphic-design,AAS visual-design topic,100,100
aas-visual-token-contrast-scope-intake-gate,creative-media-design,visual-graphic-design,AAS visual-design topic,100,100
aas-visual-token-contrast-source-provenance-ledger,creative-media-design,visual-graphic-design,AAS visual-design topic,100,100
aas-visual-token-contrast-threshold-rule-check,creative-media-design,visual-graphic-design,AAS visual-design topic,100,100
accessibility-audit-and-remediation,software-development,frontend,topic prefix: accessibility,100,100
accessible-name-change-regression-check,software-development,testing-quality-release,metadata keywords: regression,5,5
ad-creative,creative-media-design,visual-graphic-design,topic prefix: ad-creative,100,100
adc-dynamic-performance-review,engineering-industry,electronics-hardware,metadata keywords: adc-,5,5
adc-static-linearity-metric-audit,engineering-industry,electronics-hardware,metadata keywords: adc-,5,5
admet-screening-workflow,science-health-research,life-sciences,topic prefix: admet,100,100
adobe-analytics-executive-briefing,data-analytics,analytics-visualization,topic prefix: adobe-analytics,100,100
adobe-analytics-kpi-analysis,data-analytics,analytics-visualization,topic prefix: adobe-analytics,100,100
adobe-cja-funnel-diagnostics,data-analytics,analytics-visualization,topic prefix: adobe-cja,100,100
adobe-cja-segment-comparison,data-analytics,analytics-visualization,topic prefix: adobe-cja,100,100
agent-architecture-audit,ai-agent-systems,agent-architecture-orchestration,topic prefix: agent-architecture,100,100
agent-browser,ai-agent-systems,tools-integrations,topic prefix: agent-browser,100,100
agent-commit-message-to-diff-consistency-check,ai-agent-systems,evaluation-observability,topic prefix: agent-commit-message,100,100
agent-graph-memory-design,ai-agent-systems,prompts-context-memory,topic prefix: agent-graph-memory,100,100
agent-loop-budgeting-and-observability,ai-agent-systems,evaluation-observability,topic prefix: agent-loop-budgeting,100,100
agent-memory-claim-confidence-calibration,ai-agent-systems,prompts-context-memory,topic prefix: agent-memory,100,100
agent-memory-contradiction-resolution,ai-agent-systems,prompts-context-memory,topic prefix: agent-memory,100,100
agent-memory-correction-propagation-review,ai-agent-systems,prompts-context-memory,topic prefix: agent-memory,100,100
agent-memory-cross-tenant-isolation-test,ai-agent-systems,prompts-context-memory,topic prefix: agent-memory,100,100
agent-memory-privacy-governance,ai-agent-systems,prompts-context-memory,topic prefix: agent-memory,100,100
agent-memory-recall-precision-evaluation,ai-agent-systems,prompts-context-memory,topic prefix: agent-memory,100,100
agent-memory-session-summary-acceptance,ai-agent-systems,prompts-context-memory,topic prefix: agent-memory,100,100
agent-memory-skill-publishing-approval-gate,ai-agent-systems,prompts-context-memory,topic prefix: agent-memory,100,100
agent-memory-source-provenance-audit,ai-agent-systems,prompts-context-memory,topic prefix: agent-memory,100,100
agent-memory-staleness-revalidation-policy,ai-agent-systems,prompts-context-memory,topic prefix: agent-memory,100,100
agent-memory-temporal-validity-model,ai-agent-systems,prompts-context-memory,topic prefix: agent-memory,100,100
agent-pr-changed-path-allowlist-verifier,ai-agent-systems,safety-governance,topic prefix: agent-pr-changed-path,100,100
agent-runtime-debugging,ai-agent-systems,evaluation-observability,topic prefix: agent-runtime-debugging,100,100
agent-skill-stack,ai-agent-systems,tools-integrations,metadata keywords: skill-stack,9,9
agent-telemetry-message-correlation-approval-evidence-packet,ai-agent-systems,evaluation-observability,topic prefix: agent-telemetry,100,100
agent-telemetry-message-correlation-change-impact-trace,ai-agent-systems,evaluation-observability,topic prefix: agent-telemetry,100,100
agent-telemetry-message-correlation-closeout-handoff-ledger,ai-agent-systems,evaluation-observability,topic prefix: agent-telemetry,100,100
agent-telemetry-message-correlation-completeness-reconciliation,ai-agent-systems,evaluation-observability,topic prefix: agent-telemetry,100,100
agent-telemetry-message-correlation-exception-triage-queue,ai-agent-systems,evaluation-observability,topic prefix: agent-telemetry,100,100
agent-telemetry-message-correlation-recovery-readiness-drill,ai-agent-systems,evaluation-observability,topic prefix: agent-telemetry,100,100
agent-telemetry-message-correlation-scenario-sensitivity-matrix,ai-agent-systems,evaluation-observability,topic prefix: agent-telemetry,100,100
agent-telemetry-message-correlation-scope-intake-gate,ai-agent-systems,evaluation-observability,topic prefix: agent-telemetry,100,100
agent-telemetry-message-correlation-source-provenance-ledger,ai-agent-systems,evaluation-observability,topic prefix: agent-telemetry,100,100
agent-telemetry-message-correlation-threshold-rule-check,ai-agent-systems,evaluation-observability,topic prefix: agent-telemetry,100,100
agent-telemetry-outcome-taxonomy-approval-evidence-packet,ai-agent-systems,evaluation-observability,topic prefix: agent-telemetry,100,100
agent-telemetry-outcome-taxonomy-change-impact-trace,ai-agent-systems,evaluation-observability,topic prefix: agent-telemetry,100,100
agent-telemetry-outcome-taxonomy-closeout-handoff-ledger,ai-agent-systems,evaluation-observability,topic prefix: agent-telemetry,100,100
agent-telemetry-outcome-taxonomy-completeness-reconciliation,ai-agent-systems,evaluation-observability,topic prefix: agent-telemetry,100,100
agent-telemetry-outcome-taxonomy-exception-triage-queue,ai-agent-systems,evaluation-observability,topic prefix: agent-telemetry,100,100
agent-telemetry-outcome-taxonomy-recovery-readiness-drill,ai-agent-systems,evaluation-observability,topic prefix: agent-telemetry,100,100
agent-telemetry-outcome-taxonomy-scenario-sensitivity-matrix,ai-agent-systems,evaluation-observability,topic prefix: agent-telemetry,100,100
agent-telemetry-outcome-taxonomy-scope-intake-gate,ai-agent-systems,evaluation-observability,topic prefix: agent-telemetry,100,100
agent-telemetry-outcome-taxonomy-source-provenance-ledger,ai-agent-systems,evaluation-observability,topic prefix: agent-telemetry,100,100
agent-telemetry-outcome-taxonomy-threshold-rule-check,ai-agent-systems,evaluation-observability,topic prefix: agent-telemetry,100,100
agent-telemetry-replay-fixture-approval-evidence-packet,ai-agent-systems,evaluation-observability,topic prefix: agent-telemetry,100,100
agent-telemetry-replay-fixture-change-impact-trace,ai-agent-systems,evaluation-observability,topic prefix: agent-telemetry,100,100
agent-telemetry-replay-fixture-closeout-handoff-ledger,ai-agent-systems,evaluation-observability,topic prefix: agent-telemetry,100,100
agent-telemetry-replay-fixture-completeness-reconciliation,ai-agent-systems,evaluation-observability,topic prefix: agent-telemetry,100,100
agent-telemetry-replay-fixture-exception-triage-queue,ai-agent-systems,evaluation-observability,topic prefix: agent-telemetry,100,100
agent-telemetry-replay-fixture-recovery-readiness-drill,ai-agent-systems,evaluation-observability,topic prefix: agent-telemetry,100,100
agent-telemetry-replay-fixture-scenario-sensitivity-matrix,ai-agent-systems,evaluation-observability,topic prefix: agent-telemetry,100,100
agent-telemetry-replay-fixture-scope-intake-gate,ai-agent-systems,evaluation-observability,topic prefix: agent-telemetry,100,100
agent-telemetry-replay-fixture-source-provenance-ledger,ai-agent-systems,evaluation-observability,topic prefix: agent-telemetry,100,100
agent-telemetry-replay-fixture-threshold-rule-check,ai-agent-systems,evaluation-observability,topic prefix: agent-telemetry,100,100
agent-telemetry-retry-timeline-approval-evidence-packet,ai-agent-systems,evaluation-observability,topic prefix: agent-telemetry,100,100
agent-telemetry-retry-timeline-change-impact-trace,ai-agent-systems,evaluation-observability,topic prefix: agent-telemetry,100,100
agent-telemetry-retry-timeline-closeout-handoff-ledger,ai-agent-systems,evaluation-observability,topic prefix: agent-telemetry,100,100
agent-telemetry-retry-timeline-completeness-reconciliation,ai-agent-systems,evaluation-observability,topic prefix: agent-telemetry,100,100
agent-telemetry-retry-timeline-exception-triage-queue,ai-agent-systems,evaluation-observability,topic prefix: agent-telemetry,100,100
agent-telemetry-retry-timeline-recovery-readiness-drill,ai-agent-systems,evaluation-observability,topic prefix: agent-telemetry,100,100
agent-telemetry-retry-timeline-scenario-sensitivity-matrix,ai-agent-systems,evaluation-observability,topic prefix: agent-telemetry,100,100
agent-telemetry-retry-timeline-scope-intake-gate,ai-agent-systems,evaluation-observability,topic prefix: agent-telemetry,100,100
agent-telemetry-retry-timeline-source-provenance-ledger,ai-agent-systems,evaluation-observability,topic prefix: agent-telemetry,100,100
agent-telemetry-retry-timeline-threshold-rule-check,ai-agent-systems,evaluation-observability,topic prefix: agent-telemetry,100,100
agent-telemetry-routing-trace-approval-evidence-packet,ai-agent-systems,evaluation-observability,topic prefix: agent-telemetry,100,100
agent-telemetry-routing-trace-change-impact-trace,ai-agent-systems,evaluation-observability,topic prefix: agent-telemetry,100,100
agent-telemetry-routing-trace-closeout-handoff-ledger,ai-agent-systems,evaluation-observability,topic prefix: agent-telemetry,100,100
agent-telemetry-routing-trace-completeness-reconciliation,ai-agent-systems,evaluation-observability,topic prefix: agent-telemetry,100,100
agent-telemetry-routing-trace-exception-triage-queue,ai-agent-systems,evaluation-observability,topic prefix: agent-telemetry,100,100
agent-telemetry-routing-trace-recovery-readiness-drill,ai-agent-systems,evaluation-observability,topic prefix: agent-telemetry,100,100
agent-telemetry-routing-trace-scenario-sensitivity-matrix,ai-agent-systems,evaluation-observability,topic prefix: agent-telemetry,100,100
agent-telemetry-routing-trace-scope-intake-gate,ai-agent-systems,evaluation-observability,topic prefix: agent-telemetry,100,100
agent-telemetry-routing-trace-source-provenance-ledger,ai-agent-systems,evaluation-observability,topic prefix: agent-telemetry,100,100
agent-telemetry-routing-trace-threshold-rule-check,ai-agent-systems,evaluation-observability,topic prefix: agent-telemetry,100,100
agent-telemetry-session-lineage-approval-evidence-packet,ai-agent-systems,evaluation-observability,topic prefix: agent-telemetry,100,100
agent-telemetry-session-lineage-change-impact-trace,ai-agent-systems,evaluation-observability,topic prefix: agent-telemetry,100,100
agent-telemetry-session-lineage-closeout-handoff-ledger,ai-agent-systems,evaluation-observability,topic prefix: agent-telemetry,100,100
agent-telemetry-session-lineage-completeness-reconciliation,ai-agent-systems,evaluation-observability,topic prefix: agent-telemetry,100,100
agent-telemetry-session-lineage-exception-triage-queue,ai-agent-systems,evaluation-observability,topic prefix: agent-telemetry,100,100
agent-telemetry-session-lineage-recovery-readiness-drill,ai-agent-systems,evaluation-observability,topic prefix: agent-telemetry,100,100
agent-telemetry-session-lineage-scenario-sensitivity-matrix,ai-agent-systems,evaluation-observability,topic prefix: agent-telemetry,100,100
agent-telemetry-session-lineage-scope-intake-gate,ai-agent-systems,evaluation-observability,topic prefix: agent-telemetry,100,100
agent-telemetry-session-lineage-source-provenance-ledger,ai-agent-systems,evaluation-observability,topic prefix: agent-telemetry,100,100
agent-telemetry-session-lineage-threshold-rule-check,ai-agent-systems,evaluation-observability,topic prefix: agent-telemetry,100,100
agent-telemetry-stream-termination-approval-evidence-packet,ai-agent-systems,evaluation-observability,topic prefix: agent-telemetry,100,100
agent-telemetry-stream-termination-change-impact-trace,ai-agent-systems,evaluation-observability,topic prefix: agent-telemetry,100,100
agent-telemetry-stream-termination-closeout-handoff-ledger,ai-agent-systems,evaluation-observability,topic prefix: agent-telemetry,100,100
agent-telemetry-stream-termination-completeness-reconciliation,ai-agent-systems,evaluation-observability,topic prefix: agent-telemetry,100,100
agent-telemetry-stream-termination-exception-triage-queue,ai-agent-systems,evaluation-observability,topic prefix: agent-telemetry,100,100
agent-telemetry-stream-termination-recovery-readiness-drill,ai-agent-systems,evaluation-observability,topic prefix: agent-telemetry,100,100
agent-telemetry-stream-termination-scenario-sensitivity-matrix,ai-agent-systems,evaluation-observability,topic prefix: agent-telemetry,100,100
agent-telemetry-stream-termination-scope-intake-gate,ai-agent-systems,evaluation-observability,topic prefix: agent-telemetry,100,100
agent-telemetry-stream-termination-source-provenance-ledger,ai-agent-systems,evaluation-observability,topic prefix: agent-telemetry,100,100
agent-telemetry-stream-termination-threshold-rule-check,ai-agent-systems,evaluation-observability,topic prefix: agent-telemetry,100,100
agent-telemetry-tool-event-schema-approval-evidence-packet,ai-agent-systems,evaluation-observability,topic prefix: agent-telemetry,100,100
agent-telemetry-tool-event-schema-change-impact-trace,ai-agent-systems,evaluation-observability,topic prefix: agent-telemetry,100,100
agent-telemetry-tool-event-schema-closeout-handoff-ledger,ai-agent-systems,evaluation-observability,topic prefix: agent-telemetry,100,100
agent-telemetry-tool-event-schema-completeness-reconciliation,ai-agent-systems,evaluation-observability,topic prefix: agent-telemetry,100,100
agent-telemetry-tool-event-schema-exception-triage-queue,ai-agent-systems,evaluation-observability,topic prefix: agent-telemetry,100,100
agent-telemetry-tool-event-schema-recovery-readiness-drill,ai-agent-systems,evaluation-observability,topic prefix: agent-telemetry,100,100
agent-telemetry-tool-event-schema-scenario-sensitivity-matrix,ai-agent-systems,evaluation-observability,topic prefix: agent-telemetry,100,100
agent-telemetry-tool-event-schema-scope-intake-gate,ai-agent-systems,evaluation-observability,topic prefix: agent-telemetry,100,100
agent-telemetry-tool-event-schema-source-provenance-ledger,ai-agent-systems,evaluation-observability,topic prefix: agent-telemetry,100,100
agent-telemetry-tool-event-schema-threshold-rule-check,ai-agent-systems,evaluation-observability,topic prefix: agent-telemetry,100,100
agent-telemetry-trace-redaction-approval-evidence-packet,ai-agent-systems,evaluation-observability,topic prefix: agent-telemetry,100,100
agent-telemetry-trace-redaction-change-impact-trace,ai-agent-systems,evaluation-observability,topic prefix: agent-telemetry,100,100
agent-telemetry-trace-redaction-closeout-handoff-ledger,ai-agent-systems,evaluation-observability,topic prefix: agent-telemetry,100,100
agent-telemetry-trace-redaction-completeness-reconciliation,ai-agent-systems,evaluation-observability,topic prefix: agent-telemetry,100,100
agent-telemetry-trace-redaction-exception-triage-queue,ai-agent-systems,evaluation-observability,topic prefix: agent-telemetry,100,100
agent-telemetry-trace-redaction-recovery-readiness-drill,ai-agent-systems,evaluation-observability,topic prefix: agent-telemetry,100,100
agent-telemetry-trace-redaction-scenario-sensitivity-matrix,ai-agent-systems,evaluation-observability,topic prefix: agent-telemetry,100,100
agent-telemetry-trace-redaction-scope-intake-gate,ai-agent-systems,evaluation-observability,topic prefix: agent-telemetry,100,100
agent-telemetry-trace-redaction-source-provenance-ledger,ai-agent-systems,evaluation-observability,topic prefix: agent-telemetry,100,100
agent-telemetry-trace-redaction-threshold-rule-check,ai-agent-systems,evaluation-observability,topic prefix: agent-telemetry,100,100
agent-telemetry-usage-metering-approval-evidence-packet,ai-agent-systems,evaluation-observability,topic prefix: agent-telemetry,100,100
agent-telemetry-usage-metering-change-impact-trace,ai-agent-systems,evaluation-observability,topic prefix: agent-telemetry,100,100
agent-telemetry-usage-metering-closeout-handoff-ledger,ai-agent-systems,evaluation-observability,topic prefix: agent-telemetry,100,100
agent-telemetry-usage-metering-completeness-reconciliation,ai-agent-systems,evaluation-observability,topic prefix: agent-telemetry,100,100
agent-telemetry-usage-metering-exception-triage-queue,ai-agent-systems,evaluation-observability,topic prefix: agent-telemetry,100,100
agent-telemetry-usage-metering-recovery-readiness-drill,ai-agent-systems,evaluation-observability,topic prefix: agent-telemetry,100,100
agent-telemetry-usage-metering-scenario-sensitivity-matrix,ai-agent-systems,evaluation-observability,topic prefix: agent-telemetry,100,100
agent-telemetry-usage-metering-scope-intake-gate,ai-agent-systems,evaluation-observability,topic prefix: agent-telemetry,100,100
agent-telemetry-usage-metering-source-provenance-ledger,ai-agent-systems,evaluation-observability,topic prefix: agent-telemetry,100,100
agent-telemetry-usage-metering-threshold-rule-check,ai-agent-systems,evaluation-observability,topic prefix: agent-telemetry,100,100
agent-tools,ai-agent-systems,tools-integrations,topic prefix: agent-tools,100,100
agentic-code-change-workflow,ai-agent-systems,agent-architecture-orchestration,topic prefix: agentic-code-change,100,100
agentic-loop-design,ai-agent-systems,agent-architecture-orchestration,topic prefix: agentic-loop,100,100
agentic-workflows,ai-agent-systems,agent-architecture-orchestration,topic prefix: agentic-workflows,100,100
agents-generator-capability-surface-map,software-development,architecture-devtools,topic prefix: agents-generator,100,100
agents-generator-change-impact-assessment,software-development,architecture-devtools,topic prefix: agents-generator,100,100
agents-generator-failure-triage-record,software-development,architecture-devtools,topic prefix: agents-generator,100,100
agents-generator-input-output-contract,software-development,architecture-devtools,topic prefix: agents-generator,100,100
agents-generator-integration-parity-trace,software-development,architecture-devtools,topic prefix: agents-generator,100,100
agents-generator-performance-envelope,software-development,architecture-devtools,topic prefix: agents-generator,100,100
agents-generator-permission-boundary-review,software-development,architecture-devtools,topic prefix: agents-generator,100,100
agents-generator-release-handoff-record,software-development,architecture-devtools,topic prefix: agents-generator,100,100
agents-generator-reproducibility-fixture-plan,software-development,architecture-devtools,topic prefix: agents-generator,100,100
agents-generator-version-compatibility,software-development,architecture-devtools,topic prefix: agents-generator,100,100
agentspace,ai-agent-systems,tools-integrations,topic prefix: agentspace,100,100
agri-ops-aquaculture-approval-evidence-packet,engineering-industry,agriculture,topic prefix: agri-ops,100,100
agri-ops-aquaculture-change-impact-trace,engineering-industry,agriculture,topic prefix: agri-ops,100,100
agri-ops-aquaculture-closeout-handoff-ledger,engineering-industry,agriculture,topic prefix: agri-ops,100,100
agri-ops-aquaculture-completeness-reconciliation,engineering-industry,agriculture,topic prefix: agri-ops,100,100
agri-ops-aquaculture-exception-triage-queue,engineering-industry,agriculture,topic prefix: agri-ops,100,100
agri-ops-aquaculture-recovery-readiness-drill,engineering-industry,agriculture,topic prefix: agri-ops,100,100
agri-ops-aquaculture-scenario-sensitivity-matrix,engineering-industry,agriculture,topic prefix: agri-ops,100,100
agri-ops-aquaculture-scope-intake-gate,engineering-industry,agriculture,topic prefix: agri-ops,100,100
agri-ops-aquaculture-source-provenance-ledger,engineering-industry,agriculture,topic prefix: agri-ops,100,100
agri-ops-aquaculture-threshold-rule-check,engineering-industry,agriculture,topic prefix: agri-ops,100,100
agri-ops-crop-plan-approval-evidence-packet,engineering-industry,agriculture,topic prefix: agri-ops,100,100
agri-ops-crop-plan-change-impact-trace,engineering-industry,agriculture,topic prefix: agri-ops,100,100
agri-ops-crop-plan-closeout-handoff-ledger,engineering-industry,agriculture,topic prefix: agri-ops,100,100
agri-ops-crop-plan-completeness-reconciliation,engineering-industry,agriculture,topic prefix: agri-ops,100,100
agri-ops-crop-plan-exception-triage-queue,engineering-industry,agriculture,topic prefix: agri-ops,100,100
agri-ops-crop-plan-recovery-readiness-drill,engineering-industry,agriculture,topic prefix: agri-ops,100,100
agri-ops-crop-plan-scenario-sensitivity-matrix,engineering-industry,agriculture,topic prefix: agri-ops,100,100
agri-ops-crop-plan-scope-intake-gate,engineering-industry,agriculture,topic prefix: agri-ops,100,100
agri-ops-crop-plan-source-provenance-ledger,engineering-industry,agriculture,topic prefix: agri-ops,100,100
agri-ops-crop-plan-threshold-rule-check,engineering-industry,agriculture,topic prefix: agri-ops,100,100
agri-ops-farm-market-approval-evidence-packet,engineering-industry,agriculture,topic prefix: agri-ops,100,100
agri-ops-farm-market-change-impact-trace,engineering-industry,agriculture,topic prefix: agri-ops,100,100
agri-ops-farm-market-closeout-handoff-ledger,engineering-industry,agriculture,topic prefix: agri-ops,100,100
agri-ops-farm-market-completeness-reconciliation,engineering-industry,agriculture,topic prefix: agri-ops,100,100
agri-ops-farm-market-exception-triage-queue,engineering-industry,agriculture,topic prefix: agri-ops,100,100
agri-ops-farm-market-recovery-readiness-drill,engineering-industry,agriculture,topic prefix: agri-ops,100,100
agri-ops-farm-market-scenario-sensitivity-matrix,engineering-industry,agriculture,topic prefix: agri-ops,100,100
agri-ops-farm-market-scope-intake-gate,engineering-industry,agriculture,topic prefix: agri-ops,100,100
agri-ops-farm-market-source-provenance-ledger,engineering-industry,agriculture,topic prefix: agri-ops,100,100
agri-ops-farm-market-threshold-rule-check,engineering-industry,agriculture,topic prefix: agri-ops,100,100
agri-ops-forestry-approval-evidence-packet,engineering-industry,agriculture,topic prefix: agri-ops,100,100
agri-ops-forestry-change-impact-trace,engineering-industry,agriculture,topic prefix: agri-ops,100,100
agri-ops-forestry-closeout-handoff-ledger,engineering-industry,agriculture,topic prefix: agri-ops,100,100
agri-ops-forestry-completeness-reconciliation,engineering-industry,agriculture,topic prefix: agri-ops,100,100
agri-ops-forestry-exception-triage-queue,engineering-industry,agriculture,topic prefix: agri-ops,100,100
agri-ops-forestry-recovery-readiness-drill,engineering-industry,agriculture,topic prefix: agri-ops,100,100
agri-ops-forestry-scenario-sensitivity-matrix,engineering-industry,agriculture,topic prefix: agri-ops,100,100
agri-ops-forestry-scope-intake-gate,engineering-industry,agriculture,topic prefix: agri-ops,100,100
agri-ops-forestry-source-provenance-ledger,engineering-industry,agriculture,topic prefix: agri-ops,100,100
agri-ops-forestry-threshold-rule-check,engineering-industry,agriculture,topic prefix: agri-ops,100,100
agri-ops-livestock-approval-evidence-packet,engineering-industry,agriculture,topic prefix: agri-ops,100,100
agri-ops-livestock-change-impact-trace,engineering-industry,agriculture,topic prefix: agri-ops,100,100
agri-ops-livestock-closeout-handoff-ledger,engineering-industry,agriculture,topic prefix: agri-ops,100,100
agri-ops-livestock-completeness-reconciliation,engineering-industry,agriculture,topic prefix: agri-ops,100,100
agri-ops-livestock-exception-triage-queue,engineering-industry,agriculture,topic prefix: agri-ops,100,100
agri-ops-livestock-recovery-readiness-drill,engineering-industry,agriculture,topic prefix: agri-ops,100,100
agri-ops-livestock-scenario-sensitivity-matrix,engineering-industry,agriculture,topic prefix: agri-ops,100,100
agri-ops-livestock-scope-intake-gate,engineering-industry,agriculture,topic prefix: agri-ops,100,100
agri-ops-livestock-source-provenance-ledger,engineering-industry,agriculture,topic prefix: agri-ops,100,100
agri-ops-livestock-threshold-rule-check,engineering-industry,agriculture,topic prefix: agri-ops,100,100
agri-ops-postharvest-approval-evidence-packet,engineering-industry,agriculture,topic prefix: agri-ops,100,100
agri-ops-postharvest-change-impact-trace,engineering-industry,agriculture,topic prefix: agri-ops,100,100
agri-ops-postharvest-closeout-handoff-ledger,engineering-industry,agriculture,topic prefix: agri-ops,100,100
agri-ops-postharvest-completeness-reconciliation,engineering-industry,agriculture,topic prefix: agri-ops,100,100
agri-ops-postharvest-exception-triage-queue,engineering-industry,agriculture,topic prefix: agri-ops,100,100
agri-ops-postharvest-recovery-readiness-drill,engineering-industry,agriculture,topic prefix: agri-ops,100,100
agri-ops-postharvest-scenario-sensitivity-matrix,engineering-industry,agriculture,topic prefix: agri-ops,100,100
agri-ops-postharvest-scope-intake-gate,engineering-industry,agriculture,topic prefix: agri-ops,100,100
agri-ops-postharvest-source-provenance-ledger,engineering-industry,agriculture,topic prefix: agri-ops,100,100
agri-ops-postharvest-threshold-rule-check,engineering-industry,agriculture,topic prefix: agri-ops,100,100
agri-ops-propagation-approval-evidence-packet,engineering-industry,agriculture,topic prefix: agri-ops,100,100
agri-ops-propagation-change-impact-trace,engineering-industry,agriculture,topic prefix: agri-ops,100,100
agri-ops-propagation-closeout-handoff-ledger,engineering-industry,agriculture,topic prefix: agri-ops,100,100
agri-ops-propagation-completeness-reconciliation,engineering-industry,agriculture,topic prefix: agri-ops,100,100
agri-ops-propagation-exception-triage-queue,engineering-industry,agriculture,topic prefix: agri-ops,100,100
agri-ops-propagation-recovery-readiness-drill,engineering-industry,agriculture,topic prefix: agri-ops,100,100
agri-ops-propagation-scenario-sensitivity-matrix,engineering-industry,agriculture,topic prefix: agri-ops,100,100
agri-ops-propagation-scope-intake-gate,engineering-industry,agriculture,topic prefix: agri-ops,100,100
agri-ops-propagation-source-provenance-ledger,engineering-industry,agriculture,topic prefix: agri-ops,100,100
agri-ops-propagation-threshold-rule-check,engineering-industry,agriculture,topic prefix: agri-ops,100,100
agri-ops-scouting-approval-evidence-packet,engineering-industry,agriculture,topic prefix: agri-ops,100,100
agri-ops-scouting-change-impact-trace,engineering-industry,agriculture,topic prefix: agri-ops,100,100
agri-ops-scouting-closeout-handoff-ledger,engineering-industry,agriculture,topic prefix: agri-ops,100,100
agri-ops-scouting-completeness-reconciliation,engineering-industry,agriculture,topic prefix: agri-ops,100,100
agri-ops-scouting-exception-triage-queue,engineering-industry,agriculture,topic prefix: agri-ops,100,100
agri-ops-scouting-recovery-readiness-drill,engineering-industry,agriculture,topic prefix: agri-ops,100,100
agri-ops-scouting-scenario-sensitivity-matrix,engineering-industry,agriculture,topic prefix: agri-ops,100,100
agri-ops-scouting-scope-intake-gate,engineering-industry,agriculture,topic prefix: agri-ops,100,100
agri-ops-scouting-source-provenance-ledger,engineering-industry,agriculture,topic prefix: agri-ops,100,100
agri-ops-scouting-threshold-rule-check,engineering-industry,agriculture,topic prefix: agri-ops,100,100
agri-ops-soil-approval-evidence-packet,engineering-industry,agriculture,topic prefix: agri-ops,100,100
agri-ops-soil-change-impact-trace,engineering-industry,agriculture,topic prefix: agri-ops,100,100
agri-ops-soil-closeout-handoff-ledger,engineering-industry,agriculture,topic prefix: agri-ops,100,100
agri-ops-soil-completeness-reconciliation,engineering-industry,agriculture,topic prefix: agri-ops,100,100
agri-ops-soil-exception-triage-queue,engineering-industry,agriculture,topic prefix: agri-ops,100,100
agri-ops-soil-recovery-readiness-drill,engineering-industry,agriculture,topic prefix: agri-ops,100,100
agri-ops-soil-scenario-sensitivity-matrix,engineering-industry,agriculture,topic prefix: agri-ops,100,100
agri-ops-soil-scope-intake-gate,engineering-industry,agriculture,topic prefix: agri-ops,100,100
agri-ops-soil-source-provenance-ledger,engineering-industry,agriculture,topic prefix: agri-ops,100,100
agri-ops-soil-threshold-rule-check,engineering-industry,agriculture,topic prefix: agri-ops,100,100
agri-ops-water-approval-evidence-packet,engineering-industry,agriculture,topic prefix: agri-ops,100,100
agri-ops-water-change-impact-trace,engineering-industry,agriculture,topic prefix: agri-ops,100,100
agri-ops-water-closeout-handoff-ledger,engineering-industry,agriculture,topic prefix: agri-ops,100,100
agri-ops-water-completeness-reconciliation,engineering-industry,agriculture,topic prefix: agri-ops,100,100
agri-ops-water-exception-triage-queue,engineering-industry,agriculture,topic prefix: agri-ops,100,100
agri-ops-water-recovery-readiness-drill,engineering-industry,agriculture,topic prefix: agri-ops,100,100
agri-ops-water-scenario-sensitivity-matrix,engineering-industry,agriculture,topic prefix: agri-ops,100,100
agri-ops-water-scope-intake-gate,engineering-industry,agriculture,topic prefix: agri-ops,100,100
agri-ops-water-source-provenance-ledger,engineering-industry,agriculture,topic prefix: agri-ops,100,100
agri-ops-water-threshold-rule-check,engineering-industry,agriculture,topic prefix: agri-ops,100,100
ai-content-rights-and-provenance,creative-media-design,visual-graphic-design,topic prefix: ai-content-rights,100,100
ai-image-generation,creative-media-design,image-3d,"metadata keywords: image-generation, image-",14,11
ai-video-generation,creative-media-design,audio-video,metadata keywords: video,5,5
analog-comparator-regeneration-review,engineering-industry,electronics-hardware,metadata keywords: analog-,5,5
analog-ic-topology-tradeoff,engineering-industry,electronics-hardware,metadata keywords: analog-,5,5
analog-layout-matching-review,engineering-industry,electronics-hardware,metadata keywords: analog-,5,5
analog-ldo-load-transient-review,engineering-industry,electronics-hardware,metadata keywords: analog-,5,5
analog-noise-budget-review,engineering-industry,electronics-hardware,metadata keywords: analog-,5,5
analog-opamp-loop-stability-review,engineering-industry,electronics-hardware,metadata keywords: analog-,5,5
analog-pll-loop-dynamics-review,engineering-industry,electronics-hardware,metadata keywords: analog-,5,5
analog-pvt-corner-coverage,engineering-industry,electronics-hardware,metadata keywords: analog-,5,5
analog-transistor-bias-review,engineering-industry,electronics-hardware,"metadata keywords: analog-, transistor",10,10
angular-developer,software-development,frontend,topic prefix: angular,100,100
animate,creative-media-design,ux-interaction-design,topic prefix: animate,100,100
api-contract-design,software-development,backend-apis,"metadata keywords: api-, api/",10,10
api-example-versioned-compile-smokecheck,software-development,backend-apis,"metadata keywords: api-, api/",10,10
api-fixture-contract-roundtrip-test,software-development,backend-apis,"metadata keywords: api-, api/",10,3
api-onboarding-capability-surface-map,software-development,backend-apis,topic prefix: api-onboarding,100,100
api-onboarding-change-impact-assessment,software-development,backend-apis,topic prefix: api-onboarding,100,100
api-onboarding-failure-triage-record,software-development,backend-apis,topic prefix: api-onboarding,100,100
api-onboarding-input-output-contract,software-development,backend-apis,topic prefix: api-onboarding,100,100
api-onboarding-integration-parity-trace,software-development,backend-apis,topic prefix: api-onboarding,100,100
api-onboarding-performance-envelope,software-development,backend-apis,topic prefix: api-onboarding,100,100
api-onboarding-permission-boundary-review,software-development,backend-apis,topic prefix: api-onboarding,100,100
api-onboarding-release-handoff-record,software-development,backend-apis,topic prefix: api-onboarding,100,100
api-onboarding-reproducibility-fixture-plan,software-development,backend-apis,topic prefix: api-onboarding,100,100
api-onboarding-version-compatibility,software-development,backend-apis,topic prefix: api-onboarding,100,100
api-rate-limit-handler-capability-surface-map,software-development,backend-apis,"metadata keywords: api-, api/, rate-limit-handler",19,19
api-rate-limit-handler-change-impact-assessment,software-development,backend-apis,"metadata keywords: api-, api/, rate-limit-handler",19,19
api-rate-limit-handler-failure-triage-record,software-development,backend-apis,"metadata keywords: api-, api/, rate-limit-handler",19,19
api-rate-limit-handler-input-output-contract,software-development,backend-apis,"metadata keywords: api-, api/, rate-limit-handler",19,19
api-rate-limit-handler-integration-parity-trace,software-development,backend-apis,"metadata keywords: api-, api/, rate-limit-handler",19,19
api-rate-limit-handler-performance-envelope,software-development,backend-apis,"metadata keywords: api-, api/, rate-limit-handler",19,19
api-rate-limit-handler-permission-boundary-review,software-development,backend-apis,"metadata keywords: api-, api/, rate-limit-handler",19,19
api-rate-limit-handler-release-handoff-record,software-development,backend-apis,"metadata keywords: api-, api/, rate-limit-handler",19,19
api-rate-limit-handler-reproducibility-fixture-plan,software-development,backend-apis,"metadata keywords: api-, api/, rate-limit-handler",19,19
api-rate-limit-handler-version-compatibility,software-development,backend-apis,"metadata keywords: api-, api/, rate-limit-handler",19,19
app-store-connect-build-train-readiness,software-development,testing-quality-release,Apple platform verification/release topic,100,100
app-store-privacy-label-evidence-reconciliation,software-development,testing-quality-release,Apple platform verification/release topic,100,100
apple-app-energy-impact-measurement-plan,software-development,testing-quality-release,Apple platform verification/release topic,100,100
apple-app-storage-footprint-regression-check,software-development,testing-quality-release,Apple platform verification/release topic,100,100
apple-background-task-expiration-audit,software-development,testing-quality-release,Apple platform verification/release topic,100,100
apple-code-signing-entitlement-minimization,software-development,testing-quality-release,Apple platform verification/release topic,100,100
apple-release-symbol-artifact-retention,software-development,testing-quality-release,Apple platform verification/release topic,100,100
apple-testflight-beta-cohort-change-control,software-development,testing-quality-release,Apple platform verification/release topic,100,100
application-security-review,cloud-infrastructure-security,security-privacy,metadata keywords: security,5,5
architecture-blueprint-generator,software-development,architecture-devtools,metadata keywords: architecture-,5,5
architecture-decision-records,software-development,architecture-devtools,metadata keywords: architecture-,5,5
arize-dataset,data-analytics,analytics-visualization,metadata keywords: arize-,5,5
arm-cortex-expert-capability-surface-map,engineering-industry,electronics-hardware,topic prefix: arm-cortex,100,100
arm-cortex-expert-change-impact-assessment,engineering-industry,electronics-hardware,topic prefix: arm-cortex,100,100
arm-cortex-expert-failure-triage-record,engineering-industry,electronics-hardware,topic prefix: arm-cortex,100,100
arm-cortex-expert-input-output-contract,engineering-industry,electronics-hardware,topic prefix: arm-cortex,100,100
arm-cortex-expert-integration-parity-trace,engineering-industry,electronics-hardware,topic prefix: arm-cortex,100,100
arm-cortex-expert-performance-envelope,engineering-industry,electronics-hardware,topic prefix: arm-cortex,100,100
arm-cortex-expert-permission-boundary-review,engineering-industry,electronics-hardware,topic prefix: arm-cortex,100,100
arm-cortex-expert-release-handoff-record,engineering-industry,electronics-hardware,topic prefix: arm-cortex,100,100
arm-cortex-expert-reproducibility-fixture-plan,engineering-industry,electronics-hardware,topic prefix: arm-cortex,100,100
arm-cortex-expert-version-compatibility,engineering-industry,electronics-hardware,topic prefix: arm-cortex,100,100
asana-automation-capability-surface-map,business-operations,product-growth,topic prefix: asana,100,100
asana-automation-change-impact-assessment,business-operations,product-growth,topic prefix: asana,100,100
asana-automation-failure-triage-record,business-operations,product-growth,topic prefix: asana,100,100
asana-automation-input-output-contract,business-operations,product-growth,topic prefix: asana,100,100
asana-automation-integration-parity-trace,business-operations,product-growth,topic prefix: asana,100,100
asana-automation-performance-envelope,business-operations,product-growth,topic prefix: asana,100,100
asana-automation-permission-boundary-review,business-operations,product-growth,topic prefix: asana,100,100
asana-automation-release-handoff-record,business-operations,product-growth,topic prefix: asana,100,100
asana-automation-reproducibility-fixture-plan,business-operations,product-growth,topic prefix: asana,100,100
asana-automation-version-compatibility,business-operations,product-growth,topic prefix: asana,100,100
astronomy-observation-data-analysis,science-health-research,physical-earth-sciences,topic prefix: astronomy,100,100
attempt-diff-information-gain-review,ai-agent-systems,evaluation-observability,topic prefix: attempt-diff,100,100
audit-logging-capability-surface-map,cloud-infrastructure-security,security-privacy,topic prefix: audit-logging,100,100
audit-logging-change-impact-assessment,cloud-infrastructure-security,security-privacy,topic prefix: audit-logging,100,100
audit-logging-failure-triage-record,cloud-infrastructure-security,security-privacy,topic prefix: audit-logging,100,100
audit-logging-input-output-contract,cloud-infrastructure-security,security-privacy,topic prefix: audit-logging,100,100
audit-logging-integration-parity-trace,cloud-infrastructure-security,security-privacy,topic prefix: audit-logging,100,100
audit-logging-performance-envelope,cloud-infrastructure-security,security-privacy,topic prefix: audit-logging,100,100
audit-logging-permission-boundary-review,cloud-infrastructure-security,security-privacy,topic prefix: audit-logging,100,100
audit-logging-release-handoff-record,cloud-infrastructure-security,security-privacy,topic prefix: audit-logging,100,100
audit-logging-reproducibility-fixture-plan,cloud-infrastructure-security,security-privacy,topic prefix: audit-logging,100,100
audit-logging-version-compatibility,cloud-infrastructure-security,security-privacy,topic prefix: audit-logging,100,100
augmented-reality-development,software-development,frontend,topic prefix: augmented-reality,100,100
autoresearch,science-health-research,trials-research-methods,topic prefix: autoresearch,100,100
avalonia-layout-zafiro-capability-surface-map,software-development,frontend,topic prefix: avalonia-layout,100,100
avalonia-layout-zafiro-change-impact-assessment,software-development,frontend,topic prefix: avalonia-layout,100,100
avalonia-layout-zafiro-failure-triage-record,software-development,frontend,topic prefix: avalonia-layout,100,100
avalonia-layout-zafiro-input-output-contract,software-development,frontend,topic prefix: avalonia-layout,100,100
avalonia-layout-zafiro-integration-parity-trace,software-development,frontend,topic prefix: avalonia-layout,100,100
avalonia-layout-zafiro-performance-envelope,software-development,frontend,topic prefix: avalonia-layout,100,100
avalonia-layout-zafiro-permission-boundary-review,software-development,frontend,topic prefix: avalonia-layout,100,100
avalonia-layout-zafiro-release-handoff-record,software-development,frontend,topic prefix: avalonia-layout,100,100
avalonia-layout-zafiro-reproducibility-fixture-plan,software-development,frontend,topic prefix: avalonia-layout,100,100
avalonia-layout-zafiro-version-compatibility,software-development,frontend,topic prefix: avalonia-layout,100,100
awf-skill,ai-agent-systems,tools-integrations,topic prefix: awf-skill,100,100
aws-cloudtrail-capability-surface-map,cloud-infrastructure-security,security-privacy,"metadata keywords: cloudtrail, identity, access-control",10,5
aws-cloudtrail-change-impact-assessment,cloud-infrastructure-security,security-privacy,"metadata keywords: cloudtrail, identity, access-control",10,5
aws-cloudtrail-failure-triage-record,cloud-infrastructure-security,security-privacy,"metadata keywords: cloudtrail, identity, access-control",10,5
aws-cloudtrail-input-output-contract,cloud-infrastructure-security,security-privacy,"metadata keywords: cloudtrail, identity, access-control",10,5
aws-cloudtrail-integration-parity-trace,cloud-infrastructure-security,security-privacy,"metadata keywords: cloudtrail, identity, access-control",10,5
aws-cloudtrail-performance-envelope,cloud-infrastructure-security,security-privacy,"metadata keywords: cloudtrail, identity, access-control",10,5
aws-cloudtrail-permission-boundary-review,cloud-infrastructure-security,security-privacy,"metadata keywords: cloudtrail, identity, access-control",10,5
aws-cloudtrail-release-handoff-record,cloud-infrastructure-security,security-privacy,"metadata keywords: cloudtrail, identity, access-control",10,5
aws-cloudtrail-reproducibility-fixture-plan,cloud-infrastructure-security,security-privacy,"metadata keywords: cloudtrail, identity, access-control",10,5
aws-cloudtrail-version-compatibility,cloud-infrastructure-security,security-privacy,"metadata keywords: cloudtrail, identity, access-control",10,5
aws-ecs-fargate-capability-surface-map,cloud-infrastructure-security,containers-kubernetes,cloud domain prefix: aws-ecs-fargate,100,100
aws-ecs-fargate-change-impact-assessment,cloud-infrastructure-security,containers-kubernetes,cloud domain prefix: aws-ecs-fargate,100,100
aws-ecs-fargate-failure-triage-record,cloud-infrastructure-security,containers-kubernetes,cloud domain prefix: aws-ecs-fargate,100,100
aws-ecs-fargate-input-output-contract,cloud-infrastructure-security,containers-kubernetes,cloud domain prefix: aws-ecs-fargate,100,100
aws-ecs-fargate-integration-parity-trace,cloud-infrastructure-security,containers-kubernetes,cloud domain prefix: aws-ecs-fargate,100,100
aws-ecs-fargate-performance-envelope,cloud-infrastructure-security,containers-kubernetes,cloud domain prefix: aws-ecs-fargate,100,100
aws-ecs-fargate-permission-boundary-review,cloud-infrastructure-security,containers-kubernetes,cloud domain prefix: aws-ecs-fargate,100,100
aws-ecs-fargate-release-handoff-record,cloud-infrastructure-security,containers-kubernetes,cloud domain prefix: aws-ecs-fargate,100,100
aws-ecs-fargate-reproducibility-fixture-plan,cloud-infrastructure-security,containers-kubernetes,cloud domain prefix: aws-ecs-fargate,100,100
aws-ecs-fargate-version-compatibility,cloud-infrastructure-security,containers-kubernetes,cloud domain prefix: aws-ecs-fargate,100,100
aws-iam-capability-surface-map,cloud-infrastructure-security,security-privacy,"metadata keywords: iam, identity",7,2
aws-iam-change-impact-assessment,cloud-infrastructure-security,security-privacy,"metadata keywords: iam, identity",7,2
aws-iam-failure-triage-record,cloud-infrastructure-security,security-privacy,"metadata keywords: iam, identity",7,2
aws-iam-input-output-contract,cloud-infrastructure-security,security-privacy,"metadata keywords: iam, identity",7,2
aws-iam-integration-parity-trace,cloud-infrastructure-security,security-privacy,"metadata keywords: iam, identity",7,2
aws-iam-performance-envelope,cloud-infrastructure-security,security-privacy,"metadata keywords: iam, identity",7,2
aws-iam-permission-boundary-review,cloud-infrastructure-security,security-privacy,"metadata keywords: iam, identity",7,2
aws-iam-release-handoff-record,cloud-infrastructure-security,security-privacy,"metadata keywords: iam, identity",7,2
aws-iam-reproducibility-fixture-plan,cloud-infrastructure-security,security-privacy,"metadata keywords: iam, identity",7,2
aws-iam-version-compatibility,cloud-infrastructure-security,security-privacy,"metadata keywords: iam, identity",7,2
aws-secrets-manager-capability-surface-map,cloud-infrastructure-security,security-privacy,"metadata keywords: secrets, identity",7,2
aws-secrets-manager-change-impact-assessment,cloud-infrastructure-security,security-privacy,"metadata keywords: secrets, identity",7,2
aws-secrets-manager-failure-triage-record,cloud-infrastructure-security,security-privacy,"metadata keywords: secrets, identity",7,2
aws-secrets-manager-input-output-contract,cloud-infrastructure-security,security-privacy,"metadata keywords: secrets, identity",7,2
aws-secrets-manager-integration-parity-trace,cloud-infrastructure-security,security-privacy,"metadata keywords: secrets, identity",7,2
aws-secrets-manager-performance-envelope,cloud-infrastructure-security,security-privacy,"metadata keywords: secrets, identity",7,2
aws-secrets-manager-permission-boundary-review,cloud-infrastructure-security,security-privacy,"metadata keywords: secrets, identity",7,2
aws-secrets-manager-release-handoff-record,cloud-infrastructure-security,security-privacy,"metadata keywords: secrets, identity",7,2
aws-secrets-manager-reproducibility-fixture-plan,cloud-infrastructure-security,security-privacy,"metadata keywords: secrets, identity",7,2
aws-secrets-manager-version-compatibility,cloud-infrastructure-security,security-privacy,"metadata keywords: secrets, identity",7,2
azure-ai-agents-python,ai-agent-systems,tools-integrations,topic prefix: azure-ai-agents,100,100
azure-ai-projects-python,ai-agent-systems,tools-integrations,topic prefix: azure-ai-projects,100,100
azure-ai-search-grounding,ai-agent-systems,prompts-context-memory,topic prefix: azure-ai-search-grounding,100,100
azure-aks-capability-surface-map,cloud-infrastructure-security,containers-kubernetes,"metadata keywords: kubernetes, cluster-, aks",9,4
azure-aks-change-impact-assessment,cloud-infrastructure-security,containers-kubernetes,"metadata keywords: kubernetes, cluster-, aks",9,4
azure-aks-failure-triage-record,cloud-infrastructure-security,containers-kubernetes,"metadata keywords: kubernetes, cluster-, aks",9,4
azure-aks-input-output-contract,cloud-infrastructure-security,containers-kubernetes,"metadata keywords: kubernetes, cluster-, aks",9,4
azure-aks-integration-parity-trace,cloud-infrastructure-security,containers-kubernetes,"metadata keywords: kubernetes, cluster-, aks",9,4
azure-aks-performance-envelope,cloud-infrastructure-security,containers-kubernetes,"metadata keywords: kubernetes, cluster-, aks",9,4
azure-aks-permission-boundary-review,cloud-infrastructure-security,containers-kubernetes,"metadata keywords: kubernetes, cluster-, aks",9,4
azure-aks-release-handoff-record,cloud-infrastructure-security,containers-kubernetes,"metadata keywords: kubernetes, cluster-, aks",9,4
azure-aks-reproducibility-fixture-plan,cloud-infrastructure-security,containers-kubernetes,"metadata keywords: kubernetes, cluster-, aks",9,4
azure-aks-version-compatibility,cloud-infrastructure-security,containers-kubernetes,"metadata keywords: kubernetes, cluster-, aks",9,4
azure-cosmos-db-python,cloud-infrastructure-security,cloud-platforms,metadata keywords: azure-,5,5
azure-developer-cli,cloud-infrastructure-security,cloud-platforms,"metadata keywords: azure-, cloud-",7,7
azure-devops-cli,cloud-infrastructure-security,devops-reliability,topic prefix: azure-devops,100,100
azure-resource-manager-postgresql-dotnet-capability-surface-map,cloud-infrastructure-security,cloud-platforms,"metadata keywords: azure-, resource-manager",14,10
azure-resource-manager-postgresql-dotnet-change-impact-assessment,cloud-infrastructure-security,cloud-platforms,"metadata keywords: azure-, resource-manager",14,10
azure-resource-manager-postgresql-dotnet-failure-triage-record,cloud-infrastructure-security,cloud-platforms,"metadata keywords: azure-, resource-manager",14,10
azure-resource-manager-postgresql-dotnet-input-output-contract,cloud-infrastructure-security,cloud-platforms,"metadata keywords: azure-, resource-manager",14,10
azure-resource-manager-postgresql-dotnet-integration-parity-trace,cloud-infrastructure-security,cloud-platforms,"metadata keywords: azure-, resource-manager",14,10
azure-resource-manager-postgresql-dotnet-performance-envelope,cloud-infrastructure-security,cloud-platforms,"metadata keywords: azure-, resource-manager",14,10
azure-resource-manager-postgresql-dotnet-permission-boundary-review,cloud-infrastructure-security,cloud-platforms,"metadata keywords: azure-, resource-manager",14,10
azure-resource-manager-postgresql-dotnet-release-handoff-record,cloud-infrastructure-security,cloud-platforms,"metadata keywords: azure-, resource-manager",14,10
azure-resource-manager-postgresql-dotnet-reproducibility-fixture-plan,cloud-infrastructure-security,cloud-platforms,"metadata keywords: azure-, resource-manager",14,10
azure-resource-manager-postgresql-dotnet-version-compatibility,cloud-infrastructure-security,cloud-platforms,"metadata keywords: azure-, resource-manager",14,10
azure-search-documents-python,cloud-infrastructure-security,cloud-platforms,metadata keywords: azure-,5,5
azure-search-documents-ts-capability-surface-map,cloud-infrastructure-security,cloud-platforms,metadata keywords: azure-,5,5
azure-search-documents-ts-change-impact-assessment,cloud-infrastructure-security,cloud-platforms,metadata keywords: azure-,5,5
azure-search-documents-ts-failure-triage-record,cloud-infrastructure-security,cloud-platforms,metadata keywords: azure-,5,5
azure-search-documents-ts-input-output-contract,cloud-infrastructure-security,cloud-platforms,metadata keywords: azure-,5,5
azure-search-documents-ts-integration-parity-trace,cloud-infrastructure-security,cloud-platforms,metadata keywords: azure-,5,5
azure-search-documents-ts-performance-envelope,cloud-infrastructure-security,cloud-platforms,metadata keywords: azure-,5,5
azure-search-documents-ts-permission-boundary-review,cloud-infrastructure-security,cloud-platforms,metadata keywords: azure-,5,5
azure-search-documents-ts-release-handoff-record,cloud-infrastructure-security,cloud-platforms,metadata keywords: azure-,5,5
azure-search-documents-ts-reproducibility-fixture-plan,cloud-infrastructure-security,cloud-platforms,metadata keywords: azure-,5,5
azure-search-documents-ts-version-compatibility,cloud-infrastructure-security,cloud-platforms,metadata keywords: azure-,5,5
azure-security-keyvault-secrets-java-capability-surface-map,cloud-infrastructure-security,security-privacy,"metadata keywords: security, secrets, keyvault, identity",17,12
azure-security-keyvault-secrets-java-change-impact-assessment,cloud-infrastructure-security,security-privacy,"metadata keywords: security, secrets, keyvault, identity",17,12
azure-security-keyvault-secrets-java-failure-triage-record,cloud-infrastructure-security,security-privacy,"metadata keywords: security, secrets, keyvault, identity",17,12
azure-security-keyvault-secrets-java-input-output-contract,cloud-infrastructure-security,security-privacy,"metadata keywords: security, secrets, keyvault, identity",17,12
azure-security-keyvault-secrets-java-integration-parity-trace,cloud-infrastructure-security,security-privacy,"metadata keywords: security, secrets, keyvault, identity",17,12
azure-security-keyvault-secrets-java-performance-envelope,cloud-infrastructure-security,security-privacy,"metadata keywords: security, secrets, keyvault, identity",17,12
azure-security-keyvault-secrets-java-permission-boundary-review,cloud-infrastructure-security,security-privacy,"metadata keywords: security, secrets, keyvault, identity",17,12
azure-security-keyvault-secrets-java-release-handoff-record,cloud-infrastructure-security,security-privacy,"metadata keywords: security, secrets, keyvault, identity",17,12
azure-security-keyvault-secrets-java-reproducibility-fixture-plan,cloud-infrastructure-security,security-privacy,"metadata keywords: security, secrets, keyvault, identity",17,12
azure-security-keyvault-secrets-java-version-compatibility,cloud-infrastructure-security,security-privacy,"metadata keywords: security, secrets, keyvault, identity",17,12
azure-servicebus-rust-capability-surface-map,cloud-infrastructure-security,cloud-platforms,metadata keywords: azure-,5,5
azure-servicebus-rust-change-impact-assessment,cloud-infrastructure-security,cloud-platforms,metadata keywords: azure-,5,5
azure-servicebus-rust-failure-triage-record,cloud-infrastructure-security,cloud-platforms,metadata keywords: azure-,5,5
azure-servicebus-rust-input-output-contract,cloud-infrastructure-security,cloud-platforms,metadata keywords: azure-,5,5
azure-servicebus-rust-integration-parity-trace,cloud-infrastructure-security,cloud-platforms,metadata keywords: azure-,5,5
azure-servicebus-rust-performance-envelope,cloud-infrastructure-security,cloud-platforms,metadata keywords: azure-,5,5
azure-servicebus-rust-permission-boundary-review,cloud-infrastructure-security,cloud-platforms,metadata keywords: azure-,5,5
azure-servicebus-rust-release-handoff-record,cloud-infrastructure-security,cloud-platforms,metadata keywords: azure-,5,5
azure-servicebus-rust-reproducibility-fixture-plan,cloud-infrastructure-security,cloud-platforms,metadata keywords: azure-,5,5
azure-servicebus-rust-version-compatibility,cloud-infrastructure-security,cloud-platforms,metadata keywords: azure-,5,5
azure-servicebus-ts-capability-surface-map,cloud-infrastructure-security,cloud-platforms,metadata keywords: azure-,5,3
azure-servicebus-ts-change-impact-assessment,cloud-infrastructure-security,cloud-platforms,metadata keywords: azure-,5,3
azure-servicebus-ts-failure-triage-record,cloud-infrastructure-security,cloud-platforms,metadata keywords: azure-,5,3
azure-servicebus-ts-input-output-contract,cloud-infrastructure-security,cloud-platforms,metadata keywords: azure-,5,3
azure-servicebus-ts-integration-parity-trace,cloud-infrastructure-security,cloud-platforms,metadata keywords: azure-,5,3
azure-servicebus-ts-performance-envelope,cloud-infrastructure-security,cloud-platforms,metadata keywords: azure-,5,3
azure-servicebus-ts-permission-boundary-review,cloud-infrastructure-security,cloud-platforms,metadata keywords: azure-,5,3
azure-servicebus-ts-release-handoff-record,cloud-infrastructure-security,cloud-platforms,metadata keywords: azure-,5,3
azure-servicebus-ts-reproducibility-fixture-plan,cloud-infrastructure-security,cloud-platforms,metadata keywords: azure-,5,3
azure-servicebus-ts-version-compatibility,cloud-infrastructure-security,cloud-platforms,metadata keywords: azure-,5,3
azure-speech-to-text-rest-py-capability-surface-map,cloud-infrastructure-security,cloud-platforms,metadata keywords: azure-,5,5
azure-speech-to-text-rest-py-change-impact-assessment,cloud-infrastructure-security,cloud-platforms,metadata keywords: azure-,5,5
azure-speech-to-text-rest-py-failure-triage-record,cloud-infrastructure-security,cloud-platforms,metadata keywords: azure-,5,5
azure-speech-to-text-rest-py-input-output-contract,cloud-infrastructure-security,cloud-platforms,metadata keywords: azure-,5,5
azure-speech-to-text-rest-py-integration-parity-trace,cloud-infrastructure-security,cloud-platforms,metadata keywords: azure-,5,5
azure-speech-to-text-rest-py-performance-envelope,cloud-infrastructure-security,cloud-platforms,metadata keywords: azure-,5,5
azure-speech-to-text-rest-py-permission-boundary-review,cloud-infrastructure-security,cloud-platforms,metadata keywords: azure-,5,5
azure-speech-to-text-rest-py-release-handoff-record,cloud-infrastructure-security,cloud-platforms,metadata keywords: azure-,5,5
azure-speech-to-text-rest-py-reproducibility-fixture-plan,cloud-infrastructure-security,cloud-platforms,metadata keywords: azure-,5,5
azure-speech-to-text-rest-py-version-compatibility,cloud-infrastructure-security,cloud-platforms,metadata keywords: azure-,5,5
azure-sre-agent-evaluation,cloud-infrastructure-security,devops-reliability,cloud domain prefix: azure-sre,100,100
azure-sre-agent-permission-audit,cloud-infrastructure-security,devops-reliability,cloud domain prefix: azure-sre,100,100
azure-sre-cost-quota-review,cloud-infrastructure-security,devops-reliability,cloud domain prefix: azure-sre,100,100
azure-sre-deployment-readiness,cloud-infrastructure-security,devops-reliability,cloud domain prefix: azure-sre,100,100
azure-sre-disaster-recovery-planning,cloud-infrastructure-security,devops-reliability,cloud domain prefix: azure-sre,100,100
azure-sre-incident-triage,cloud-infrastructure-security,devops-reliability,cloud domain prefix: azure-sre,100,100
azure-sre-kql-investigation,cloud-infrastructure-security,devops-reliability,cloud domain prefix: azure-sre,100,100
azure-sre-network-control-review,cloud-infrastructure-security,devops-reliability,cloud domain prefix: azure-sre,100,100
azure-sre-run-mode-approval-design,cloud-infrastructure-security,devops-reliability,cloud domain prefix: azure-sre,100,100
azure-sre-telemetry-integration,cloud-infrastructure-security,devops-reliability,cloud domain prefix: azure-sre,100,100
azure-storage-blob-java-capability-surface-map,cloud-infrastructure-security,cloud-platforms,metadata keywords: azure-,5,3
azure-storage-blob-java-change-impact-assessment,cloud-infrastructure-security,cloud-platforms,metadata keywords: azure-,5,3
azure-storage-blob-java-failure-triage-record,cloud-infrastructure-security,cloud-platforms,metadata keywords: azure-,5,3
azure-storage-blob-java-input-output-contract,cloud-infrastructure-security,cloud-platforms,metadata keywords: azure-,5,3
azure-storage-blob-java-integration-parity-trace,cloud-infrastructure-security,cloud-platforms,metadata keywords: azure-,5,3
azure-storage-blob-java-performance-envelope,cloud-infrastructure-security,cloud-platforms,metadata keywords: azure-,5,3
azure-storage-blob-java-permission-boundary-review,cloud-infrastructure-security,cloud-platforms,metadata keywords: azure-,5,3
azure-storage-blob-java-release-handoff-record,cloud-infrastructure-security,cloud-platforms,metadata keywords: azure-,5,3
azure-storage-blob-java-reproducibility-fixture-plan,cloud-infrastructure-security,cloud-platforms,metadata keywords: azure-,5,3
azure-storage-blob-java-version-compatibility,cloud-infrastructure-security,cloud-platforms,metadata keywords: azure-,5,3
azure-storage-file-datalake-py-capability-surface-map,cloud-infrastructure-security,cloud-platforms,metadata keywords: azure-,5,3
azure-storage-file-datalake-py-change-impact-assessment,cloud-infrastructure-security,cloud-platforms,metadata keywords: azure-,5,3
azure-storage-file-datalake-py-failure-triage-record,cloud-infrastructure-security,cloud-platforms,metadata keywords: azure-,5,3
azure-storage-file-datalake-py-input-output-contract,cloud-infrastructure-security,cloud-platforms,metadata keywords: azure-,5,3
azure-storage-file-datalake-py-integration-parity-trace,cloud-infrastructure-security,cloud-platforms,metadata keywords: azure-,5,3
azure-storage-file-datalake-py-performance-envelope,cloud-infrastructure-security,cloud-platforms,metadata keywords: azure-,5,3
azure-storage-file-datalake-py-permission-boundary-review,cloud-infrastructure-security,cloud-platforms,metadata keywords: azure-,5,3
azure-storage-file-datalake-py-release-handoff-record,cloud-infrastructure-security,cloud-platforms,metadata keywords: azure-,5,3
azure-storage-file-datalake-py-reproducibility-fixture-plan,cloud-infrastructure-security,cloud-platforms,metadata keywords: azure-,5,3
azure-storage-file-datalake-py-version-compatibility,cloud-infrastructure-security,cloud-platforms,metadata keywords: azure-,5,3
azure-storage-file-share-ts-capability-surface-map,cloud-infrastructure-security,cloud-platforms,metadata keywords: azure-,5,3
azure-storage-file-share-ts-change-impact-assessment,cloud-infrastructure-security,cloud-platforms,metadata keywords: azure-,5,3
azure-storage-file-share-ts-failure-triage-record,cloud-infrastructure-security,cloud-platforms,metadata keywords: azure-,5,3
azure-storage-file-share-ts-input-output-contract,cloud-infrastructure-security,cloud-platforms,metadata keywords: azure-,5,3
azure-storage-file-share-ts-integration-parity-trace,cloud-infrastructure-security,cloud-platforms,metadata keywords: azure-,5,3
azure-storage-file-share-ts-performance-envelope,cloud-infrastructure-security,cloud-platforms,metadata keywords: azure-,5,3
azure-storage-file-share-ts-permission-boundary-review,cloud-infrastructure-security,cloud-platforms,metadata keywords: azure-,5,3
azure-storage-file-share-ts-release-handoff-record,cloud-infrastructure-security,cloud-platforms,metadata keywords: azure-,5,3
azure-storage-file-share-ts-reproducibility-fixture-plan,cloud-infrastructure-security,cloud-platforms,metadata keywords: azure-,5,3
azure-storage-file-share-ts-version-compatibility,cloud-infrastructure-security,cloud-platforms,metadata keywords: azure-,5,3
azure-web-pubsub-ts-capability-surface-map,cloud-infrastructure-security,networking-edge,metadata keywords: web-pubsub,9,4
azure-web-pubsub-ts-change-impact-assessment,cloud-infrastructure-security,networking-edge,metadata keywords: web-pubsub,9,4
azure-web-pubsub-ts-failure-triage-record,cloud-infrastructure-security,networking-edge,metadata keywords: web-pubsub,9,4
azure-web-pubsub-ts-input-output-contract,cloud-infrastructure-security,networking-edge,metadata keywords: web-pubsub,9,4
azure-web-pubsub-ts-integration-parity-trace,cloud-infrastructure-security,networking-edge,metadata keywords: web-pubsub,9,4
azure-web-pubsub-ts-performance-envelope,cloud-infrastructure-security,networking-edge,metadata keywords: web-pubsub,9,4
azure-web-pubsub-ts-permission-boundary-review,cloud-infrastructure-security,networking-edge,metadata keywords: web-pubsub,9,4
azure-web-pubsub-ts-release-handoff-record,cloud-infrastructure-security,networking-edge,metadata keywords: web-pubsub,9,4
azure-web-pubsub-ts-reproducibility-fixture-plan,cloud-infrastructure-security,networking-edge,metadata keywords: web-pubsub,9,4
azure-web-pubsub-ts-version-compatibility,cloud-infrastructure-security,networking-edge,metadata keywords: web-pubsub,9,4
backend-ops-api-contract-approval-evidence-packet,software-development,backend-apis,topic prefix: backend-ops,100,100
backend-ops-api-contract-change-impact-trace,software-development,backend-apis,topic prefix: backend-ops,100,100
backend-ops-api-contract-closeout-handoff-ledger,software-development,backend-apis,topic prefix: backend-ops,100,100
backend-ops-api-contract-completeness-reconciliation,software-development,backend-apis,topic prefix: backend-ops,100,100
backend-ops-api-contract-exception-triage-queue,software-development,backend-apis,topic prefix: backend-ops,100,100
backend-ops-api-contract-recovery-readiness-drill,software-development,backend-apis,topic prefix: backend-ops,100,100
backend-ops-api-contract-scenario-sensitivity-matrix,software-development,backend-apis,topic prefix: backend-ops,100,100
backend-ops-api-contract-scope-intake-gate,software-development,backend-apis,topic prefix: backend-ops,100,100
backend-ops-api-contract-source-provenance-ledger,software-development,backend-apis,topic prefix: backend-ops,100,100
backend-ops-api-contract-threshold-rule-check,software-development,backend-apis,topic prefix: backend-ops,100,100
backend-ops-authorization-boundary-approval-evidence-packet,software-development,backend-apis,topic prefix: backend-ops,100,100
backend-ops-authorization-boundary-change-impact-trace,software-development,backend-apis,topic prefix: backend-ops,100,100
backend-ops-authorization-boundary-closeout-handoff-ledger,software-development,backend-apis,topic prefix: backend-ops,100,100
backend-ops-authorization-boundary-completeness-reconciliation,software-development,backend-apis,topic prefix: backend-ops,100,100
backend-ops-authorization-boundary-exception-triage-queue,software-development,backend-apis,topic prefix: backend-ops,100,100
backend-ops-authorization-boundary-recovery-readiness-drill,software-development,backend-apis,topic prefix: backend-ops,100,100
backend-ops-authorization-boundary-scenario-sensitivity-matrix,software-development,backend-apis,topic prefix: backend-ops,100,100
backend-ops-authorization-boundary-scope-intake-gate,software-development,backend-apis,topic prefix: backend-ops,100,100
backend-ops-authorization-boundary-source-provenance-ledger,software-development,backend-apis,topic prefix: backend-ops,100,100
backend-ops-authorization-boundary-threshold-rule-check,software-development,backend-apis,topic prefix: backend-ops,100,100
backend-ops-cache-consistency-approval-evidence-packet,software-development,backend-apis,topic prefix: backend-ops,100,100
backend-ops-cache-consistency-change-impact-trace,software-development,backend-apis,topic prefix: backend-ops,100,100
backend-ops-cache-consistency-closeout-handoff-ledger,software-development,backend-apis,topic prefix: backend-ops,100,100
backend-ops-cache-consistency-completeness-reconciliation,software-development,backend-apis,topic prefix: backend-ops,100,100
backend-ops-cache-consistency-exception-triage-queue,software-development,backend-apis,topic prefix: backend-ops,100,100
backend-ops-cache-consistency-recovery-readiness-drill,software-development,backend-apis,topic prefix: backend-ops,100,100
backend-ops-cache-consistency-scenario-sensitivity-matrix,software-development,backend-apis,topic prefix: backend-ops,100,100
backend-ops-cache-consistency-scope-intake-gate,software-development,backend-apis,topic prefix: backend-ops,100,100
backend-ops-cache-consistency-source-provenance-ledger,software-development,backend-apis,topic prefix: backend-ops,100,100
backend-ops-cache-consistency-threshold-rule-check,software-development,backend-apis,topic prefix: backend-ops,100,100
backend-ops-error-retry-contract-approval-evidence-packet,software-development,backend-apis,topic prefix: backend-ops,100,100
backend-ops-error-retry-contract-change-impact-trace,software-development,backend-apis,topic prefix: backend-ops,100,100
backend-ops-error-retry-contract-closeout-handoff-ledger,software-development,backend-apis,topic prefix: backend-ops,100,100
backend-ops-error-retry-contract-completeness-reconciliation,software-development,backend-apis,topic prefix: backend-ops,100,100
backend-ops-error-retry-contract-exception-triage-queue,software-development,backend-apis,topic prefix: backend-ops,100,100
backend-ops-error-retry-contract-recovery-readiness-drill,software-development,backend-apis,topic prefix: backend-ops,100,100
backend-ops-error-retry-contract-scenario-sensitivity-matrix,software-development,backend-apis,topic prefix: backend-ops,100,100
backend-ops-error-retry-contract-scope-intake-gate,software-development,backend-apis,topic prefix: backend-ops,100,100
backend-ops-error-retry-contract-source-provenance-ledger,software-development,backend-apis,topic prefix: backend-ops,100,100
backend-ops-error-retry-contract-threshold-rule-check,software-development,backend-apis,topic prefix: backend-ops,100,100
backend-ops-event-delivery-approval-evidence-packet,software-development,backend-apis,topic prefix: backend-ops,100,100
backend-ops-event-delivery-change-impact-trace,software-development,backend-apis,topic prefix: backend-ops,100,100
backend-ops-event-delivery-closeout-handoff-ledger,software-development,backend-apis,topic prefix: backend-ops,100,100
backend-ops-event-delivery-completeness-reconciliation,software-development,backend-apis,topic prefix: backend-ops,100,100
backend-ops-event-delivery-exception-triage-queue,software-development,backend-apis,topic prefix: backend-ops,100,100
backend-ops-event-delivery-recovery-readiness-drill,software-development,backend-apis,topic prefix: backend-ops,100,100
backend-ops-event-delivery-scenario-sensitivity-matrix,software-development,backend-apis,topic prefix: backend-ops,100,100
backend-ops-event-delivery-scope-intake-gate,software-development,backend-apis,topic prefix: backend-ops,100,100
backend-ops-event-delivery-source-provenance-ledger,software-development,backend-apis,topic prefix: backend-ops,100,100
backend-ops-event-delivery-threshold-rule-check,software-development,backend-apis,topic prefix: backend-ops,100,100
backend-ops-idempotent-jobs-approval-evidence-packet,software-development,backend-apis,topic prefix: backend-ops,100,100
backend-ops-idempotent-jobs-change-impact-trace,software-development,backend-apis,topic prefix: backend-ops,100,100
backend-ops-idempotent-jobs-closeout-handoff-ledger,software-development,backend-apis,topic prefix: backend-ops,100,100
backend-ops-idempotent-jobs-completeness-reconciliation,software-development,backend-apis,topic prefix: backend-ops,100,100
backend-ops-idempotent-jobs-exception-triage-queue,software-development,backend-apis,topic prefix: backend-ops,100,100
backend-ops-idempotent-jobs-recovery-readiness-drill,software-development,backend-apis,topic prefix: backend-ops,100,100
backend-ops-idempotent-jobs-scenario-sensitivity-matrix,software-development,backend-apis,topic prefix: backend-ops,100,100
backend-ops-idempotent-jobs-scope-intake-gate,software-development,backend-apis,topic prefix: backend-ops,100,100
backend-ops-idempotent-jobs-source-provenance-ledger,software-development,backend-apis,topic prefix: backend-ops,100,100
backend-ops-idempotent-jobs-threshold-rule-check,software-development,backend-apis,topic prefix: backend-ops,100,100
backend-ops-observability-redaction-approval-evidence-packet,software-development,backend-apis,topic prefix: backend-ops,100,100
backend-ops-observability-redaction-change-impact-trace,software-development,backend-apis,topic prefix: backend-ops,100,100
backend-ops-observability-redaction-closeout-handoff-ledger,software-development,backend-apis,topic prefix: backend-ops,100,100
backend-ops-observability-redaction-completeness-reconciliation,software-development,backend-apis,topic prefix: backend-ops,100,100
backend-ops-observability-redaction-exception-triage-queue,software-development,backend-apis,topic prefix: backend-ops,100,100
backend-ops-observability-redaction-recovery-readiness-drill,software-development,backend-apis,topic prefix: backend-ops,100,100
backend-ops-observability-redaction-scenario-sensitivity-matrix,software-development,backend-apis,topic prefix: backend-ops,100,100
backend-ops-observability-redaction-scope-intake-gate,software-development,backend-apis,topic prefix: backend-ops,100,100
backend-ops-observability-redaction-source-provenance-ledger,software-development,backend-apis,topic prefix: backend-ops,100,100
backend-ops-observability-redaction-threshold-rule-check,software-development,backend-apis,topic prefix: backend-ops,100,100
backend-ops-pagination-semantics-approval-evidence-packet,software-development,backend-apis,topic prefix: backend-ops,100,100
backend-ops-pagination-semantics-change-impact-trace,software-development,backend-apis,topic prefix: backend-ops,100,100
backend-ops-pagination-semantics-closeout-handoff-ledger,software-development,backend-apis,topic prefix: backend-ops,100,100
backend-ops-pagination-semantics-completeness-reconciliation,software-development,backend-apis,topic prefix: backend-ops,100,100
backend-ops-pagination-semantics-exception-triage-queue,software-development,backend-apis,topic prefix: backend-ops,100,100
backend-ops-pagination-semantics-recovery-readiness-drill,software-development,backend-apis,topic prefix: backend-ops,100,100
backend-ops-pagination-semantics-scenario-sensitivity-matrix,software-development,backend-apis,topic prefix: backend-ops,100,100
backend-ops-pagination-semantics-scope-intake-gate,software-development,backend-apis,topic prefix: backend-ops,100,100
backend-ops-pagination-semantics-source-provenance-ledger,software-development,backend-apis,topic prefix: backend-ops,100,100
backend-ops-pagination-semantics-threshold-rule-check,software-development,backend-apis,topic prefix: backend-ops,100,100
backend-ops-pool-saturation-approval-evidence-packet,software-development,backend-apis,topic prefix: backend-ops,100,100
backend-ops-pool-saturation-change-impact-trace,software-development,backend-apis,topic prefix: backend-ops,100,100
backend-ops-pool-saturation-closeout-handoff-ledger,software-development,backend-apis,topic prefix: backend-ops,100,100
backend-ops-pool-saturation-completeness-reconciliation,software-development,backend-apis,topic prefix: backend-ops,100,100
backend-ops-pool-saturation-exception-triage-queue,software-development,backend-apis,topic prefix: backend-ops,100,100
backend-ops-pool-saturation-recovery-readiness-drill,software-development,backend-apis,topic prefix: backend-ops,100,100
backend-ops-pool-saturation-scenario-sensitivity-matrix,software-development,backend-apis,topic prefix: backend-ops,100,100
backend-ops-pool-saturation-scope-intake-gate,software-development,backend-apis,topic prefix: backend-ops,100,100
backend-ops-pool-saturation-source-provenance-ledger,software-development,backend-apis,topic prefix: backend-ops,100,100
backend-ops-pool-saturation-threshold-rule-check,software-development,backend-apis,topic prefix: backend-ops,100,100
backend-ops-release-compatibility-approval-evidence-packet,software-development,backend-apis,topic prefix: backend-ops,100,100
backend-ops-release-compatibility-change-impact-trace,software-development,backend-apis,topic prefix: backend-ops,100,100
backend-ops-release-compatibility-closeout-handoff-ledger,software-development,backend-apis,topic prefix: backend-ops,100,100
backend-ops-release-compatibility-completeness-reconciliation,software-development,backend-apis,topic prefix: backend-ops,100,100
backend-ops-release-compatibility-exception-triage-queue,software-development,backend-apis,topic prefix: backend-ops,100,100
backend-ops-release-compatibility-recovery-readiness-drill,software-development,backend-apis,topic prefix: backend-ops,100,100
backend-ops-release-compatibility-scenario-sensitivity-matrix,software-development,backend-apis,topic prefix: backend-ops,100,100
backend-ops-release-compatibility-scope-intake-gate,software-development,backend-apis,topic prefix: backend-ops,100,100
backend-ops-release-compatibility-source-provenance-ledger,software-development,backend-apis,topic prefix: backend-ops,100,100
backend-ops-release-compatibility-threshold-rule-check,software-development,backend-apis,topic prefix: backend-ops,100,100
backtest-information-leakage-audit,business-operations,finance-accounting,topic prefix: backtest,100,100
basecamp-automation-capability-surface-map,business-operations,product-growth,topic prefix: basecamp,100,100
basecamp-automation-change-impact-assessment,business-operations,product-growth,topic prefix: basecamp,100,100
basecamp-automation-failure-triage-record,business-operations,product-growth,topic prefix: basecamp,100,100
basecamp-automation-input-output-contract,business-operations,product-growth,topic prefix: basecamp,100,100
basecamp-automation-integration-parity-trace,business-operations,product-growth,topic prefix: basecamp,100,100
basecamp-automation-performance-envelope,business-operations,product-growth,topic prefix: basecamp,100,100
basecamp-automation-permission-boundary-review,business-operations,product-growth,topic prefix: basecamp,100,100
basecamp-automation-release-handoff-record,business-operations,product-growth,topic prefix: basecamp,100,100
basecamp-automation-reproducibility-fixture-plan,business-operations,product-growth,topic prefix: basecamp,100,100
basecamp-automation-version-compatibility,business-operations,product-growth,topic prefix: basecamp,100,100
batch-files,software-development,languages-frameworks,topic prefix: batch-files,100,100
bench-read,software-development,testing-quality-release,topic prefix: bench-read,100,100
bevy-ecs-expert-capability-surface-map,software-development,languages-frameworks,topic prefix: bevy-ecs,100,100
bevy-ecs-expert-change-impact-assessment,software-development,languages-frameworks,topic prefix: bevy-ecs,100,100
bevy-ecs-expert-failure-triage-record,software-development,languages-frameworks,topic prefix: bevy-ecs,100,100
bevy-ecs-expert-input-output-contract,software-development,languages-frameworks,topic prefix: bevy-ecs,100,100
bevy-ecs-expert-integration-parity-trace,software-development,languages-frameworks,topic prefix: bevy-ecs,100,100
bevy-ecs-expert-performance-envelope,software-development,languages-frameworks,topic prefix: bevy-ecs,100,100
bevy-ecs-expert-permission-boundary-review,software-development,languages-frameworks,topic prefix: bevy-ecs,100,100
bevy-ecs-expert-release-handoff-record,software-development,languages-frameworks,topic prefix: bevy-ecs,100,100
bevy-ecs-expert-reproducibility-fixture-plan,software-development,languages-frameworks,topic prefix: bevy-ecs,100,100
bevy-ecs-expert-version-compatibility,software-development,languages-frameworks,topic prefix: bevy-ecs,100,100
bibliographic-deduplication,science-health-research,trials-research-methods,topic prefix: bibliographic,100,100
bioacoustic-recording-quality-control,science-health-research,life-sciences,topic prefix: bioacoustic,100,100
bioacoustic-species-detection-evaluation,science-health-research,life-sciences,topic prefix: bioacoustic,100,100
bioinformatics-sequence-analysis,science-health-research,life-sciences,topic prefix: bioinformatics,100,100
biomarker-evidence-landscape,science-health-research,life-sciences,topic prefix: biomarker,100,100
biomedical-figure-provenance,science-health-research,life-sciences,topic prefix: biomedical,100,100
bittorrent-client-development,software-development,backend-apis,topic prefix: bittorrent,100,100
blender-animation,creative-media-design,image-3d,topic prefix: blender,100,100
blender-mcp,creative-media-design,image-3d,topic prefix: blender,100,100
blender-modeling,creative-media-design,image-3d,topic prefix: blender,100,100
blender-production-asset-requirements-approval-evidence-packet,creative-media-design,image-3d,topic prefix: blender,100,100
blender-production-asset-requirements-change-impact-trace,creative-media-design,image-3d,topic prefix: blender,100,100
blender-production-asset-requirements-closeout-handoff-ledger,creative-media-design,image-3d,topic prefix: blender,100,100
blender-production-asset-requirements-completeness-reconciliation,creative-media-design,image-3d,topic prefix: blender,100,100
blender-production-asset-requirements-exception-triage-queue,creative-media-design,image-3d,topic prefix: blender,100,100
blender-production-asset-requirements-recovery-readiness-drill,creative-media-design,image-3d,topic prefix: blender,100,100
blender-production-asset-requirements-scenario-sensitivity-matrix,creative-media-design,image-3d,topic prefix: blender,100,100
blender-production-asset-requirements-scope-intake-gate,creative-media-design,image-3d,topic prefix: blender,100,100
blender-production-asset-requirements-source-provenance-ledger,creative-media-design,image-3d,topic prefix: blender,100,100
blender-production-asset-requirements-threshold-rule-check,creative-media-design,image-3d,topic prefix: blender,100,100
blender-production-camera-coverage-approval-evidence-packet,creative-media-design,image-3d,topic prefix: blender,100,100
blender-production-camera-coverage-change-impact-trace,creative-media-design,image-3d,topic prefix: blender,100,100
blender-production-camera-coverage-closeout-handoff-ledger,creative-media-design,image-3d,topic prefix: blender,100,100
blender-production-camera-coverage-completeness-reconciliation,creative-media-design,image-3d,topic prefix: blender,100,100
blender-production-camera-coverage-exception-triage-queue,creative-media-design,image-3d,topic prefix: blender,100,100
blender-production-camera-coverage-recovery-readiness-drill,creative-media-design,image-3d,topic prefix: blender,100,100
blender-production-camera-coverage-scenario-sensitivity-matrix,creative-media-design,image-3d,topic prefix: blender,100,100
blender-production-camera-coverage-scope-intake-gate,creative-media-design,image-3d,topic prefix: blender,100,100
blender-production-camera-coverage-source-provenance-ledger,creative-media-design,image-3d,topic prefix: blender,100,100
blender-production-camera-coverage-threshold-rule-check,creative-media-design,image-3d,topic prefix: blender,100,100
blender-production-lighting-color-approval-evidence-packet,creative-media-design,image-3d,topic prefix: blender,100,100
blender-production-lighting-color-change-impact-trace,creative-media-design,image-3d,topic prefix: blender,100,100
blender-production-lighting-color-closeout-handoff-ledger,creative-media-design,image-3d,topic prefix: blender,100,100
blender-production-lighting-color-completeness-reconciliation,creative-media-design,image-3d,topic prefix: blender,100,100
blender-production-lighting-color-exception-triage-queue,creative-media-design,image-3d,topic prefix: blender,100,100
blender-production-lighting-color-recovery-readiness-drill,creative-media-design,image-3d,topic prefix: blender,100,100
blender-production-lighting-color-scenario-sensitivity-matrix,creative-media-design,image-3d,topic prefix: blender,100,100
blender-production-lighting-color-scope-intake-gate,creative-media-design,image-3d,topic prefix: blender,100,100
blender-production-lighting-color-source-provenance-ledger,creative-media-design,image-3d,topic prefix: blender,100,100
blender-production-lighting-color-threshold-rule-check,creative-media-design,image-3d,topic prefix: blender,100,100
blender-production-material-provenance-approval-evidence-packet,creative-media-design,image-3d,topic prefix: blender,100,100
blender-production-material-provenance-change-impact-trace,creative-media-design,image-3d,topic prefix: blender,100,100
blender-production-material-provenance-closeout-handoff-ledger,creative-media-design,image-3d,topic prefix: blender,100,100
blender-production-material-provenance-completeness-reconciliation,creative-media-design,image-3d,topic prefix: blender,100,100
blender-production-material-provenance-exception-triage-queue,creative-media-design,image-3d,topic prefix: blender,100,100
blender-production-material-provenance-recovery-readiness-drill,creative-media-design,image-3d,topic prefix: blender,100,100
blender-production-material-provenance-scenario-sensitivity-matrix,creative-media-design,image-3d,topic prefix: blender,100,100
blender-production-material-provenance-scope-intake-gate,creative-media-design,image-3d,topic prefix: blender,100,100
blender-production-material-provenance-source-provenance-ledger,creative-media-design,image-3d,topic prefix: blender,100,100
blender-production-material-provenance-threshold-rule-check,creative-media-design,image-3d,topic prefix: blender,100,100
blender-production-mesh-integrity-approval-evidence-packet,creative-media-design,image-3d,topic prefix: blender,100,100
blender-production-mesh-integrity-change-impact-trace,creative-media-design,image-3d,topic prefix: blender,100,100
blender-production-mesh-integrity-closeout-handoff-ledger,creative-media-design,image-3d,topic prefix: blender,100,100
blender-production-mesh-integrity-completeness-reconciliation,creative-media-design,image-3d,topic prefix: blender,100,100
blender-production-mesh-integrity-exception-triage-queue,creative-media-design,image-3d,topic prefix: blender,100,100
blender-production-mesh-integrity-recovery-readiness-drill,creative-media-design,image-3d,topic prefix: blender,100,100
blender-production-mesh-integrity-scenario-sensitivity-matrix,creative-media-design,image-3d,topic prefix: blender,100,100
blender-production-mesh-integrity-scope-intake-gate,creative-media-design,image-3d,topic prefix: blender,100,100
blender-production-mesh-integrity-source-provenance-ledger,creative-media-design,image-3d,topic prefix: blender,100,100
blender-production-mesh-integrity-threshold-rule-check,creative-media-design,image-3d,topic prefix: blender,100,100
blender-production-node-dependencies-approval-evidence-packet,creative-media-design,image-3d,topic prefix: blender,100,100
blender-production-node-dependencies-change-impact-trace,creative-media-design,image-3d,topic prefix: blender,100,100
blender-production-node-dependencies-closeout-handoff-ledger,creative-media-design,image-3d,topic prefix: blender,100,100
blender-production-node-dependencies-completeness-reconciliation,creative-media-design,image-3d,topic prefix: blender,100,100
blender-production-node-dependencies-exception-triage-queue,creative-media-design,image-3d,topic prefix: blender,100,100
blender-production-node-dependencies-recovery-readiness-drill,creative-media-design,image-3d,topic prefix: blender,100,100
blender-production-node-dependencies-scenario-sensitivity-matrix,creative-media-design,image-3d,topic prefix: blender,100,100
blender-production-node-dependencies-scope-intake-gate,creative-media-design,image-3d,topic prefix: blender,100,100
blender-production-node-dependencies-source-provenance-ledger,creative-media-design,image-3d,topic prefix: blender,100,100
blender-production-node-dependencies-threshold-rule-check,creative-media-design,image-3d,topic prefix: blender,100,100
blender-production-project-handoff-approval-evidence-packet,creative-media-design,image-3d,topic prefix: blender,100,100
blender-production-project-handoff-change-impact-trace,creative-media-design,image-3d,topic prefix: blender,100,100
blender-production-project-handoff-closeout-handoff-ledger,creative-media-design,image-3d,topic prefix: blender,100,100
blender-production-project-handoff-completeness-reconciliation,creative-media-design,image-3d,topic prefix: blender,100,100
blender-production-project-handoff-exception-triage-queue,creative-media-design,image-3d,topic prefix: blender,100,100
blender-production-project-handoff-recovery-readiness-drill,creative-media-design,image-3d,topic prefix: blender,100,100
blender-production-project-handoff-scenario-sensitivity-matrix,creative-media-design,image-3d,topic prefix: blender,100,100
blender-production-project-handoff-scope-intake-gate,creative-media-design,image-3d,topic prefix: blender,100,100
blender-production-project-handoff-source-provenance-ledger,creative-media-design,image-3d,topic prefix: blender,100,100
blender-production-project-handoff-threshold-rule-check,creative-media-design,image-3d,topic prefix: blender,100,100
blender-production-render-budget-approval-evidence-packet,creative-media-design,image-3d,topic prefix: blender,100,100
blender-production-render-budget-change-impact-trace,creative-media-design,image-3d,topic prefix: blender,100,100
blender-production-render-budget-closeout-handoff-ledger,creative-media-design,image-3d,topic prefix: blender,100,100
blender-production-render-budget-completeness-reconciliation,creative-media-design,image-3d,topic prefix: blender,100,100
blender-production-render-budget-exception-triage-queue,creative-media-design,image-3d,topic prefix: blender,100,100
blender-production-render-budget-recovery-readiness-drill,creative-media-design,image-3d,topic prefix: blender,100,100
blender-production-render-budget-scenario-sensitivity-matrix,creative-media-design,image-3d,topic prefix: blender,100,100
blender-production-render-budget-scope-intake-gate,creative-media-design,image-3d,topic prefix: blender,100,100
blender-production-render-budget-source-provenance-ledger,creative-media-design,image-3d,topic prefix: blender,100,100
blender-production-render-budget-threshold-rule-check,creative-media-design,image-3d,topic prefix: blender,100,100
blender-production-rig-continuity-approval-evidence-packet,creative-media-design,image-3d,topic prefix: blender,100,100
blender-production-rig-continuity-change-impact-trace,creative-media-design,image-3d,topic prefix: blender,100,100
blender-production-rig-continuity-closeout-handoff-ledger,creative-media-design,image-3d,topic prefix: blender,100,100
blender-production-rig-continuity-completeness-reconciliation,creative-media-design,image-3d,topic prefix: blender,100,100
blender-production-rig-continuity-exception-triage-queue,creative-media-design,image-3d,topic prefix: blender,100,100
blender-production-rig-continuity-recovery-readiness-drill,creative-media-design,image-3d,topic prefix: blender,100,100
blender-production-rig-continuity-scenario-sensitivity-matrix,creative-media-design,image-3d,topic prefix: blender,100,100
blender-production-rig-continuity-scope-intake-gate,creative-media-design,image-3d,topic prefix: blender,100,100
blender-production-rig-continuity-source-provenance-ledger,creative-media-design,image-3d,topic prefix: blender,100,100
blender-production-rig-continuity-threshold-rule-check,creative-media-design,image-3d,topic prefix: blender,100,100
blender-production-simulation-cache-approval-evidence-packet,creative-media-design,image-3d,topic prefix: blender,100,100
blender-production-simulation-cache-change-impact-trace,creative-media-design,image-3d,topic prefix: blender,100,100
blender-production-simulation-cache-closeout-handoff-ledger,creative-media-design,image-3d,topic prefix: blender,100,100
blender-production-simulation-cache-completeness-reconciliation,creative-media-design,image-3d,topic prefix: blender,100,100
blender-production-simulation-cache-exception-triage-queue,creative-media-design,image-3d,topic prefix: blender,100,100
blender-production-simulation-cache-recovery-readiness-drill,creative-media-design,image-3d,topic prefix: blender,100,100
blender-production-simulation-cache-scenario-sensitivity-matrix,creative-media-design,image-3d,topic prefix: blender,100,100
blender-production-simulation-cache-scope-intake-gate,creative-media-design,image-3d,topic prefix: blender,100,100
blender-production-simulation-cache-source-provenance-ledger,creative-media-design,image-3d,topic prefix: blender,100,100
blender-production-simulation-cache-threshold-rule-check,creative-media-design,image-3d,topic prefix: blender,100,100
blockchain-cryptocurrency-development,software-development,backend-apis,topic prefix: blockchain-cryptocurrency,100,100
bom-component-sourcing,engineering-industry,electronics-hardware,metadata keywords: electronics,2,2
bot-development,ai-agent-systems,tools-integrations,topic prefix: bot-development,100,100
broker-permission-and-kill-switch-review,business-operations,insurance,metadata keywords: broker-,5,3
browser-accessibility-locator-fallback-policy,software-development,frontend,topic prefix: browser-accessibility,100,100
browser-accessibility-snapshot-diff-evaluation,software-development,frontend,topic prefix: browser-accessibility,100,100
browser-account-settings-change-preview,software-development,frontend,metadata keywords: browser-,5,5
browser-ambiguous-identity-human-handoff,software-development,frontend,metadata keywords: browser-,5,5
browser-api-replay-write-safety-review,software-development,backend-apis,"metadata keywords: api-, api/",10,5
browser-archive-extraction-path-traversal-review,software-development,frontend,metadata keywords: browser-,5,5
browser-async-spinner-and-network-idle-policy,software-development,frontend,metadata keywords: browser-,5,5
browser-auth-cookie-storage-boundary-audit,software-development,frontend,metadata keywords: browser-,5,5
browser-auth-state-transfer-minimization,software-development,frontend,metadata keywords: browser-,5,5
browser-authenticated-form-fill-approval,software-development,frontend,metadata keywords: browser-,5,5
browser-automation-rate-limit-and-throttle,software-development,frontend,metadata keywords: browser-,5,5
browser-background-tab-visibility-policy,software-development,frontend,metadata keywords: browser-,5,5
browser-beforeunload-unsaved-work-safeguard,software-development,frontend,metadata keywords: browser-,5,5
browser-browser-profile-decommissioning,software-development,frontend,metadata keywords: browser-,5,5
browser-cache-service-worker-state-reset,software-development,frontend,metadata keywords: browser-,5,3
browser-captcha-and-bot-challenge-escalation,software-development,frontend,metadata keywords: browser-,5,5
browser-cdp-endpoint-ownership-review,software-development,frontend,metadata keywords: browser-,5,3
browser-checkout-read-only-rehearsal,software-development,frontend,metadata keywords: browser-,5,5
browser-concurrent-tab-action-race-test,software-development,testing-quality-release,browser verification/testing topic,100,100
browser-console-error-signal-triage,software-development,frontend,metadata keywords: browser-,5,3
browser-console-source-map-error-trace,software-development,frontend,metadata keywords: browser-,5,5
browser-coordinate-click-layout-revalidation,software-development,frontend,metadata keywords: browser-,5,5
browser-copy-paste-boundary-review,software-development,frontend,metadata keywords: browser-,5,5
browser-crash-recovery-session-check,software-development,frontend,metadata keywords: browser-,5,3
browser-cross-account-context-reset,software-development,frontend,metadata keywords: browser-,5,5
browser-cross-browser-compatibility-matrix,software-development,testing-quality-release,browser verification/testing topic,100,100
browser-cross-tab-form-state-conflict,software-development,frontend,metadata keywords: browser-,5,3
browser-custom-dropdown-selection-verification,software-development,frontend,metadata keywords: browser-,5,5
browser-destructive-action-confirmation-scope,software-development,frontend,metadata keywords: browser-,5,5
browser-double-submit-idempotency-check,software-development,frontend,metadata keywords: browser-,5,5
browser-download-completion-integrity-check,software-development,frontend,metadata keywords: browser-,5,5
browser-download-quarantine-and-malware-triage,software-development,frontend,metadata keywords: browser-,5,5
browser-drag-and-drop-acceptance-test,software-development,testing-quality-release,browser verification/testing topic,100,100
browser-expiring-auth-session-refresh-test,software-development,testing-quality-release,browser verification/testing topic,100,100
browser-file-upload-type-and-size-preflight,software-development,frontend,metadata keywords: browser-,5,5
browser-font-loading-layout-shift-diagnosis,software-development,frontend,"metadata keywords: layout-shift, browser-",14,14
browser-form-autofill-data-boundary,software-development,frontend,metadata keywords: browser-,5,5
browser-form-boundary-validation-loop,software-development,frontend,metadata keywords: browser-,5,3
browser-form-submission-preview-gate,software-development,frontend,metadata keywords: browser-,5,5
browser-form-validation-boundary-test,software-development,testing-quality-release,browser verification/testing topic,100,100
browser-frontend-error-source-map-exposure,software-development,frontend,"metadata keywords: frontend, browser-",10,10
browser-hover-only-control-reachability,software-development,frontend,metadata keywords: browser-,5,5
browser-identity-provider-human-handoff,software-development,frontend,metadata keywords: browser-,5,5
browser-iframe-origin-data-boundary-review,software-development,frontend,metadata keywords: browser-,5,5
browser-infinite-scroll-completeness-policy,software-development,frontend,metadata keywords: browser-,5,5
browser-journey-state-ledger-capture,software-development,frontend,"metadata keywords: ui-, browser-",7,7
browser-keyboard-focus-and-activation-path,software-development,frontend,"metadata keywords: keyboard-focus, browser-",14,12
browser-local-storage-token-handling,software-development,frontend,metadata keywords: browser-,5,5
browser-locale-timezone-form-input-audit,software-development,frontend,metadata keywords: browser-,5,5
browser-location-camera-microphone-consent-review,software-development,frontend,metadata keywords: browser-,5,5
browser-modal-dialog-approval-policy,software-development,frontend,metadata keywords: browser-,5,5
browser-multi-step-wizard-state-transition,software-development,frontend,metadata keywords: browser-,5,5
browser-native-dropdown-state-validation,software-development,frontend,metadata keywords: browser-,5,5
browser-navigation-readiness-condition-review,software-development,frontend,metadata keywords: browser-,5,5
browser-navigation-to-private-network-guard,software-development,frontend,metadata keywords: browser-,5,5
browser-network-egress-allowlist-review,software-development,frontend,metadata keywords: browser-,5,5
browser-network-request-correlation-review,software-development,frontend,metadata keywords: browser-,5,5
browser-network-response-body-minimization,software-development,frontend,metadata keywords: browser-,5,5
browser-network-trace-credential-redaction,software-development,frontend,metadata keywords: browser-,5,5
browser-offline-reconnect-state-validation,software-development,frontend,metadata keywords: browser-,5,3
browser-page-content-injection-defense,software-development,frontend,metadata keywords: browser-,5,3
browser-paginated-data-extraction-provenance,software-development,frontend,metadata keywords: browser-,5,5
browser-parallel-session-cookie-isolation,software-development,frontend,metadata keywords: browser-,5,3
browser-pdf-export-data-redaction-audit,software-development,frontend,metadata keywords: browser-,5,5
browser-performance-trace-sampling-plan,software-development,frontend,metadata keywords: browser-,5,5
browser-permission-prompt-denial-path-validation,software-development,frontend,metadata keywords: browser-,5,3
browser-print-to-pdf-pagination-validation,software-development,testing-quality-release,browser verification/testing topic,100,100
browser-profile-selection-consent-review,software-development,frontend,metadata keywords: browser-,5,5
browser-public-content-post-approval-gate,software-development,frontend,metadata keywords: browser-,5,5
browser-purchase-stop-before-confirmation-gate,software-development,frontend,metadata keywords: browser-,5,5
browser-qa-and-ui-verification,software-development,testing-quality-release,browser verification/testing topic,100,100
browser-quick-menu-and-shortcut-state-test,software-development,testing-quality-release,browser verification/testing topic,100,100
browser-redirect-chain-scope-validation,software-development,frontend,metadata keywords: browser-,5,5
browser-request-failure-source-attribution,software-development,frontend,metadata keywords: browser-,5,5
browser-request-header-origin-scope-audit,software-development,frontend,metadata keywords: browser-,5,5
browser-screenshot-baseline-comparability-review,software-development,frontend,"metadata keywords: visual-regression, browser-",8,6
browser-screenshot-pii-redaction-check,software-development,frontend,metadata keywords: browser-,5,5
browser-session-cleanup-idempotency-review,software-development,frontend,metadata keywords: browser-,5,5
browser-session-origin-isolation-audit,software-development,frontend,metadata keywords: browser-,5,5
browser-session-state-encryption-review,software-development,frontend,metadata keywords: browser-,5,5
browser-session-target-account-change-gate,software-development,frontend,metadata keywords: browser-,5,5
browser-session-tenant-isolation-test,software-development,testing-quality-release,browser verification/testing topic,100,100
browser-session-timeout-recovery-policy,software-development,frontend,metadata keywords: browser-,5,3
browser-session-token-redaction,software-development,frontend,metadata keywords: browser-,5,5
browser-shadow-dom-interaction-boundary,software-development,frontend,"metadata keywords: component-, browser-",7,7
browser-spa-route-transition-verification,software-development,frontend,metadata keywords: browser-,5,5
browser-stale-cdp-target-recovery,software-development,frontend,metadata keywords: browser-,5,5
browser-stale-element-reference-revalidation,software-development,frontend,metadata keywords: browser-,5,5
browser-tab-identity-and-visible-order-audit,software-development,frontend,metadata keywords: browser-,5,5
browser-tab-spawn-and-close-lifecycle,software-development,frontend,metadata keywords: browser-,5,5
browser-table-extraction-row-completeness-review,software-development,frontend,metadata keywords: browser-,5,5
browser-target-url-approval-policy,software-development,frontend,metadata keywords: browser-,5,5
browser-test-fixture-data-isolation,software-development,testing-quality-release,browser verification/testing topic,100,100
browser-third-party-cookie-dependency-review,software-development,frontend,metadata keywords: browser-,5,0
browser-timezone-boundary-reproduction,software-development,frontend,"metadata keywords: ui-, browser-",7,7
browser-tracking-consent-and-telemetry-review,software-development,frontend,metadata keywords: browser-,5,5
browser-unsaved-form-recovery-test,software-development,testing-quality-release,browser verification/testing topic,100,100
browser-upload-file-sensitivity-consent-review,software-development,frontend,metadata keywords: browser-,5,5
browser-user-visible-outcome-evidence,software-development,frontend,metadata keywords: browser-,5,5
browser-video-capture-consent-and-retention,software-development,frontend,metadata keywords: browser-,5,5
browser-viewport-and-scroll-reachability-review,software-development,frontend,metadata keywords: browser-,5,5
browser-visual-regression-flake-triage,software-development,testing-quality-release,browser verification/testing topic,100,100
browser-web-vitals-user-journey-measurement,software-development,frontend,metadata keywords: browser-,5,5
browser-websocket-reconnect-continuity-test,software-development,testing-quality-release,browser verification/testing topic,100,100
built-env-change-orders-approval-evidence-packet,engineering-industry,construction-built-environment,topic prefix: built-env,100,100
built-env-change-orders-change-impact-trace,engineering-industry,construction-built-environment,topic prefix: built-env,100,100
built-env-change-orders-closeout-handoff-ledger,engineering-industry,construction-built-environment,topic prefix: built-env,100,100
built-env-change-orders-completeness-reconciliation,engineering-industry,construction-built-environment,topic prefix: built-env,100,100
built-env-change-orders-exception-triage-queue,engineering-industry,construction-built-environment,topic prefix: built-env,100,100
built-env-change-orders-recovery-readiness-drill,engineering-industry,construction-built-environment,topic prefix: built-env,100,100
built-env-change-orders-scenario-sensitivity-matrix,engineering-industry,construction-built-environment,topic prefix: built-env,100,100
built-env-change-orders-scope-intake-gate,engineering-industry,construction-built-environment,topic prefix: built-env,100,100
built-env-change-orders-source-provenance-ledger,engineering-industry,construction-built-environment,topic prefix: built-env,100,100
built-env-change-orders-threshold-rule-check,engineering-industry,construction-built-environment,topic prefix: built-env,100,100
built-env-commissioning-approval-evidence-packet,engineering-industry,construction-built-environment,topic prefix: built-env,100,100
built-env-commissioning-change-impact-trace,engineering-industry,construction-built-environment,topic prefix: built-env,100,100
built-env-commissioning-closeout-handoff-ledger,engineering-industry,construction-built-environment,topic prefix: built-env,100,100
built-env-commissioning-completeness-reconciliation,engineering-industry,construction-built-environment,topic prefix: built-env,100,100
built-env-commissioning-exception-triage-queue,engineering-industry,construction-built-environment,topic prefix: built-env,100,100
built-env-commissioning-recovery-readiness-drill,engineering-industry,construction-built-environment,topic prefix: built-env,100,100
built-env-commissioning-scenario-sensitivity-matrix,engineering-industry,construction-built-environment,topic prefix: built-env,100,100
built-env-commissioning-scope-intake-gate,engineering-industry,construction-built-environment,topic prefix: built-env,100,100
built-env-commissioning-source-provenance-ledger,engineering-industry,construction-built-environment,topic prefix: built-env,100,100
built-env-commissioning-threshold-rule-check,engineering-industry,construction-built-environment,topic prefix: built-env,100,100
built-env-design-approval-evidence-packet,engineering-industry,construction-built-environment,topic prefix: built-env,100,100
built-env-design-change-impact-trace,engineering-industry,construction-built-environment,topic prefix: built-env,100,100
built-env-design-closeout-handoff-ledger,engineering-industry,construction-built-environment,topic prefix: built-env,100,100
built-env-design-completeness-reconciliation,engineering-industry,construction-built-environment,topic prefix: built-env,100,100
built-env-design-exception-triage-queue,engineering-industry,construction-built-environment,topic prefix: built-env,100,100
built-env-design-recovery-readiness-drill,engineering-industry,construction-built-environment,topic prefix: built-env,100,100
built-env-design-scenario-sensitivity-matrix,engineering-industry,construction-built-environment,topic prefix: built-env,100,100
built-env-design-scope-intake-gate,engineering-industry,construction-built-environment,topic prefix: built-env,100,100
built-env-design-source-provenance-ledger,engineering-industry,construction-built-environment,topic prefix: built-env,100,100
built-env-design-threshold-rule-check,engineering-industry,construction-built-environment,topic prefix: built-env,100,100
built-env-estimating-approval-evidence-packet,engineering-industry,construction-built-environment,topic prefix: built-env,100,100
built-env-estimating-change-impact-trace,engineering-industry,construction-built-environment,topic prefix: built-env,100,100
built-env-estimating-closeout-handoff-ledger,engineering-industry,construction-built-environment,topic prefix: built-env,100,100
built-env-estimating-completeness-reconciliation,engineering-industry,construction-built-environment,topic prefix: built-env,100,100
built-env-estimating-exception-triage-queue,engineering-industry,construction-built-environment,topic prefix: built-env,100,100
built-env-estimating-recovery-readiness-drill,engineering-industry,construction-built-environment,topic prefix: built-env,100,100
built-env-estimating-scenario-sensitivity-matrix,engineering-industry,construction-built-environment,topic prefix: built-env,100,100
built-env-estimating-scope-intake-gate,engineering-industry,construction-built-environment,topic prefix: built-env,100,100
built-env-estimating-source-provenance-ledger,engineering-industry,construction-built-environment,topic prefix: built-env,100,100
built-env-estimating-threshold-rule-check,engineering-industry,construction-built-environment,topic prefix: built-env,100,100
built-env-facilities-approval-evidence-packet,engineering-industry,construction-built-environment,topic prefix: built-env,100,100
built-env-facilities-change-impact-trace,engineering-industry,construction-built-environment,topic prefix: built-env,100,100
built-env-facilities-closeout-handoff-ledger,engineering-industry,construction-built-environment,topic prefix: built-env,100,100
built-env-facilities-completeness-reconciliation,engineering-industry,construction-built-environment,topic prefix: built-env,100,100
built-env-facilities-exception-triage-queue,engineering-industry,construction-built-environment,topic prefix: built-env,100,100
built-env-facilities-recovery-readiness-drill,engineering-industry,construction-built-environment,topic prefix: built-env,100,100
built-env-facilities-scenario-sensitivity-matrix,engineering-industry,construction-built-environment,topic prefix: built-env,100,100
built-env-facilities-scope-intake-gate,engineering-industry,construction-built-environment,topic prefix: built-env,100,100
built-env-facilities-source-provenance-ledger,engineering-industry,construction-built-environment,topic prefix: built-env,100,100
built-env-facilities-threshold-rule-check,engineering-industry,construction-built-environment,topic prefix: built-env,100,100
built-env-field-quality-approval-evidence-packet,engineering-industry,construction-built-environment,topic prefix: built-env,100,100
built-env-field-quality-change-impact-trace,engineering-industry,construction-built-environment,topic prefix: built-env,100,100
built-env-field-quality-closeout-handoff-ledger,engineering-industry,construction-built-environment,topic prefix: built-env,100,100
built-env-field-quality-completeness-reconciliation,engineering-industry,construction-built-environment,topic prefix: built-env,100,100
built-env-field-quality-exception-triage-queue,engineering-industry,construction-built-environment,topic prefix: built-env,100,100
built-env-field-quality-recovery-readiness-drill,engineering-industry,construction-built-environment,topic prefix: built-env,100,100
built-env-field-quality-scenario-sensitivity-matrix,engineering-industry,construction-built-environment,topic prefix: built-env,100,100
built-env-field-quality-scope-intake-gate,engineering-industry,construction-built-environment,topic prefix: built-env,100,100
built-env-field-quality-source-provenance-ledger,engineering-industry,construction-built-environment,topic prefix: built-env,100,100
built-env-field-quality-threshold-rule-check,engineering-industry,construction-built-environment,topic prefix: built-env,100,100
built-env-permits-approval-evidence-packet,engineering-industry,construction-built-environment,topic prefix: built-env,100,100
built-env-permits-change-impact-trace,engineering-industry,construction-built-environment,topic prefix: built-env,100,100
built-env-permits-closeout-handoff-ledger,engineering-industry,construction-built-environment,topic prefix: built-env,100,100
built-env-permits-completeness-reconciliation,engineering-industry,construction-built-environment,topic prefix: built-env,100,100
built-env-permits-exception-triage-queue,engineering-industry,construction-built-environment,topic prefix: built-env,100,100
built-env-permits-recovery-readiness-drill,engineering-industry,construction-built-environment,topic prefix: built-env,100,100
built-env-permits-scenario-sensitivity-matrix,engineering-industry,construction-built-environment,topic prefix: built-env,100,100
built-env-permits-scope-intake-gate,engineering-industry,construction-built-environment,topic prefix: built-env,100,100
built-env-permits-source-provenance-ledger,engineering-industry,construction-built-environment,topic prefix: built-env,100,100
built-env-permits-threshold-rule-check,engineering-industry,construction-built-environment,topic prefix: built-env,100,100
built-env-safety-docs-approval-evidence-packet,engineering-industry,construction-built-environment,topic prefix: built-env,100,100
built-env-safety-docs-change-impact-trace,engineering-industry,construction-built-environment,topic prefix: built-env,100,100
built-env-safety-docs-closeout-handoff-ledger,engineering-industry,construction-built-environment,topic prefix: built-env,100,100
built-env-safety-docs-completeness-reconciliation,engineering-industry,construction-built-environment,topic prefix: built-env,100,100
built-env-safety-docs-exception-triage-queue,engineering-industry,construction-built-environment,topic prefix: built-env,100,100
built-env-safety-docs-recovery-readiness-drill,engineering-industry,construction-built-environment,topic prefix: built-env,100,100
built-env-safety-docs-scenario-sensitivity-matrix,engineering-industry,construction-built-environment,topic prefix: built-env,100,100
built-env-safety-docs-scope-intake-gate,engineering-industry,construction-built-environment,topic prefix: built-env,100,100
built-env-safety-docs-source-provenance-ledger,engineering-industry,construction-built-environment,topic prefix: built-env,100,100
built-env-safety-docs-threshold-rule-check,engineering-industry,construction-built-environment,topic prefix: built-env,100,100
built-env-schedule-approval-evidence-packet,engineering-industry,construction-built-environment,topic prefix: built-env,100,100
built-env-schedule-change-impact-trace,engineering-industry,construction-built-environment,topic prefix: built-env,100,100
built-env-schedule-closeout-handoff-ledger,engineering-industry,construction-built-environment,topic prefix: built-env,100,100
built-env-schedule-completeness-reconciliation,engineering-industry,construction-built-environment,topic prefix: built-env,100,100
built-env-schedule-exception-triage-queue,engineering-industry,construction-built-environment,topic prefix: built-env,100,100
built-env-schedule-recovery-readiness-drill,engineering-industry,construction-built-environment,topic prefix: built-env,100,100
built-env-schedule-scenario-sensitivity-matrix,engineering-industry,construction-built-environment,topic prefix: built-env,100,100
built-env-schedule-scope-intake-gate,engineering-industry,construction-built-environment,topic prefix: built-env,100,100
built-env-schedule-source-provenance-ledger,engineering-industry,construction-built-environment,topic prefix: built-env,100,100
built-env-schedule-threshold-rule-check,engineering-industry,construction-built-environment,topic prefix: built-env,100,100
built-env-site-approval-evidence-packet,engineering-industry,construction-built-environment,topic prefix: built-env,100,100
built-env-site-change-impact-trace,engineering-industry,construction-built-environment,topic prefix: built-env,100,100
built-env-site-closeout-handoff-ledger,engineering-industry,construction-built-environment,topic prefix: built-env,100,100
built-env-site-completeness-reconciliation,engineering-industry,construction-built-environment,topic prefix: built-env,100,100
built-env-site-exception-triage-queue,engineering-industry,construction-built-environment,topic prefix: built-env,100,100
built-env-site-recovery-readiness-drill,engineering-industry,construction-built-environment,topic prefix: built-env,100,100
built-env-site-scenario-sensitivity-matrix,engineering-industry,construction-built-environment,topic prefix: built-env,100,100
built-env-site-scope-intake-gate,engineering-industry,construction-built-environment,topic prefix: built-env,100,100
built-env-site-source-provenance-ledger,engineering-industry,construction-built-environment,topic prefix: built-env,100,100
built-env-site-threshold-rule-check,engineering-industry,construction-built-environment,topic prefix: built-env,100,100
calendar-agenda-briefing,business-operations,product-growth,metadata keywords: calendar-,5,5
calendar-conflict-audit,business-operations,product-growth,metadata keywords: calendar-,5,5
camera-analytics-incident-evidence-preservation,data-analytics,analytics-visualization,metadata keywords: analytics,5,5
camera-privacy-redaction-before-cloud-review,cloud-infrastructure-security,security-privacy,metadata keywords: privacy,5,0
camera-trap-detection-model-evaluation,science-health-research,life-sciences,topic prefix: camera-trap,100,100
case-control-study-planning,science-health-research,trials-research-methods,metadata keywords: study-planning,9,9
causal-inference-study-planning,science-health-research,statistics-evidence,topic prefix: causal-inference,100,100
cfd-conservation-and-convergence-audit,engineering-industry,manufacturing-quality,metadata keywords: cfd-,5,5
chart-series-source-row-value-trace,data-analytics,analytics-visualization,metadata keywords: chart-,5,5
checkpoint-artifact-hash-consistency-validator,software-development,testing-quality-release,topic prefix: checkpoint-artifact,100,100
chrome-devtools,software-development,architecture-devtools,metadata keywords: devtools,5,3
ci-log-secret-redaction-summary-gate,cloud-infrastructure-security,security-privacy,topic prefix: ci-log-secret,100,100
citation-fragment-destination-repair,science-health-research,trials-research-methods,topic prefix: citation-fragment,100,100
civic-ops-communications-approval-evidence-packet,education-public-service,public-service-operations,civic operations service topic,100,100
civic-ops-communications-change-impact-trace,education-public-service,public-service-operations,civic operations service topic,100,100
civic-ops-communications-closeout-handoff-ledger,education-public-service,public-service-operations,civic operations service topic,100,100
civic-ops-communications-completeness-reconciliation,education-public-service,public-service-operations,civic operations service topic,100,100
civic-ops-communications-exception-triage-queue,education-public-service,public-service-operations,civic operations service topic,100,100
civic-ops-communications-recovery-readiness-drill,education-public-service,public-service-operations,civic operations service topic,100,100
civic-ops-communications-scenario-sensitivity-matrix,education-public-service,public-service-operations,civic operations service topic,100,100
civic-ops-communications-scope-intake-gate,education-public-service,public-service-operations,civic operations service topic,100,100
civic-ops-communications-source-provenance-ledger,education-public-service,public-service-operations,civic operations service topic,100,100
civic-ops-communications-threshold-rule-check,education-public-service,public-service-operations,civic operations service topic,100,100
civic-ops-constituent-approval-evidence-packet,education-public-service,public-service-operations,civic operations service topic,100,100
civic-ops-constituent-change-impact-trace,education-public-service,public-service-operations,civic operations service topic,100,100
civic-ops-constituent-closeout-handoff-ledger,education-public-service,public-service-operations,civic operations service topic,100,100
civic-ops-constituent-completeness-reconciliation,education-public-service,public-service-operations,civic operations service topic,100,100
civic-ops-constituent-exception-triage-queue,education-public-service,public-service-operations,civic operations service topic,100,100
civic-ops-constituent-recovery-readiness-drill,education-public-service,public-service-operations,civic operations service topic,100,100
civic-ops-constituent-scenario-sensitivity-matrix,education-public-service,public-service-operations,civic operations service topic,100,100
civic-ops-constituent-scope-intake-gate,education-public-service,public-service-operations,civic operations service topic,100,100
civic-ops-constituent-source-provenance-ledger,education-public-service,public-service-operations,civic operations service topic,100,100
civic-ops-constituent-threshold-rule-check,education-public-service,public-service-operations,civic operations service topic,100,100
civic-ops-governance-approval-evidence-packet,education-public-service,civic-government,civic operations government topic,100,100
civic-ops-governance-change-impact-trace,education-public-service,civic-government,civic operations government topic,100,100
civic-ops-governance-closeout-handoff-ledger,education-public-service,civic-government,civic operations government topic,100,100
civic-ops-governance-completeness-reconciliation,education-public-service,civic-government,civic operations government topic,100,100
civic-ops-governance-exception-triage-queue,education-public-service,civic-government,civic operations government topic,100,100
civic-ops-governance-recovery-readiness-drill,education-public-service,civic-government,civic operations government topic,100,100
civic-ops-governance-scenario-sensitivity-matrix,education-public-service,civic-government,civic operations government topic,100,100
civic-ops-governance-scope-intake-gate,education-public-service,civic-government,civic operations government topic,100,100
civic-ops-governance-source-provenance-ledger,education-public-service,civic-government,civic operations government topic,100,100
civic-ops-governance-threshold-rule-check,education-public-service,civic-government,civic operations government topic,100,100
civic-ops-grants-approval-evidence-packet,education-public-service,nonprofit-community,civic operations nonprofit/community topic,100,100
civic-ops-grants-change-impact-trace,education-public-service,nonprofit-community,civic operations nonprofit/community topic,100,100
civic-ops-grants-closeout-handoff-ledger,education-public-service,nonprofit-community,civic operations nonprofit/community topic,100,100
civic-ops-grants-completeness-reconciliation,education-public-service,nonprofit-community,civic operations nonprofit/community topic,100,100
civic-ops-grants-exception-triage-queue,education-public-service,nonprofit-community,civic operations nonprofit/community topic,100,100
civic-ops-grants-recovery-readiness-drill,education-public-service,nonprofit-community,civic operations nonprofit/community topic,100,100
civic-ops-grants-scenario-sensitivity-matrix,education-public-service,nonprofit-community,civic operations nonprofit/community topic,100,100
civic-ops-grants-scope-intake-gate,education-public-service,nonprofit-community,civic operations nonprofit/community topic,100,100
civic-ops-grants-source-provenance-ledger,education-public-service,nonprofit-community,civic operations nonprofit/community topic,100,100
civic-ops-grants-threshold-rule-check,education-public-service,nonprofit-community,civic operations nonprofit/community topic,100,100
civic-ops-policy-approval-evidence-packet,education-public-service,civic-government,civic operations government topic,100,100
civic-ops-policy-change-impact-trace,education-public-service,civic-government,civic operations government topic,100,100
civic-ops-policy-closeout-handoff-ledger,education-public-service,civic-government,civic operations government topic,100,100
civic-ops-policy-completeness-reconciliation,education-public-service,civic-government,civic operations government topic,100,100
civic-ops-policy-exception-triage-queue,education-public-service,civic-government,civic operations government topic,100,100
civic-ops-policy-recovery-readiness-drill,education-public-service,civic-government,civic operations government topic,100,100
civic-ops-policy-scenario-sensitivity-matrix,education-public-service,civic-government,civic operations government topic,100,100
civic-ops-policy-scope-intake-gate,education-public-service,civic-government,civic operations government topic,100,100
civic-ops-policy-source-provenance-ledger,education-public-service,civic-government,civic operations government topic,100,100
civic-ops-policy-threshold-rule-check,education-public-service,civic-government,civic operations government topic,100,100
civic-ops-procurement-approval-evidence-packet,education-public-service,public-service-operations,civic operations service topic,100,100
civic-ops-procurement-change-impact-trace,education-public-service,public-service-operations,civic operations service topic,100,100
civic-ops-procurement-closeout-handoff-ledger,education-public-service,public-service-operations,civic operations service topic,100,100
civic-ops-procurement-completeness-reconciliation,education-public-service,public-service-operations,civic operations service topic,100,100
civic-ops-procurement-exception-triage-queue,education-public-service,public-service-operations,civic operations service topic,100,100
civic-ops-procurement-recovery-readiness-drill,education-public-service,public-service-operations,civic operations service topic,100,100
civic-ops-procurement-scenario-sensitivity-matrix,education-public-service,public-service-operations,civic operations service topic,100,100
civic-ops-procurement-scope-intake-gate,education-public-service,public-service-operations,civic operations service topic,100,100
civic-ops-procurement-source-provenance-ledger,education-public-service,public-service-operations,civic operations service topic,100,100
civic-ops-procurement-threshold-rule-check,education-public-service,public-service-operations,civic operations service topic,100,100
civic-ops-programs-approval-evidence-packet,education-public-service,public-service-operations,civic operations service topic,100,100
civic-ops-programs-change-impact-trace,education-public-service,public-service-operations,civic operations service topic,100,100
civic-ops-programs-closeout-handoff-ledger,education-public-service,public-service-operations,civic operations service topic,100,100
civic-ops-programs-completeness-reconciliation,education-public-service,public-service-operations,civic operations service topic,100,100
civic-ops-programs-exception-triage-queue,education-public-service,public-service-operations,civic operations service topic,100,100
civic-ops-programs-recovery-readiness-drill,education-public-service,public-service-operations,civic operations service topic,100,100
civic-ops-programs-scenario-sensitivity-matrix,education-public-service,public-service-operations,civic operations service topic,100,100
civic-ops-programs-scope-intake-gate,education-public-service,public-service-operations,civic operations service topic,100,100
civic-ops-programs-source-provenance-ledger,education-public-service,public-service-operations,civic operations service topic,100,100
civic-ops-programs-threshold-rule-check,education-public-service,public-service-operations,civic operations service topic,100,100
civic-ops-public-comment-approval-evidence-packet,education-public-service,civic-government,civic operations government topic,100,100
civic-ops-public-comment-change-impact-trace,education-public-service,civic-government,civic operations government topic,100,100
civic-ops-public-comment-closeout-handoff-ledger,education-public-service,civic-government,civic operations government topic,100,100
civic-ops-public-comment-completeness-reconciliation,education-public-service,civic-government,civic operations government topic,100,100
civic-ops-public-comment-exception-triage-queue,education-public-service,civic-government,civic operations government topic,100,100
civic-ops-public-comment-recovery-readiness-drill,education-public-service,civic-government,civic operations government topic,100,100
civic-ops-public-comment-scenario-sensitivity-matrix,education-public-service,civic-government,civic operations government topic,100,100
civic-ops-public-comment-scope-intake-gate,education-public-service,civic-government,civic operations government topic,100,100
civic-ops-public-comment-source-provenance-ledger,education-public-service,civic-government,civic operations government topic,100,100
civic-ops-public-comment-threshold-rule-check,education-public-service,civic-government,civic operations government topic,100,100
civic-ops-records-approval-evidence-packet,education-public-service,civic-government,civic operations government topic,100,100
civic-ops-records-change-impact-trace,education-public-service,civic-government,civic operations government topic,100,100
civic-ops-records-closeout-handoff-ledger,education-public-service,civic-government,civic operations government topic,100,100
civic-ops-records-completeness-reconciliation,education-public-service,civic-government,civic operations government topic,100,100
civic-ops-records-exception-triage-queue,education-public-service,civic-government,civic operations government topic,100,100
civic-ops-records-recovery-readiness-drill,education-public-service,civic-government,civic operations government topic,100,100
civic-ops-records-scenario-sensitivity-matrix,education-public-service,civic-government,civic operations government topic,100,100
civic-ops-records-scope-intake-gate,education-public-service,civic-government,civic operations government topic,100,100
civic-ops-records-source-provenance-ledger,education-public-service,civic-government,civic operations government topic,100,100
civic-ops-records-threshold-rule-check,education-public-service,civic-government,civic operations government topic,100,100
civic-ops-volunteer-approval-evidence-packet,education-public-service,nonprofit-community,civic operations nonprofit/community topic,100,100
civic-ops-volunteer-change-impact-trace,education-public-service,nonprofit-community,civic operations nonprofit/community topic,100,100
civic-ops-volunteer-closeout-handoff-ledger,education-public-service,nonprofit-community,civic operations nonprofit/community topic,100,100
civic-ops-volunteer-completeness-reconciliation,education-public-service,nonprofit-community,civic operations nonprofit/community topic,100,100
civic-ops-volunteer-exception-triage-queue,education-public-service,nonprofit-community,civic operations nonprofit/community topic,100,100
civic-ops-volunteer-recovery-readiness-drill,education-public-service,nonprofit-community,civic operations nonprofit/community topic,100,100
civic-ops-volunteer-scenario-sensitivity-matrix,education-public-service,nonprofit-community,civic operations nonprofit/community topic,100,100
civic-ops-volunteer-scope-intake-gate,education-public-service,nonprofit-community,civic operations nonprofit/community topic,100,100
civic-ops-volunteer-source-provenance-ledger,education-public-service,nonprofit-community,civic operations nonprofit/community topic,100,100
civic-ops-volunteer-threshold-rule-check,education-public-service,nonprofit-community,civic operations nonprofit/community topic,100,100
claimable-postgres-capability-surface-map,data-analytics,databases-storage,"metadata keywords: database, postgres",7,7
claimable-postgres-change-impact-assessment,data-analytics,databases-storage,"metadata keywords: database, postgres",7,7
claimable-postgres-failure-triage-record,data-analytics,databases-storage,"metadata keywords: database, postgres",7,7
claimable-postgres-input-output-contract,data-analytics,databases-storage,"metadata keywords: database, postgres",7,7
claimable-postgres-integration-parity-trace,data-analytics,databases-storage,"metadata keywords: database, postgres",7,7
claimable-postgres-performance-envelope,data-analytics,databases-storage,"metadata keywords: database, postgres",7,7
claimable-postgres-permission-boundary-review,data-analytics,databases-storage,"metadata keywords: database, postgres",7,7
claimable-postgres-release-handoff-record,data-analytics,databases-storage,"metadata keywords: database, postgres",7,7
claimable-postgres-reproducibility-fixture-plan,data-analytics,databases-storage,"metadata keywords: database, postgres",7,7
claimable-postgres-version-compatibility,data-analytics,databases-storage,"metadata keywords: database, postgres",7,7
cli-mastery,software-development,architecture-devtools,"metadata keywords: cli-, command-line",8,8
climate-ops-adaptation-approval-evidence-packet,engineering-industry,energy-climate,topic prefix: climate-ops,100,100
climate-ops-adaptation-change-impact-trace,engineering-industry,energy-climate,topic prefix: climate-ops,100,100
climate-ops-adaptation-closeout-handoff-ledger,engineering-industry,energy-climate,topic prefix: climate-ops,100,100
climate-ops-adaptation-completeness-reconciliation,engineering-industry,energy-climate,topic prefix: climate-ops,100,100
climate-ops-adaptation-exception-triage-queue,engineering-industry,energy-climate,topic prefix: climate-ops,100,100
climate-ops-adaptation-recovery-readiness-drill,engineering-industry,energy-climate,topic prefix: climate-ops,100,100
climate-ops-adaptation-scenario-sensitivity-matrix,engineering-industry,energy-climate,topic prefix: climate-ops,100,100
climate-ops-adaptation-scope-intake-gate,engineering-industry,energy-climate,topic prefix: climate-ops,100,100
climate-ops-adaptation-source-provenance-ledger,engineering-industry,energy-climate,topic prefix: climate-ops,100,100
climate-ops-adaptation-threshold-rule-check,engineering-industry,energy-climate,topic prefix: climate-ops,100,100
climate-ops-biodiversity-approval-evidence-packet,engineering-industry,energy-climate,topic prefix: climate-ops,100,100
climate-ops-biodiversity-change-impact-trace,engineering-industry,energy-climate,topic prefix: climate-ops,100,100
climate-ops-biodiversity-closeout-handoff-ledger,engineering-industry,energy-climate,topic prefix: climate-ops,100,100
climate-ops-biodiversity-completeness-reconciliation,engineering-industry,energy-climate,topic prefix: climate-ops,100,100
climate-ops-biodiversity-exception-triage-queue,engineering-industry,energy-climate,topic prefix: climate-ops,100,100
climate-ops-biodiversity-recovery-readiness-drill,engineering-industry,energy-climate,topic prefix: climate-ops,100,100
climate-ops-biodiversity-scenario-sensitivity-matrix,engineering-industry,energy-climate,topic prefix: climate-ops,100,100
climate-ops-biodiversity-scope-intake-gate,engineering-industry,energy-climate,topic prefix: climate-ops,100,100
climate-ops-biodiversity-source-provenance-ledger,engineering-industry,energy-climate,topic prefix: climate-ops,100,100
climate-ops-biodiversity-threshold-rule-check,engineering-industry,energy-climate,topic prefix: climate-ops,100,100
climate-ops-carbon-instruments-approval-evidence-packet,engineering-industry,energy-climate,topic prefix: climate-ops,100,100
climate-ops-carbon-instruments-change-impact-trace,engineering-industry,energy-climate,topic prefix: climate-ops,100,100
climate-ops-carbon-instruments-closeout-handoff-ledger,engineering-industry,energy-climate,topic prefix: climate-ops,100,100
climate-ops-carbon-instruments-completeness-reconciliation,engineering-industry,energy-climate,topic prefix: climate-ops,100,100
climate-ops-carbon-instruments-exception-triage-queue,engineering-industry,energy-climate,topic prefix: climate-ops,100,100
climate-ops-carbon-instruments-recovery-readiness-drill,engineering-industry,energy-climate,topic prefix: climate-ops,100,100
climate-ops-carbon-instruments-scenario-sensitivity-matrix,engineering-industry,energy-climate,topic prefix: climate-ops,100,100
climate-ops-carbon-instruments-scope-intake-gate,engineering-industry,energy-climate,topic prefix: climate-ops,100,100
climate-ops-carbon-instruments-source-provenance-ledger,engineering-industry,energy-climate,topic prefix: climate-ops,100,100
climate-ops-carbon-instruments-threshold-rule-check,engineering-industry,energy-climate,topic prefix: climate-ops,100,100
climate-ops-climate-risk-approval-evidence-packet,engineering-industry,energy-climate,topic prefix: climate-ops,100,100
climate-ops-climate-risk-change-impact-trace,engineering-industry,energy-climate,topic prefix: climate-ops,100,100
climate-ops-climate-risk-closeout-handoff-ledger,engineering-industry,energy-climate,topic prefix: climate-ops,100,100
climate-ops-climate-risk-completeness-reconciliation,engineering-industry,energy-climate,topic prefix: climate-ops,100,100
climate-ops-climate-risk-exception-triage-queue,engineering-industry,energy-climate,topic prefix: climate-ops,100,100
climate-ops-climate-risk-recovery-readiness-drill,engineering-industry,energy-climate,topic prefix: climate-ops,100,100
climate-ops-climate-risk-scenario-sensitivity-matrix,engineering-industry,energy-climate,topic prefix: climate-ops,100,100
climate-ops-climate-risk-scope-intake-gate,engineering-industry,energy-climate,topic prefix: climate-ops,100,100
climate-ops-climate-risk-source-provenance-ledger,engineering-industry,energy-climate,topic prefix: climate-ops,100,100
climate-ops-climate-risk-threshold-rule-check,engineering-industry,energy-climate,topic prefix: climate-ops,100,100
climate-ops-disclosure-approval-evidence-packet,engineering-industry,energy-climate,topic prefix: climate-ops,100,100
climate-ops-disclosure-change-impact-trace,engineering-industry,energy-climate,topic prefix: climate-ops,100,100
climate-ops-disclosure-closeout-handoff-ledger,engineering-industry,energy-climate,topic prefix: climate-ops,100,100
climate-ops-disclosure-completeness-reconciliation,engineering-industry,energy-climate,topic prefix: climate-ops,100,100
climate-ops-disclosure-exception-triage-queue,engineering-industry,energy-climate,topic prefix: climate-ops,100,100
climate-ops-disclosure-recovery-readiness-drill,engineering-industry,energy-climate,topic prefix: climate-ops,100,100
climate-ops-disclosure-scenario-sensitivity-matrix,engineering-industry,energy-climate,topic prefix: climate-ops,100,100
climate-ops-disclosure-scope-intake-gate,engineering-industry,energy-climate,topic prefix: climate-ops,100,100
climate-ops-disclosure-source-provenance-ledger,engineering-industry,energy-climate,topic prefix: climate-ops,100,100
climate-ops-disclosure-threshold-rule-check,engineering-industry,energy-climate,topic prefix: climate-ops,100,100
climate-ops-factor-lineage-approval-evidence-packet,engineering-industry,energy-climate,topic prefix: climate-ops,100,100
climate-ops-factor-lineage-change-impact-trace,engineering-industry,energy-climate,topic prefix: climate-ops,100,100
climate-ops-factor-lineage-closeout-handoff-ledger,engineering-industry,energy-climate,topic prefix: climate-ops,100,100
climate-ops-factor-lineage-completeness-reconciliation,engineering-industry,energy-climate,topic prefix: climate-ops,100,100
climate-ops-factor-lineage-exception-triage-queue,engineering-industry,energy-climate,topic prefix: climate-ops,100,100
climate-ops-factor-lineage-recovery-readiness-drill,engineering-industry,energy-climate,topic prefix: climate-ops,100,100
climate-ops-factor-lineage-scenario-sensitivity-matrix,engineering-industry,energy-climate,topic prefix: climate-ops,100,100
climate-ops-factor-lineage-scope-intake-gate,engineering-industry,energy-climate,topic prefix: climate-ops,100,100
climate-ops-factor-lineage-source-provenance-ledger,engineering-industry,energy-climate,topic prefix: climate-ops,100,100
climate-ops-factor-lineage-threshold-rule-check,engineering-industry,energy-climate,topic prefix: climate-ops,100,100
climate-ops-ghg-boundary-approval-evidence-packet,engineering-industry,energy-climate,topic prefix: climate-ops,100,100
climate-ops-ghg-boundary-change-impact-trace,engineering-industry,energy-climate,topic prefix: climate-ops,100,100
climate-ops-ghg-boundary-closeout-handoff-ledger,engineering-industry,energy-climate,topic prefix: climate-ops,100,100
climate-ops-ghg-boundary-completeness-reconciliation,engineering-industry,energy-climate,topic prefix: climate-ops,100,100
climate-ops-ghg-boundary-exception-triage-queue,engineering-industry,energy-climate,topic prefix: climate-ops,100,100
climate-ops-ghg-boundary-recovery-readiness-drill,engineering-industry,energy-climate,topic prefix: climate-ops,100,100
climate-ops-ghg-boundary-scenario-sensitivity-matrix,engineering-industry,energy-climate,topic prefix: climate-ops,100,100
climate-ops-ghg-boundary-scope-intake-gate,engineering-industry,energy-climate,topic prefix: climate-ops,100,100
climate-ops-ghg-boundary-source-provenance-ledger,engineering-industry,energy-climate,topic prefix: climate-ops,100,100
climate-ops-ghg-boundary-threshold-rule-check,engineering-industry,energy-climate,topic prefix: climate-ops,100,100
climate-ops-materials-waste-approval-evidence-packet,engineering-industry,energy-climate,topic prefix: climate-ops,100,100
climate-ops-materials-waste-change-impact-trace,engineering-industry,energy-climate,topic prefix: climate-ops,100,100
climate-ops-materials-waste-closeout-handoff-ledger,engineering-industry,energy-climate,topic prefix: climate-ops,100,100
climate-ops-materials-waste-completeness-reconciliation,engineering-industry,energy-climate,topic prefix: climate-ops,100,100
climate-ops-materials-waste-exception-triage-queue,engineering-industry,energy-climate,topic prefix: climate-ops,100,100
climate-ops-materials-waste-recovery-readiness-drill,engineering-industry,energy-climate,topic prefix: climate-ops,100,100
climate-ops-materials-waste-scenario-sensitivity-matrix,engineering-industry,energy-climate,topic prefix: climate-ops,100,100
climate-ops-materials-waste-scope-intake-gate,engineering-industry,energy-climate,topic prefix: climate-ops,100,100
climate-ops-materials-waste-source-provenance-ledger,engineering-industry,energy-climate,topic prefix: climate-ops,100,100
climate-ops-materials-waste-threshold-rule-check,engineering-industry,energy-climate,topic prefix: climate-ops,100,100
climate-ops-supplier-claims-approval-evidence-packet,engineering-industry,energy-climate,topic prefix: climate-ops,100,100
climate-ops-supplier-claims-change-impact-trace,engineering-industry,energy-climate,topic prefix: climate-ops,100,100
climate-ops-supplier-claims-closeout-handoff-ledger,engineering-industry,energy-climate,topic prefix: climate-ops,100,100
climate-ops-supplier-claims-completeness-reconciliation,engineering-industry,energy-climate,topic prefix: climate-ops,100,100
climate-ops-supplier-claims-exception-triage-queue,engineering-industry,energy-climate,topic prefix: climate-ops,100,100
climate-ops-supplier-claims-recovery-readiness-drill,engineering-industry,energy-climate,topic prefix: climate-ops,100,100
climate-ops-supplier-claims-scenario-sensitivity-matrix,engineering-industry,energy-climate,topic prefix: climate-ops,100,100
climate-ops-supplier-claims-scope-intake-gate,engineering-industry,energy-climate,topic prefix: climate-ops,100,100
climate-ops-supplier-claims-source-provenance-ledger,engineering-industry,energy-climate,topic prefix: climate-ops,100,100
climate-ops-supplier-claims-threshold-rule-check,engineering-industry,energy-climate,topic prefix: climate-ops,100,100
climate-ops-water-approval-evidence-packet,engineering-industry,energy-climate,topic prefix: climate-ops,100,100
climate-ops-water-change-impact-trace,engineering-industry,energy-climate,topic prefix: climate-ops,100,100
climate-ops-water-closeout-handoff-ledger,engineering-industry,energy-climate,topic prefix: climate-ops,100,100
climate-ops-water-completeness-reconciliation,engineering-industry,energy-climate,topic prefix: climate-ops,100,100
climate-ops-water-exception-triage-queue,engineering-industry,energy-climate,topic prefix: climate-ops,100,100
climate-ops-water-recovery-readiness-drill,engineering-industry,energy-climate,topic prefix: climate-ops,100,100
climate-ops-water-scenario-sensitivity-matrix,engineering-industry,energy-climate,topic prefix: climate-ops,100,100
climate-ops-water-scope-intake-gate,engineering-industry,energy-climate,topic prefix: climate-ops,100,100
climate-ops-water-source-provenance-ledger,engineering-industry,energy-climate,topic prefix: climate-ops,100,100
climate-ops-water-threshold-rule-check,engineering-industry,energy-climate,topic prefix: climate-ops,100,100
clinical-cohort-protocol-design,science-health-research,trials-research-methods,topic prefix: clinical-cohort,100,100
clinical-dataset-governance,science-health-research,trials-research-methods,topic prefix: clinical-dataset,100,100
clinical-prediction-model-validation,science-health-research,statistics-evidence,topic prefix: clinical-prediction,100,100
clinical-study-protocol-design,science-health-research,trials-research-methods,topic prefix: clinical-study,100,100
clock-domain-crossing-verification-plan,engineering-industry,electronics-hardware,topic prefix: clock-domain,100,100
clock-tree-synthesis-readiness-review,engineering-industry,electronics-hardware,topic prefix: clock-tree,100,100
cloud-identity-credential-review,cloud-infrastructure-security,security-privacy,"metadata keywords: identity, credential",10,5
cloudflare-pages-capability-surface-map,cloud-infrastructure-security,networking-edge,topic prefix: cloudflare,100,100
cloudflare-pages-change-impact-assessment,cloud-infrastructure-security,networking-edge,topic prefix: cloudflare,100,100
cloudflare-pages-failure-triage-record,cloud-infrastructure-security,networking-edge,topic prefix: cloudflare,100,100
cloudflare-pages-input-output-contract,cloud-infrastructure-security,networking-edge,topic prefix: cloudflare,100,100
cloudflare-pages-integration-parity-trace,cloud-infrastructure-security,networking-edge,topic prefix: cloudflare,100,100
cloudflare-pages-performance-envelope,cloud-infrastructure-security,networking-edge,topic prefix: cloudflare,100,100
cloudflare-pages-permission-boundary-review,cloud-infrastructure-security,networking-edge,topic prefix: cloudflare,100,100
cloudflare-pages-release-handoff-record,cloud-infrastructure-security,networking-edge,topic prefix: cloudflare,100,100
cloudflare-pages-reproducibility-fixture-plan,cloud-infrastructure-security,networking-edge,topic prefix: cloudflare,100,100
cloudflare-pages-version-compatibility,cloud-infrastructure-security,networking-edge,topic prefix: cloudflare,100,100
cloudflare-r2-capability-surface-map,cloud-infrastructure-security,networking-edge,topic prefix: cloudflare,100,100
cloudflare-r2-change-impact-assessment,cloud-infrastructure-security,networking-edge,topic prefix: cloudflare,100,100
cloudflare-r2-failure-triage-record,cloud-infrastructure-security,networking-edge,topic prefix: cloudflare,100,100
cloudflare-r2-input-output-contract,cloud-infrastructure-security,networking-edge,topic prefix: cloudflare,100,100
cloudflare-r2-integration-parity-trace,cloud-infrastructure-security,networking-edge,topic prefix: cloudflare,100,100
cloudflare-r2-performance-envelope,cloud-infrastructure-security,networking-edge,topic prefix: cloudflare,100,100
cloudflare-r2-permission-boundary-review,cloud-infrastructure-security,networking-edge,topic prefix: cloudflare,100,100
cloudflare-r2-release-handoff-record,cloud-infrastructure-security,networking-edge,topic prefix: cloudflare,100,100
cloudflare-r2-reproducibility-fixture-plan,cloud-infrastructure-security,networking-edge,topic prefix: cloudflare,100,100
cloudflare-r2-version-compatibility,cloud-infrastructure-security,networking-edge,topic prefix: cloudflare,100,100
cloudflare-workers-capability-surface-map,cloud-infrastructure-security,networking-edge,topic prefix: cloudflare,100,100
cloudflare-workers-change-impact-assessment,cloud-infrastructure-security,networking-edge,topic prefix: cloudflare,100,100
cloudflare-workers-failure-triage-record,cloud-infrastructure-security,networking-edge,topic prefix: cloudflare,100,100
cloudflare-workers-input-output-contract,cloud-infrastructure-security,networking-edge,topic prefix: cloudflare,100,100
cloudflare-workers-integration-parity-trace,cloud-infrastructure-security,networking-edge,topic prefix: cloudflare,100,100
cloudflare-workers-performance-envelope,cloud-infrastructure-security,networking-edge,topic prefix: cloudflare,100,100
cloudflare-workers-permission-boundary-review,cloud-infrastructure-security,networking-edge,topic prefix: cloudflare,100,100
cloudflare-workers-release-handoff-record,cloud-infrastructure-security,networking-edge,topic prefix: cloudflare,100,100
cloudflare-workers-reproducibility-fixture-plan,cloud-infrastructure-security,networking-edge,topic prefix: cloudflare,100,100
cloudflare-workers-version-compatibility,cloud-infrastructure-security,networking-edge,topic prefix: cloudflare,100,100
cloudflare-zero-trust-capability-surface-map,cloud-infrastructure-security,networking-edge,topic prefix: cloudflare,100,100
cloudflare-zero-trust-change-impact-assessment,cloud-infrastructure-security,networking-edge,topic prefix: cloudflare,100,100
cloudflare-zero-trust-failure-triage-record,cloud-infrastructure-security,networking-edge,topic prefix: cloudflare,100,100
cloudflare-zero-trust-input-output-contract,cloud-infrastructure-security,networking-edge,topic prefix: cloudflare,100,100
cloudflare-zero-trust-integration-parity-trace,cloud-infrastructure-security,networking-edge,topic prefix: cloudflare,100,100
cloudflare-zero-trust-performance-envelope,cloud-infrastructure-security,networking-edge,topic prefix: cloudflare,100,100
cloudflare-zero-trust-permission-boundary-review,cloud-infrastructure-security,networking-edge,topic prefix: cloudflare,100,100
cloudflare-zero-trust-release-handoff-record,cloud-infrastructure-security,networking-edge,topic prefix: cloudflare,100,100
cloudflare-zero-trust-reproducibility-fixture-plan,cloud-infrastructure-security,networking-edge,topic prefix: cloudflare,100,100
cloudflare-zero-trust-version-compatibility,cloud-infrastructure-security,networking-edge,topic prefix: cloudflare,100,100
code-review-and-diff-audit,software-development,architecture-devtools,topic prefix: code-review,100,100
code-snippet-dependency-dry-run-review,software-development,architecture-devtools,"metadata keywords: dependency-, documentation-",7,7
codebase-design,software-development,architecture-devtools,metadata keywords: codebase-,5,5
codebase-memory-mcp,ai-agent-systems,prompts-context-memory,topic prefix: codebase-memory,100,100
codebase-onboarding,software-development,architecture-devtools,"metadata keywords: codebase-, repository-",7,7
codeql,software-development,architecture-devtools,topic prefix: codeql,100,100
command-line-tool-development,software-development,architecture-devtools,topic prefix: command-line,100,100
community-marketing,business-operations,marketing-sales,topic prefix: community-marketing,100,100
computational-chemistry-workflow,science-health-research,physical-earth-sciences,topic prefix: computational-chemistry,100,100
configuration-default-documentation-drift-check,software-development,architecture-devtools,"metadata keywords: configuration-, documentation-",10,10
confluence-automation-capability-surface-map,business-operations,product-growth,topic prefix: confluence,100,100
confluence-automation-change-impact-assessment,business-operations,product-growth,topic prefix: confluence,100,100
confluence-automation-failure-triage-record,business-operations,product-growth,topic prefix: confluence,100,100
confluence-automation-input-output-contract,business-operations,product-growth,topic prefix: confluence,100,100
confluence-automation-integration-parity-trace,business-operations,product-growth,topic prefix: confluence,100,100
confluence-automation-performance-envelope,business-operations,product-growth,topic prefix: confluence,100,100
confluence-automation-permission-boundary-review,business-operations,product-growth,topic prefix: confluence,100,100
confluence-automation-release-handoff-record,business-operations,product-growth,topic prefix: confluence,100,100
confluence-automation-reproducibility-fixture-plan,business-operations,product-growth,topic prefix: confluence,100,100
confluence-automation-version-compatibility,business-operations,product-growth,topic prefix: confluence,100,100
confounder-bias-control-planning,science-health-research,trials-research-methods,topic prefix: confounder-bias,100,100
conservation-sensitive-location-privacy-review,science-health-research,life-sciences,topic prefix: conservation,100,100
constellation-revisit-performance-analysis,engineering-industry,electronics-hardware,topic prefix: constellation,100,100
container-assurance-attestation-binding-approval-evidence-packet,cloud-infrastructure-security,containers-kubernetes,topic prefix: container-assurance,100,100
container-assurance-attestation-binding-change-impact-trace,cloud-infrastructure-security,containers-kubernetes,topic prefix: container-assurance,100,100
container-assurance-attestation-binding-closeout-handoff-ledger,cloud-infrastructure-security,containers-kubernetes,topic prefix: container-assurance,100,100
container-assurance-attestation-binding-completeness-reconciliation,cloud-infrastructure-security,containers-kubernetes,topic prefix: container-assurance,100,100
container-assurance-attestation-binding-exception-triage-queue,cloud-infrastructure-security,containers-kubernetes,topic prefix: container-assurance,100,100
container-assurance-attestation-binding-recovery-readiness-drill,cloud-infrastructure-security,containers-kubernetes,topic prefix: container-assurance,100,100
container-assurance-attestation-binding-scenario-sensitivity-matrix,cloud-infrastructure-security,containers-kubernetes,topic prefix: container-assurance,100,100
container-assurance-attestation-binding-scope-intake-gate,cloud-infrastructure-security,containers-kubernetes,topic prefix: container-assurance,100,100
container-assurance-attestation-binding-source-provenance-ledger,cloud-infrastructure-security,containers-kubernetes,topic prefix: container-assurance,100,100
container-assurance-attestation-binding-threshold-rule-check,cloud-infrastructure-security,containers-kubernetes,topic prefix: container-assurance,100,100
container-assurance-base-digest-approval-evidence-packet,cloud-infrastructure-security,containers-kubernetes,topic prefix: container-assurance,100,100
container-assurance-base-digest-change-impact-trace,cloud-infrastructure-security,containers-kubernetes,topic prefix: container-assurance,100,100
container-assurance-base-digest-closeout-handoff-ledger,cloud-infrastructure-security,containers-kubernetes,topic prefix: container-assurance,100,100
container-assurance-base-digest-completeness-reconciliation,cloud-infrastructure-security,containers-kubernetes,topic prefix: container-assurance,100,100
container-assurance-base-digest-exception-triage-queue,cloud-infrastructure-security,containers-kubernetes,topic prefix: container-assurance,100,100
container-assurance-base-digest-recovery-readiness-drill,cloud-infrastructure-security,containers-kubernetes,topic prefix: container-assurance,100,100
container-assurance-base-digest-scenario-sensitivity-matrix,cloud-infrastructure-security,containers-kubernetes,topic prefix: container-assurance,100,100
container-assurance-base-digest-scope-intake-gate,cloud-infrastructure-security,containers-kubernetes,topic prefix: container-assurance,100,100
container-assurance-base-digest-source-provenance-ledger,cloud-infrastructure-security,containers-kubernetes,topic prefix: container-assurance,100,100
container-assurance-base-digest-threshold-rule-check,cloud-infrastructure-security,containers-kubernetes,topic prefix: container-assurance,100,100
container-assurance-build-inputs-approval-evidence-packet,cloud-infrastructure-security,containers-kubernetes,topic prefix: container-assurance,100,100
container-assurance-build-inputs-change-impact-trace,cloud-infrastructure-security,containers-kubernetes,topic prefix: container-assurance,100,100
container-assurance-build-inputs-closeout-handoff-ledger,cloud-infrastructure-security,containers-kubernetes,topic prefix: container-assurance,100,100
container-assurance-build-inputs-completeness-reconciliation,cloud-infrastructure-security,containers-kubernetes,topic prefix: container-assurance,100,100
container-assurance-build-inputs-exception-triage-queue,cloud-infrastructure-security,containers-kubernetes,topic prefix: container-assurance,100,100
container-assurance-build-inputs-recovery-readiness-drill,cloud-infrastructure-security,containers-kubernetes,topic prefix: container-assurance,100,100
container-assurance-build-inputs-scenario-sensitivity-matrix,cloud-infrastructure-security,containers-kubernetes,topic prefix: container-assurance,100,100
container-assurance-build-inputs-scope-intake-gate,cloud-infrastructure-security,containers-kubernetes,topic prefix: container-assurance,100,100
container-assurance-build-inputs-source-provenance-ledger,cloud-infrastructure-security,containers-kubernetes,topic prefix: container-assurance,100,100
container-assurance-build-inputs-threshold-rule-check,cloud-infrastructure-security,containers-kubernetes,topic prefix: container-assurance,100,100
container-assurance-context-secret-approval-evidence-packet,cloud-infrastructure-security,containers-kubernetes,topic prefix: container-assurance,100,100
container-assurance-context-secret-change-impact-trace,cloud-infrastructure-security,containers-kubernetes,topic prefix: container-assurance,100,100
container-assurance-context-secret-closeout-handoff-ledger,cloud-infrastructure-security,containers-kubernetes,topic prefix: container-assurance,100,100
container-assurance-context-secret-completeness-reconciliation,cloud-infrastructure-security,containers-kubernetes,topic prefix: container-assurance,100,100
container-assurance-context-secret-exception-triage-queue,cloud-infrastructure-security,containers-kubernetes,topic prefix: container-assurance,100,100
container-assurance-context-secret-recovery-readiness-drill,cloud-infrastructure-security,containers-kubernetes,topic prefix: container-assurance,100,100
container-assurance-context-secret-scenario-sensitivity-matrix,cloud-infrastructure-security,containers-kubernetes,topic prefix: container-assurance,100,100
container-assurance-context-secret-scope-intake-gate,cloud-infrastructure-security,containers-kubernetes,topic prefix: container-assurance,100,100
container-assurance-context-secret-source-provenance-ledger,cloud-infrastructure-security,containers-kubernetes,topic prefix: container-assurance,100,100
container-assurance-context-secret-threshold-rule-check,cloud-infrastructure-security,containers-kubernetes,topic prefix: container-assurance,100,100
container-assurance-platform-parity-approval-evidence-packet,cloud-infrastructure-security,containers-kubernetes,topic prefix: container-assurance,100,100
container-assurance-platform-parity-change-impact-trace,cloud-infrastructure-security,containers-kubernetes,topic prefix: container-assurance,100,100
container-assurance-platform-parity-closeout-handoff-ledger,cloud-infrastructure-security,containers-kubernetes,topic prefix: container-assurance,100,100
container-assurance-platform-parity-completeness-reconciliation,cloud-infrastructure-security,containers-kubernetes,topic prefix: container-assurance,100,100
container-assurance-platform-parity-exception-triage-queue,cloud-infrastructure-security,containers-kubernetes,topic prefix: container-assurance,100,100
container-assurance-platform-parity-recovery-readiness-drill,cloud-infrastructure-security,containers-kubernetes,topic prefix: container-assurance,100,100
container-assurance-platform-parity-scenario-sensitivity-matrix,cloud-infrastructure-security,containers-kubernetes,topic prefix: container-assurance,100,100
container-assurance-platform-parity-scope-intake-gate,cloud-infrastructure-security,containers-kubernetes,topic prefix: container-assurance,100,100
container-assurance-platform-parity-source-provenance-ledger,cloud-infrastructure-security,containers-kubernetes,topic prefix: container-assurance,100,100
container-assurance-platform-parity-threshold-rule-check,cloud-infrastructure-security,containers-kubernetes,topic prefix: container-assurance,100,100
container-assurance-promotion-chain-approval-evidence-packet,cloud-infrastructure-security,containers-kubernetes,topic prefix: container-assurance,100,100
container-assurance-promotion-chain-change-impact-trace,cloud-infrastructure-security,containers-kubernetes,topic prefix: container-assurance,100,100
container-assurance-promotion-chain-closeout-handoff-ledger,cloud-infrastructure-security,containers-kubernetes,topic prefix: container-assurance,100,100
container-assurance-promotion-chain-completeness-reconciliation,cloud-infrastructure-security,containers-kubernetes,topic prefix: container-assurance,100,100
container-assurance-promotion-chain-exception-triage-queue,cloud-infrastructure-security,containers-kubernetes,topic prefix: container-assurance,100,100
container-assurance-promotion-chain-recovery-readiness-drill,cloud-infrastructure-security,containers-kubernetes,topic prefix: container-assurance,100,100
container-assurance-promotion-chain-scenario-sensitivity-matrix,cloud-infrastructure-security,containers-kubernetes,topic prefix: container-assurance,100,100
container-assurance-promotion-chain-scope-intake-gate,cloud-infrastructure-security,containers-kubernetes,topic prefix: container-assurance,100,100
container-assurance-promotion-chain-source-provenance-ledger,cloud-infrastructure-security,containers-kubernetes,topic prefix: container-assurance,100,100
container-assurance-promotion-chain-threshold-rule-check,cloud-infrastructure-security,containers-kubernetes,topic prefix: container-assurance,100,100
container-assurance-registry-immutability-approval-evidence-packet,cloud-infrastructure-security,containers-kubernetes,topic prefix: container-assurance,100,100
container-assurance-registry-immutability-change-impact-trace,cloud-infrastructure-security,containers-kubernetes,topic prefix: container-assurance,100,100
container-assurance-registry-immutability-closeout-handoff-ledger,cloud-infrastructure-security,containers-kubernetes,topic prefix: container-assurance,100,100
container-assurance-registry-immutability-completeness-reconciliation,cloud-infrastructure-security,containers-kubernetes,topic prefix: container-assurance,100,100
container-assurance-registry-immutability-exception-triage-queue,cloud-infrastructure-security,containers-kubernetes,topic prefix: container-assurance,100,100
container-assurance-registry-immutability-recovery-readiness-drill,cloud-infrastructure-security,containers-kubernetes,topic prefix: container-assurance,100,100
container-assurance-registry-immutability-scenario-sensitivity-matrix,cloud-infrastructure-security,containers-kubernetes,topic prefix: container-assurance,100,100
container-assurance-registry-immutability-scope-intake-gate,cloud-infrastructure-security,containers-kubernetes,topic prefix: container-assurance,100,100
container-assurance-registry-immutability-source-provenance-ledger,cloud-infrastructure-security,containers-kubernetes,topic prefix: container-assurance,100,100
container-assurance-registry-immutability-threshold-rule-check,cloud-infrastructure-security,containers-kubernetes,topic prefix: container-assurance,100,100
container-assurance-runtime-capability-approval-evidence-packet,cloud-infrastructure-security,containers-kubernetes,topic prefix: container-assurance,100,100
container-assurance-runtime-capability-change-impact-trace,cloud-infrastructure-security,containers-kubernetes,topic prefix: container-assurance,100,100
container-assurance-runtime-capability-closeout-handoff-ledger,cloud-infrastructure-security,containers-kubernetes,topic prefix: container-assurance,100,100
container-assurance-runtime-capability-completeness-reconciliation,cloud-infrastructure-security,containers-kubernetes,topic prefix: container-assurance,100,100
container-assurance-runtime-capability-exception-triage-queue,cloud-infrastructure-security,containers-kubernetes,topic prefix: container-assurance,100,100
container-assurance-runtime-capability-recovery-readiness-drill,cloud-infrastructure-security,containers-kubernetes,topic prefix: container-assurance,100,100
container-assurance-runtime-capability-scenario-sensitivity-matrix,cloud-infrastructure-security,containers-kubernetes,topic prefix: container-assurance,100,100
container-assurance-runtime-capability-scope-intake-gate,cloud-infrastructure-security,containers-kubernetes,topic prefix: container-assurance,100,100
container-assurance-runtime-capability-source-provenance-ledger,cloud-infrastructure-security,containers-kubernetes,topic prefix: container-assurance,100,100
container-assurance-runtime-capability-threshold-rule-check,cloud-infrastructure-security,containers-kubernetes,topic prefix: container-assurance,100,100
container-assurance-sandbox-egress-approval-evidence-packet,cloud-infrastructure-security,containers-kubernetes,topic prefix: container-assurance,100,100
container-assurance-sandbox-egress-change-impact-trace,cloud-infrastructure-security,containers-kubernetes,topic prefix: container-assurance,100,100
container-assurance-sandbox-egress-closeout-handoff-ledger,cloud-infrastructure-security,containers-kubernetes,topic prefix: container-assurance,100,100
container-assurance-sandbox-egress-completeness-reconciliation,cloud-infrastructure-security,containers-kubernetes,topic prefix: container-assurance,100,100
container-assurance-sandbox-egress-exception-triage-queue,cloud-infrastructure-security,containers-kubernetes,topic prefix: container-assurance,100,100
container-assurance-sandbox-egress-recovery-readiness-drill,cloud-infrastructure-security,containers-kubernetes,topic prefix: container-assurance,100,100
container-assurance-sandbox-egress-scenario-sensitivity-matrix,cloud-infrastructure-security,containers-kubernetes,topic prefix: container-assurance,100,100
container-assurance-sandbox-egress-scope-intake-gate,cloud-infrastructure-security,containers-kubernetes,topic prefix: container-assurance,100,100
container-assurance-sandbox-egress-source-provenance-ledger,cloud-infrastructure-security,containers-kubernetes,topic prefix: container-assurance,100,100
container-assurance-sandbox-egress-threshold-rule-check,cloud-infrastructure-security,containers-kubernetes,topic prefix: container-assurance,100,100
container-assurance-sbom-subject-approval-evidence-packet,cloud-infrastructure-security,containers-kubernetes,topic prefix: container-assurance,100,100
container-assurance-sbom-subject-change-impact-trace,cloud-infrastructure-security,containers-kubernetes,topic prefix: container-assurance,100,100
container-assurance-sbom-subject-closeout-handoff-ledger,cloud-infrastructure-security,containers-kubernetes,topic prefix: container-assurance,100,100
container-assurance-sbom-subject-completeness-reconciliation,cloud-infrastructure-security,containers-kubernetes,topic prefix: container-assurance,100,100
container-assurance-sbom-subject-exception-triage-queue,cloud-infrastructure-security,containers-kubernetes,topic prefix: container-assurance,100,100
container-assurance-sbom-subject-recovery-readiness-drill,cloud-infrastructure-security,containers-kubernetes,topic prefix: container-assurance,100,100
container-assurance-sbom-subject-scenario-sensitivity-matrix,cloud-infrastructure-security,containers-kubernetes,topic prefix: container-assurance,100,100
container-assurance-sbom-subject-scope-intake-gate,cloud-infrastructure-security,containers-kubernetes,topic prefix: container-assurance,100,100
container-assurance-sbom-subject-source-provenance-ledger,cloud-infrastructure-security,containers-kubernetes,topic prefix: container-assurance,100,100
container-assurance-sbom-subject-threshold-rule-check,cloud-infrastructure-security,containers-kubernetes,topic prefix: container-assurance,100,100
context-engineering,ai-agent-systems,prompts-context-memory,topic prefix: context-engineering,100,100
continuous-learning-and-pattern-curation,ai-agent-systems,prompts-context-memory,topic prefix: continuous-learning,100,100
contradictory-web-claim-resolution-ledger,ai-agent-systems,prompts-context-memory,topic prefix: contradictory-web-claim,100,100
contrast-token-change-visual-recheck,creative-media-design,visual-graphic-design,metadata keywords: visual-,5,5
cookie-consent-transition-persistence-test,software-development,testing-quality-release,metadata keywords: test-,5,3
copilot-cli-allowed-directory-boundary-audit,ai-agent-systems,tools-integrations,topic prefix: copilot-cli,100,100
copilot-cli-approval-mode-policy-review,ai-agent-systems,tools-integrations,topic prefix: copilot-cli,100,100
copilot-cli-auto-task-dependency-install-boundary,ai-agent-systems,tools-integrations,topic prefix: copilot-cli,100,100
copilot-cli-build-output-safety-review,ai-agent-systems,tools-integrations,topic prefix: copilot-cli,100,100
copilot-cli-cost-and-request-quota-stop,ai-agent-systems,tools-integrations,topic prefix: copilot-cli,100,100
copilot-cli-custom-agent-instruction-precedence,ai-agent-systems,tools-integrations,topic prefix: copilot-cli,100,100
copilot-cli-custom-agent-tools-minimization,ai-agent-systems,tools-integrations,topic prefix: copilot-cli,100,100
copilot-cli-hook-side-effect-governance,ai-agent-systems,tools-integrations,topic prefix: copilot-cli,100,100
copilot-cli-mcp-server-config-permission-review,ai-agent-systems,tools-integrations,topic prefix: copilot-cli,100,100
copilot-cli-plan-execution-approval-gate,ai-agent-systems,tools-integrations,topic prefix: copilot-cli,100,100
copilot-cli-plugin-component-provenance-review,ai-agent-systems,tools-integrations,topic prefix: copilot-cli,100,100
copilot-cli-plugin-disable-rollback-plan,ai-agent-systems,tools-integrations,topic prefix: copilot-cli,100,100
copilot-cli-precommit-review-signal-validation,ai-agent-systems,tools-integrations,topic prefix: copilot-cli,100,100
copilot-cli-precommit-review-timeout-policy,ai-agent-systems,tools-integrations,topic prefix: copilot-cli,100,100
copilot-cli-programmatic-prompt-trust-boundary,ai-agent-systems,tools-integrations,topic prefix: copilot-cli,100,100
copilot-cli-project-instruction-injection-test,ai-agent-systems,tools-integrations,topic prefix: copilot-cli,100,100
copilot-cli-review-finding-human-validation,ai-agent-systems,tools-integrations,topic prefix: copilot-cli,100,100
copilot-cli-runtime-environment-inventory,ai-agent-systems,tools-integrations,topic prefix: copilot-cli,100,100
copilot-cli-secret-redaction-in-agent-logs,ai-agent-systems,tools-integrations,topic prefix: copilot-cli,100,100
copilot-cli-session-configuration-drift-audit,ai-agent-systems,tools-integrations,topic prefix: copilot-cli,100,100
copilot-cli-skill-trigger-precision-evaluation,ai-agent-systems,tools-integrations,topic prefix: copilot-cli,100,100
copilot-cli-subagent-permission-inheritance-audit,ai-agent-systems,tools-integrations,topic prefix: copilot-cli,100,100
copilot-cli-tool-alias-compatibility-check,ai-agent-systems,tools-integrations,topic prefix: copilot-cli,100,100
copilot-cli-unattended-permission-risk-review,ai-agent-systems,tools-integrations,topic prefix: copilot-cli,100,100
copilot-cli-working-directory-change-approval,ai-agent-systems,tools-integrations,topic prefix: copilot-cli,100,100
copilot-sdk-agent-handoff-contract-review,ai-agent-systems,tools-integrations,topic prefix: copilot-sdk,100,100
copilot-sdk-byok-credential-isolation-audit,ai-agent-systems,tools-integrations,topic prefix: copilot-sdk,100,100
copilot-sdk-concurrent-client-session-isolation,ai-agent-systems,tools-integrations,topic prefix: copilot-sdk,100,100
copilot-sdk-cross-language-parity-test,ai-agent-systems,tools-integrations,topic prefix: copilot-sdk,100,100
copilot-sdk-custom-agent-tool-scope-audit,ai-agent-systems,tools-integrations,topic prefix: copilot-sdk,100,100
copilot-sdk-event-subscription-cleanup-review,ai-agent-systems,tools-integrations,topic prefix: copilot-sdk,100,100
copilot-sdk-feature-compatibility-matrix,ai-agent-systems,tools-integrations,topic prefix: copilot-sdk,100,100
copilot-sdk-final-answer-completion-detection,ai-agent-systems,tools-integrations,topic prefix: copilot-sdk,100,100
copilot-sdk-hook-retry-budget-review,ai-agent-systems,tools-integrations,topic prefix: copilot-sdk,100,100
copilot-sdk-mcp-connection-lifecycle-review,ai-agent-systems,tools-integrations,topic prefix: copilot-sdk,100,100
copilot-sdk-permission-handler-fail-closed-review,ai-agent-systems,tools-integrations,topic prefix: copilot-sdk,100,100
copilot-sdk-post-tool-result-provenance-review,ai-agent-systems,tools-integrations,topic prefix: copilot-sdk,100,100
copilot-sdk-pre-tool-argument-validation,ai-agent-systems,tools-integrations,topic prefix: copilot-sdk,100,100
copilot-sdk-remote-session-link-sharing-review,ai-agent-systems,tools-integrations,topic prefix: copilot-sdk,100,100
copilot-sdk-remote-session-permission-boundary,ai-agent-systems,tools-integrations,topic prefix: copilot-sdk,100,100
copilot-sdk-resume-permission-revalidation,ai-agent-systems,tools-integrations,topic prefix: copilot-sdk,100,100
copilot-sdk-session-event-ordering-audit,ai-agent-systems,tools-integrations,topic prefix: copilot-sdk,100,100
copilot-sdk-session-id-privacy-review,ai-agent-systems,tools-integrations,topic prefix: copilot-sdk,100,100
copilot-sdk-session-lifecycle-cleanup,ai-agent-systems,tools-integrations,topic prefix: copilot-sdk,100,100
copilot-sdk-session-owner-authorization-review,ai-agent-systems,tools-integrations,topic prefix: copilot-sdk,100,100
copilot-sdk-session-persistence-confidentiality,ai-agent-systems,tools-integrations,topic prefix: copilot-sdk,100,100
copilot-sdk-session-retention-and-deletion-audit,ai-agent-systems,tools-integrations,topic prefix: copilot-sdk,100,100
copilot-sdk-session-working-directory-scope,ai-agent-systems,tools-integrations,topic prefix: copilot-sdk,100,100
copilot-sdk-stale-session-recovery-test,ai-agent-systems,tools-integrations,topic prefix: copilot-sdk,100,100
copilot-sdk-stream-cancellation-cleanup,ai-agent-systems,tools-integrations,topic prefix: copilot-sdk,100,100
copilot-sdk-streaming-delta-assembly-validation,ai-agent-systems,tools-integrations,topic prefix: copilot-sdk,100,100
copilot-sdk-structured-output-schema-validation,ai-agent-systems,tools-integrations,topic prefix: copilot-sdk,100,100
copilot-sdk-subagent-concurrency-budget,ai-agent-systems,tools-integrations,topic prefix: copilot-sdk,100,100
copilot-sdk-tool-failure-hook-classification,ai-agent-systems,tools-integrations,topic prefix: copilot-sdk,100,100
copilot-sdk-tool-result-size-budget,ai-agent-systems,tools-integrations,topic prefix: copilot-sdk,100,100
copy-editing,creative-media-design,writing-publishing,topic prefix: copy-editing,100,100
copywriting,creative-media-design,writing-publishing,topic prefix: copywriting,100,100
create-github-action-workflow-specification,software-development,architecture-devtools,metadata keywords: github-,5,5
create-github-pull-request-from-specification,software-development,architecture-devtools,metadata keywords: github-,5,5
create-llms,ai-agent-systems,tools-integrations,topic prefix: create-llms,100,100
create-specification,software-development,architecture-devtools,topic prefix: create-specification,100,100
create-web-form,software-development,frontend,topic prefix: create-web-form,100,100
crewai-capability-surface-map,ai-agent-systems,agent-architecture-orchestration,topic prefix: crewai,100,100
crewai-change-impact-assessment,ai-agent-systems,agent-architecture-orchestration,topic prefix: crewai,100,100
crewai-failure-triage-record,ai-agent-systems,agent-architecture-orchestration,topic prefix: crewai,100,100
crewai-input-output-contract,ai-agent-systems,agent-architecture-orchestration,topic prefix: crewai,100,100
crewai-integration-parity-trace,ai-agent-systems,agent-architecture-orchestration,topic prefix: crewai,100,100
crewai-performance-envelope,ai-agent-systems,agent-architecture-orchestration,topic prefix: crewai,100,100
crewai-permission-boundary-review,ai-agent-systems,agent-architecture-orchestration,topic prefix: crewai,100,100
crewai-release-handoff-record,ai-agent-systems,agent-architecture-orchestration,topic prefix: crewai,100,100
crewai-reproducibility-fixture-plan,ai-agent-systems,agent-architecture-orchestration,topic prefix: crewai,100,100
crewai-version-compatibility,ai-agent-systems,agent-architecture-orchestration,topic prefix: crewai,100,100
csv-header-contract-drift-classifier,data-analytics,spreadsheets-geospatial,metadata keywords: csv-,5,5
cubesat-deployable-mechanism-trade-review,engineering-industry,electronics-hardware,topic prefix: cubesat,100,100
cuda-environment-reproducibility,engineering-industry,electronics-hardware,"metadata keywords: hardware, cuda-",7,7
cuda-kernel-correctness-review,software-development,languages-frameworks,"metadata keywords: cuda-, memory-safety",8,8
cuda-memory-transfer-profiling,software-development,languages-frameworks,metadata keywords: cuda-,5,5
custom-agents,ai-agent-systems,agent-architecture-orchestration,topic prefix: custom-agents,100,100
dashboard-filter-query-state-replay,data-analytics,analytics-visualization,topic prefix: dashboard,100,100
data-eng-catalog-lineage-approval-evidence-packet,data-analytics,data-engineering,topic prefix: data-eng,100,100
data-eng-catalog-lineage-change-impact-trace,data-analytics,data-engineering,topic prefix: data-eng,100,100
data-eng-catalog-lineage-closeout-handoff-ledger,data-analytics,data-engineering,topic prefix: data-eng,100,100
data-eng-catalog-lineage-completeness-reconciliation,data-analytics,data-engineering,topic prefix: data-eng,100,100
data-eng-catalog-lineage-exception-triage-queue,data-analytics,data-engineering,topic prefix: data-eng,100,100
data-eng-catalog-lineage-recovery-readiness-drill,data-analytics,data-engineering,topic prefix: data-eng,100,100
data-eng-catalog-lineage-scenario-sensitivity-matrix,data-analytics,data-engineering,topic prefix: data-eng,100,100
data-eng-catalog-lineage-scope-intake-gate,data-analytics,data-engineering,topic prefix: data-eng,100,100
data-eng-catalog-lineage-source-provenance-ledger,data-analytics,data-engineering,topic prefix: data-eng,100,100
data-eng-catalog-lineage-threshold-rule-check,data-analytics,data-engineering,topic prefix: data-eng,100,100
data-eng-cost-reliability-approval-evidence-packet,data-analytics,data-engineering,topic prefix: data-eng,100,100
data-eng-cost-reliability-change-impact-trace,data-analytics,data-engineering,topic prefix: data-eng,100,100
data-eng-cost-reliability-closeout-handoff-ledger,data-analytics,data-engineering,topic prefix: data-eng,100,100
data-eng-cost-reliability-completeness-reconciliation,data-analytics,data-engineering,topic prefix: data-eng,100,100
data-eng-cost-reliability-exception-triage-queue,data-analytics,data-engineering,topic prefix: data-eng,100,100
data-eng-cost-reliability-recovery-readiness-drill,data-analytics,data-engineering,topic prefix: data-eng,100,100
data-eng-cost-reliability-scenario-sensitivity-matrix,data-analytics,data-engineering,topic prefix: data-eng,100,100
data-eng-cost-reliability-scope-intake-gate,data-analytics,data-engineering,topic prefix: data-eng,100,100
data-eng-cost-reliability-source-provenance-ledger,data-analytics,data-engineering,topic prefix: data-eng,100,100
data-eng-cost-reliability-threshold-rule-check,data-analytics,data-engineering,topic prefix: data-eng,100,100
data-eng-ingestion-approval-evidence-packet,data-analytics,data-engineering,topic prefix: data-eng,100,100
data-eng-ingestion-change-impact-trace,data-analytics,data-engineering,topic prefix: data-eng,100,100
data-eng-ingestion-closeout-handoff-ledger,data-analytics,data-engineering,topic prefix: data-eng,100,100
data-eng-ingestion-completeness-reconciliation,data-analytics,data-engineering,topic prefix: data-eng,100,100
data-eng-ingestion-exception-triage-queue,data-analytics,data-engineering,topic prefix: data-eng,100,100
data-eng-ingestion-recovery-readiness-drill,data-analytics,data-engineering,topic prefix: data-eng,100,100
data-eng-ingestion-scenario-sensitivity-matrix,data-analytics,data-engineering,topic prefix: data-eng,100,100
data-eng-ingestion-scope-intake-gate,data-analytics,data-engineering,topic prefix: data-eng,100,100
data-eng-ingestion-source-provenance-ledger,data-analytics,data-engineering,topic prefix: data-eng,100,100
data-eng-ingestion-threshold-rule-check,data-analytics,data-engineering,topic prefix: data-eng,100,100
data-eng-lakehouse-approval-evidence-packet,data-analytics,data-engineering,topic prefix: data-eng,100,100
data-eng-lakehouse-change-impact-trace,data-analytics,data-engineering,topic prefix: data-eng,100,100
data-eng-lakehouse-closeout-handoff-ledger,data-analytics,data-engineering,topic prefix: data-eng,100,100
data-eng-lakehouse-completeness-reconciliation,data-analytics,data-engineering,topic prefix: data-eng,100,100
data-eng-lakehouse-exception-triage-queue,data-analytics,data-engineering,topic prefix: data-eng,100,100
data-eng-lakehouse-recovery-readiness-drill,data-analytics,data-engineering,topic prefix: data-eng,100,100
data-eng-lakehouse-scenario-sensitivity-matrix,data-analytics,data-engineering,topic prefix: data-eng,100,100
data-eng-lakehouse-scope-intake-gate,data-analytics,data-engineering,topic prefix: data-eng,100,100
data-eng-lakehouse-source-provenance-ledger,data-analytics,data-engineering,topic prefix: data-eng,100,100
data-eng-lakehouse-threshold-rule-check,data-analytics,data-engineering,topic prefix: data-eng,100,100
data-eng-orchestration-approval-evidence-packet,data-analytics,data-engineering,topic prefix: data-eng,100,100
data-eng-orchestration-change-impact-trace,data-analytics,data-engineering,topic prefix: data-eng,100,100
data-eng-orchestration-closeout-handoff-ledger,data-analytics,data-engineering,topic prefix: data-eng,100,100
data-eng-orchestration-completeness-reconciliation,data-analytics,data-engineering,topic prefix: data-eng,100,100
data-eng-orchestration-exception-triage-queue,data-analytics,data-engineering,topic prefix: data-eng,100,100
data-eng-orchestration-recovery-readiness-drill,data-analytics,data-engineering,topic prefix: data-eng,100,100
data-eng-orchestration-scenario-sensitivity-matrix,data-analytics,data-engineering,topic prefix: data-eng,100,100
data-eng-orchestration-scope-intake-gate,data-analytics,data-engineering,topic prefix: data-eng,100,100
data-eng-orchestration-source-provenance-ledger,data-analytics,data-engineering,topic prefix: data-eng,100,100
data-eng-orchestration-threshold-rule-check,data-analytics,data-engineering,topic prefix: data-eng,100,100
data-eng-privacy-approval-evidence-packet,data-analytics,data-engineering,topic prefix: data-eng,100,100
data-eng-privacy-change-impact-trace,data-analytics,data-engineering,topic prefix: data-eng,100,100
data-eng-privacy-closeout-handoff-ledger,data-analytics,data-engineering,topic prefix: data-eng,100,100
data-eng-privacy-completeness-reconciliation,data-analytics,data-engineering,topic prefix: data-eng,100,100
data-eng-privacy-exception-triage-queue,data-analytics,data-engineering,topic prefix: data-eng,100,100
data-eng-privacy-recovery-readiness-drill,data-analytics,data-engineering,topic prefix: data-eng,100,100
data-eng-privacy-scenario-sensitivity-matrix,data-analytics,data-engineering,topic prefix: data-eng,100,100
data-eng-privacy-scope-intake-gate,data-analytics,data-engineering,topic prefix: data-eng,100,100
data-eng-privacy-source-provenance-ledger,data-analytics,data-engineering,topic prefix: data-eng,100,100
data-eng-privacy-threshold-rule-check,data-analytics,data-engineering,topic prefix: data-eng,100,100
data-eng-quality-approval-evidence-packet,data-analytics,data-engineering,topic prefix: data-eng,100,100
data-eng-quality-change-impact-trace,data-analytics,data-engineering,topic prefix: data-eng,100,100
data-eng-quality-closeout-handoff-ledger,data-analytics,data-engineering,topic prefix: data-eng,100,100
data-eng-quality-completeness-reconciliation,data-analytics,data-engineering,topic prefix: data-eng,100,100
data-eng-quality-exception-triage-queue,data-analytics,data-engineering,topic prefix: data-eng,100,100
data-eng-quality-recovery-readiness-drill,data-analytics,data-engineering,topic prefix: data-eng,100,100
data-eng-quality-scenario-sensitivity-matrix,data-analytics,data-engineering,topic prefix: data-eng,100,100
data-eng-quality-scope-intake-gate,data-analytics,data-engineering,topic prefix: data-eng,100,100
data-eng-quality-source-provenance-ledger,data-analytics,data-engineering,topic prefix: data-eng,100,100
data-eng-quality-threshold-rule-check,data-analytics,data-engineering,topic prefix: data-eng,100,100
data-eng-streaming-approval-evidence-packet,data-analytics,data-engineering,topic prefix: data-eng,100,100
data-eng-streaming-change-impact-trace,data-analytics,data-engineering,topic prefix: data-eng,100,100
data-eng-streaming-closeout-handoff-ledger,data-analytics,data-engineering,topic prefix: data-eng,100,100
data-eng-streaming-completeness-reconciliation,data-analytics,data-engineering,topic prefix: data-eng,100,100
data-eng-streaming-exception-triage-queue,data-analytics,data-engineering,topic prefix: data-eng,100,100
data-eng-streaming-recovery-readiness-drill,data-analytics,data-engineering,topic prefix: data-eng,100,100
data-eng-streaming-scenario-sensitivity-matrix,data-analytics,data-engineering,topic prefix: data-eng,100,100
data-eng-streaming-scope-intake-gate,data-analytics,data-engineering,topic prefix: data-eng,100,100
data-eng-streaming-source-provenance-ledger,data-analytics,data-engineering,topic prefix: data-eng,100,100
data-eng-streaming-threshold-rule-check,data-analytics,data-engineering,topic prefix: data-eng,100,100
data-eng-transformation-approval-evidence-packet,data-analytics,data-engineering,topic prefix: data-eng,100,100
data-eng-transformation-change-impact-trace,data-analytics,data-engineering,topic prefix: data-eng,100,100
data-eng-transformation-closeout-handoff-ledger,data-analytics,data-engineering,topic prefix: data-eng,100,100
data-eng-transformation-completeness-reconciliation,data-analytics,data-engineering,topic prefix: data-eng,100,100
data-eng-transformation-exception-triage-queue,data-analytics,data-engineering,topic prefix: data-eng,100,100
data-eng-transformation-recovery-readiness-drill,data-analytics,data-engineering,topic prefix: data-eng,100,100
data-eng-transformation-scenario-sensitivity-matrix,data-analytics,data-engineering,topic prefix: data-eng,100,100
data-eng-transformation-scope-intake-gate,data-analytics,data-engineering,topic prefix: data-eng,100,100
data-eng-transformation-source-provenance-ledger,data-analytics,data-engineering,topic prefix: data-eng,100,100
data-eng-transformation-threshold-rule-check,data-analytics,data-engineering,topic prefix: data-eng,100,100
data-eng-warehouse-approval-evidence-packet,data-analytics,data-engineering,topic prefix: data-eng,100,100
data-eng-warehouse-change-impact-trace,data-analytics,data-engineering,topic prefix: data-eng,100,100
data-eng-warehouse-closeout-handoff-ledger,data-analytics,data-engineering,topic prefix: data-eng,100,100
data-eng-warehouse-completeness-reconciliation,data-analytics,data-engineering,topic prefix: data-eng,100,100
data-eng-warehouse-exception-triage-queue,data-analytics,data-engineering,topic prefix: data-eng,100,100
data-eng-warehouse-recovery-readiness-drill,data-analytics,data-engineering,topic prefix: data-eng,100,100
data-eng-warehouse-scenario-sensitivity-matrix,data-analytics,data-engineering,topic prefix: data-eng,100,100
data-eng-warehouse-scope-intake-gate,data-analytics,data-engineering,topic prefix: data-eng,100,100
data-eng-warehouse-source-provenance-ledger,data-analytics,data-engineering,topic prefix: data-eng,100,100
data-eng-warehouse-threshold-rule-check,data-analytics,data-engineering,topic prefix: data-eng,100,100
data-engineering-data-pipeline-capability-surface-map,data-analytics,data-engineering,topic prefix: data-engineering,100,100
data-engineering-data-pipeline-change-impact-assessment,data-analytics,data-engineering,topic prefix: data-engineering,100,100
data-engineering-data-pipeline-failure-triage-record,data-analytics,data-engineering,topic prefix: data-engineering,100,100
data-engineering-data-pipeline-input-output-contract,data-analytics,data-engineering,topic prefix: data-engineering,100,100
data-engineering-data-pipeline-integration-parity-trace,data-analytics,data-engineering,topic prefix: data-engineering,100,100
data-engineering-data-pipeline-performance-envelope,data-analytics,data-engineering,topic prefix: data-engineering,100,100
data-engineering-data-pipeline-permission-boundary-review,data-analytics,data-engineering,topic prefix: data-engineering,100,100
data-engineering-data-pipeline-release-handoff-record,data-analytics,data-engineering,topic prefix: data-engineering,100,100
data-engineering-data-pipeline-reproducibility-fixture-plan,data-analytics,data-engineering,topic prefix: data-engineering,100,100
data-engineering-data-pipeline-version-compatibility,data-analytics,data-engineering,topic prefix: data-engineering,100,100
data-export-row-count-total-reconciliation,data-analytics,data-quality-governance,metadata keywords: row-count-total-reconciliation,9,9
data-quality-frameworks-capability-surface-map,data-analytics,data-quality-governance,topic prefix: data-quality,100,100
data-quality-frameworks-change-impact-assessment,data-analytics,data-quality-governance,topic prefix: data-quality,100,100
data-quality-frameworks-failure-triage-record,data-analytics,data-quality-governance,topic prefix: data-quality,100,100
data-quality-frameworks-input-output-contract,data-analytics,data-quality-governance,topic prefix: data-quality,100,100
data-quality-frameworks-integration-parity-trace,data-analytics,data-quality-governance,topic prefix: data-quality,100,100
data-quality-frameworks-performance-envelope,data-analytics,data-quality-governance,topic prefix: data-quality,100,100
data-quality-frameworks-permission-boundary-review,data-analytics,data-quality-governance,topic prefix: data-quality,100,100
data-quality-frameworks-release-handoff-record,data-analytics,data-quality-governance,topic prefix: data-quality,100,100
data-quality-frameworks-reproducibility-fixture-plan,data-analytics,data-quality-governance,topic prefix: data-quality,100,100
data-quality-frameworks-version-compatibility,data-analytics,data-quality-governance,topic prefix: data-quality,100,100
database-engine-development,data-analytics,databases-storage,topic prefix: database,100,100
database-migration-safety,data-analytics,databases-storage,topic prefix: database,100,100
dataverse-python-advanced-patterns,data-analytics,databases-storage,topic prefix: dataverse,100,100
dependabot,software-development,testing-quality-release,topic prefix: dependabot,100,100
dependency-bump-test-matrix-selection-proof,software-development,testing-quality-release,metadata keywords: test-,5,0
dependency-lockfile-change-proof-loop,software-development,architecture-devtools,metadata keywords: dependency-,5,5
design-it-typography-first-capability-surface-map,creative-media-design,ux-interaction-design,topic prefix: design-it,100,100
design-it-typography-first-change-impact-assessment,creative-media-design,ux-interaction-design,topic prefix: design-it,100,100
design-it-typography-first-failure-triage-record,creative-media-design,ux-interaction-design,topic prefix: design-it,100,100
design-it-typography-first-input-output-contract,creative-media-design,ux-interaction-design,topic prefix: design-it,100,100
design-it-typography-first-integration-parity-trace,creative-media-design,ux-interaction-design,topic prefix: design-it,100,100
design-it-typography-first-performance-envelope,creative-media-design,ux-interaction-design,topic prefix: design-it,100,100
design-it-typography-first-permission-boundary-review,creative-media-design,ux-interaction-design,topic prefix: design-it,100,100
design-it-typography-first-release-handoff-record,creative-media-design,ux-interaction-design,topic prefix: design-it,100,100
design-it-typography-first-reproducibility-fixture-plan,creative-media-design,ux-interaction-design,topic prefix: design-it,100,100
design-it-typography-first-version-compatibility,creative-media-design,ux-interaction-design,topic prefix: design-it,100,100
design-it-widget-based-design-capability-surface-map,creative-media-design,ux-interaction-design,topic prefix: design-it,100,100
design-it-widget-based-design-change-impact-assessment,creative-media-design,ux-interaction-design,topic prefix: design-it,100,100
design-it-widget-based-design-failure-triage-record,creative-media-design,ux-interaction-design,topic prefix: design-it,100,100
design-it-widget-based-design-input-output-contract,creative-media-design,ux-interaction-design,topic prefix: design-it,100,100
design-it-widget-based-design-integration-parity-trace,creative-media-design,ux-interaction-design,topic prefix: design-it,100,100
design-it-widget-based-design-performance-envelope,creative-media-design,ux-interaction-design,topic prefix: design-it,100,100
design-it-widget-based-design-permission-boundary-review,creative-media-design,ux-interaction-design,topic prefix: design-it,100,100
design-it-widget-based-design-release-handoff-record,creative-media-design,ux-interaction-design,topic prefix: design-it,100,100
design-it-widget-based-design-reproducibility-fixture-plan,creative-media-design,ux-interaction-design,topic prefix: design-it,100,100
design-it-widget-based-design-version-compatibility,creative-media-design,ux-interaction-design,topic prefix: design-it,100,100
diagnostic-test-accuracy-analysis,science-health-research,statistics-evidence,topic prefix: diagnostic-test-accuracy,100,100
dialog-focus-return-regression-check,software-development,frontend,topic prefix: dialog-focus,100,100
digital-audio-production,creative-media-design,audio-video,"metadata keywords: audio, music, sound",9,9
digital-twin-simulation-validation,engineering-industry,manufacturing-quality,topic prefix: digital-twin,100,100
docker-agent-configuration,cloud-infrastructure-security,containers-kubernetes,topic prefix: docker,100,100
docker-agent-deployment-readiness,cloud-infrastructure-security,containers-kubernetes,topic prefix: docker,100,100
docker-agent-run-safety,cloud-infrastructure-security,containers-kubernetes,topic prefix: docker,100,100
docker-compose-stack-design,cloud-infrastructure-security,containers-kubernetes,topic prefix: docker,100,100
docker-destructive-operation-review,cloud-infrastructure-security,containers-kubernetes,topic prefix: docker,100,100
docker-image-build-optimization,cloud-infrastructure-security,containers-kubernetes,topic prefix: docker,100,100
docker-project-containerization,cloud-infrastructure-security,containers-kubernetes,topic prefix: docker,100,100
docker-runtime-development,cloud-infrastructure-security,containers-kubernetes,topic prefix: docker,100,100
docker-sandbox-network-and-credentials,cloud-infrastructure-security,containers-kubernetes,topic prefix: docker,100,100
docs-version-selector-deep-link-verifier,software-development,frontend,topic prefix: docs-version-selector,100,100
documentation-automation-linkcheck-gate,ai-agent-systems,tools-integrations,topic prefix: documentation-automation,100,100
domain-diversity-search-saturation-check,software-development,testing-quality-release,topic prefix: domain-diversity,100,100
drawio,creative-media-design,visual-graphic-design,topic prefix: drawio,100,100
drizzle-orm-expert-capability-surface-map,data-analytics,databases-storage,topic prefix: drizzle,100,100
drizzle-orm-expert-change-impact-assessment,data-analytics,databases-storage,topic prefix: drizzle,100,100
drizzle-orm-expert-failure-triage-record,data-analytics,databases-storage,topic prefix: drizzle,100,100
drizzle-orm-expert-input-output-contract,data-analytics,databases-storage,topic prefix: drizzle,100,100
drizzle-orm-expert-integration-parity-trace,data-analytics,databases-storage,topic prefix: drizzle,100,100
drizzle-orm-expert-performance-envelope,data-analytics,databases-storage,topic prefix: drizzle,100,100
drizzle-orm-expert-permission-boundary-review,data-analytics,databases-storage,topic prefix: drizzle,100,100
drizzle-orm-expert-release-handoff-record,data-analytics,databases-storage,topic prefix: drizzle,100,100
drizzle-orm-expert-reproducibility-fixture-plan,data-analytics,databases-storage,topic prefix: drizzle,100,100
drizzle-orm-expert-version-compatibility,data-analytics,databases-storage,topic prefix: drizzle,100,100
drug-target-evidence-review,science-health-research,life-sciences,topic prefix: drug-target,100,100
duplicate-record-review-bucket-closure,data-analytics,data-quality-governance,topic prefix: duplicate-record,100,100
earliest-causal-test-error-trace,software-development,testing-quality-release,metadata keywords: test-,5,5
earth-observation-orbit-access-analysis,data-analytics,spreadsheets-geospatial,topic prefix: earth-observation,100,100
edge-fleet-decommissioning-approval-evidence-packet,engineering-industry,electronics-hardware,topic prefix: edge-fleet,100,100
edge-fleet-decommissioning-change-impact-trace,engineering-industry,electronics-hardware,topic prefix: edge-fleet,100,100
edge-fleet-decommissioning-closeout-handoff-ledger,engineering-industry,electronics-hardware,topic prefix: edge-fleet,100,100
edge-fleet-decommissioning-completeness-reconciliation,engineering-industry,electronics-hardware,topic prefix: edge-fleet,100,100
edge-fleet-decommissioning-exception-triage-queue,engineering-industry,electronics-hardware,topic prefix: edge-fleet,100,100
edge-fleet-decommissioning-recovery-readiness-drill,engineering-industry,electronics-hardware,topic prefix: edge-fleet,100,100
edge-fleet-decommissioning-scenario-sensitivity-matrix,engineering-industry,electronics-hardware,topic prefix: edge-fleet,100,100
edge-fleet-decommissioning-scope-intake-gate,engineering-industry,electronics-hardware,topic prefix: edge-fleet,100,100
edge-fleet-decommissioning-source-provenance-ledger,engineering-industry,electronics-hardware,topic prefix: edge-fleet,100,100
edge-fleet-decommissioning-threshold-rule-check,engineering-industry,electronics-hardware,topic prefix: edge-fleet,100,100
edge-fleet-firmware-cohort-approval-evidence-packet,engineering-industry,electronics-hardware,topic prefix: edge-fleet,100,100
edge-fleet-firmware-cohort-change-impact-trace,engineering-industry,electronics-hardware,topic prefix: edge-fleet,100,100
edge-fleet-firmware-cohort-closeout-handoff-ledger,engineering-industry,electronics-hardware,topic prefix: edge-fleet,100,100
edge-fleet-firmware-cohort-completeness-reconciliation,engineering-industry,electronics-hardware,topic prefix: edge-fleet,100,100
edge-fleet-firmware-cohort-exception-triage-queue,engineering-industry,electronics-hardware,topic prefix: edge-fleet,100,100
edge-fleet-firmware-cohort-recovery-readiness-drill,engineering-industry,electronics-hardware,topic prefix: edge-fleet,100,100
edge-fleet-firmware-cohort-scenario-sensitivity-matrix,engineering-industry,electronics-hardware,topic prefix: edge-fleet,100,100
edge-fleet-firmware-cohort-scope-intake-gate,engineering-industry,electronics-hardware,topic prefix: edge-fleet,100,100
edge-fleet-firmware-cohort-source-provenance-ledger,engineering-industry,electronics-hardware,topic prefix: edge-fleet,100,100
edge-fleet-firmware-cohort-threshold-rule-check,engineering-industry,electronics-hardware,topic prefix: edge-fleet,100,100
edge-fleet-fleet-alerts-approval-evidence-packet,engineering-industry,electronics-hardware,topic prefix: edge-fleet,100,100
edge-fleet-fleet-alerts-change-impact-trace,engineering-industry,electronics-hardware,topic prefix: edge-fleet,100,100
edge-fleet-fleet-alerts-closeout-handoff-ledger,engineering-industry,electronics-hardware,topic prefix: edge-fleet,100,100
edge-fleet-fleet-alerts-completeness-reconciliation,engineering-industry,electronics-hardware,topic prefix: edge-fleet,100,100
edge-fleet-fleet-alerts-exception-triage-queue,engineering-industry,electronics-hardware,topic prefix: edge-fleet,100,100
edge-fleet-fleet-alerts-recovery-readiness-drill,engineering-industry,electronics-hardware,topic prefix: edge-fleet,100,100
edge-fleet-fleet-alerts-scenario-sensitivity-matrix,engineering-industry,electronics-hardware,topic prefix: edge-fleet,100,100
edge-fleet-fleet-alerts-scope-intake-gate,engineering-industry,electronics-hardware,topic prefix: edge-fleet,100,100
edge-fleet-fleet-alerts-source-provenance-ledger,engineering-industry,electronics-hardware,topic prefix: edge-fleet,100,100
edge-fleet-fleet-alerts-threshold-rule-check,engineering-industry,electronics-hardware,topic prefix: edge-fleet,100,100
edge-fleet-gateway-translation-approval-evidence-packet,engineering-industry,electronics-hardware,topic prefix: edge-fleet,100,100
edge-fleet-gateway-translation-change-impact-trace,engineering-industry,electronics-hardware,topic prefix: edge-fleet,100,100
edge-fleet-gateway-translation-closeout-handoff-ledger,engineering-industry,electronics-hardware,topic prefix: edge-fleet,100,100
edge-fleet-gateway-translation-completeness-reconciliation,engineering-industry,electronics-hardware,topic prefix: edge-fleet,100,100
edge-fleet-gateway-translation-exception-triage-queue,engineering-industry,electronics-hardware,topic prefix: edge-fleet,100,100
edge-fleet-gateway-translation-recovery-readiness-drill,engineering-industry,electronics-hardware,topic prefix: edge-fleet,100,100
edge-fleet-gateway-translation-scenario-sensitivity-matrix,engineering-industry,electronics-hardware,topic prefix: edge-fleet,100,100
edge-fleet-gateway-translation-scope-intake-gate,engineering-industry,electronics-hardware,topic prefix: edge-fleet,100,100
edge-fleet-gateway-translation-source-provenance-ledger,engineering-industry,electronics-hardware,topic prefix: edge-fleet,100,100
edge-fleet-gateway-translation-threshold-rule-check,engineering-industry,electronics-hardware,topic prefix: edge-fleet,100,100
edge-fleet-identity-onboarding-approval-evidence-packet,engineering-industry,electronics-hardware,topic prefix: edge-fleet,100,100
edge-fleet-identity-onboarding-change-impact-trace,engineering-industry,electronics-hardware,topic prefix: edge-fleet,100,100
edge-fleet-identity-onboarding-closeout-handoff-ledger,engineering-industry,electronics-hardware,topic prefix: edge-fleet,100,100
edge-fleet-identity-onboarding-completeness-reconciliation,engineering-industry,electronics-hardware,topic prefix: edge-fleet,100,100
edge-fleet-identity-onboarding-exception-triage-queue,engineering-industry,electronics-hardware,topic prefix: edge-fleet,100,100
edge-fleet-identity-onboarding-recovery-readiness-drill,engineering-industry,electronics-hardware,topic prefix: edge-fleet,100,100
edge-fleet-identity-onboarding-scenario-sensitivity-matrix,engineering-industry,electronics-hardware,topic prefix: edge-fleet,100,100
edge-fleet-identity-onboarding-scope-intake-gate,engineering-industry,electronics-hardware,topic prefix: edge-fleet,100,100
edge-fleet-identity-onboarding-source-provenance-ledger,engineering-industry,electronics-hardware,topic prefix: edge-fleet,100,100
edge-fleet-identity-onboarding-threshold-rule-check,engineering-industry,electronics-hardware,topic prefix: edge-fleet,100,100
edge-fleet-low-power-regression-approval-evidence-packet,engineering-industry,electronics-hardware,topic prefix: edge-fleet,100,100
edge-fleet-low-power-regression-change-impact-trace,engineering-industry,electronics-hardware,topic prefix: edge-fleet,100,100
edge-fleet-low-power-regression-closeout-handoff-ledger,engineering-industry,electronics-hardware,topic prefix: edge-fleet,100,100
edge-fleet-low-power-regression-completeness-reconciliation,engineering-industry,electronics-hardware,topic prefix: edge-fleet,100,100
edge-fleet-low-power-regression-exception-triage-queue,engineering-industry,electronics-hardware,topic prefix: edge-fleet,100,100
edge-fleet-low-power-regression-recovery-readiness-drill,engineering-industry,electronics-hardware,topic prefix: edge-fleet,100,100
edge-fleet-low-power-regression-scenario-sensitivity-matrix,engineering-industry,electronics-hardware,topic prefix: edge-fleet,100,100
edge-fleet-low-power-regression-scope-intake-gate,engineering-industry,electronics-hardware,topic prefix: edge-fleet,100,100
edge-fleet-low-power-regression-source-provenance-ledger,engineering-industry,electronics-hardware,topic prefix: edge-fleet,100,100
edge-fleet-low-power-regression-threshold-rule-check,engineering-industry,electronics-hardware,topic prefix: edge-fleet,100,100
edge-fleet-offline-replay-approval-evidence-packet,engineering-industry,electronics-hardware,topic prefix: edge-fleet,100,100
edge-fleet-offline-replay-change-impact-trace,engineering-industry,electronics-hardware,topic prefix: edge-fleet,100,100
edge-fleet-offline-replay-closeout-handoff-ledger,engineering-industry,electronics-hardware,topic prefix: edge-fleet,100,100
edge-fleet-offline-replay-completeness-reconciliation,engineering-industry,electronics-hardware,topic prefix: edge-fleet,100,100
edge-fleet-offline-replay-exception-triage-queue,engineering-industry,electronics-hardware,topic prefix: edge-fleet,100,100
edge-fleet-offline-replay-recovery-readiness-drill,engineering-industry,electronics-hardware,topic prefix: edge-fleet,100,100
edge-fleet-offline-replay-scenario-sensitivity-matrix,engineering-industry,electronics-hardware,topic prefix: edge-fleet,100,100
edge-fleet-offline-replay-scope-intake-gate,engineering-industry,electronics-hardware,topic prefix: edge-fleet,100,100
edge-fleet-offline-replay-source-provenance-ledger,engineering-industry,electronics-hardware,topic prefix: edge-fleet,100,100
edge-fleet-offline-replay-threshold-rule-check,engineering-industry,electronics-hardware,topic prefix: edge-fleet,100,100
edge-fleet-ota-recovery-approval-evidence-packet,engineering-industry,electronics-hardware,topic prefix: edge-fleet,100,100
edge-fleet-ota-recovery-change-impact-trace,engineering-industry,electronics-hardware,topic prefix: edge-fleet,100,100
edge-fleet-ota-recovery-closeout-handoff-ledger,engineering-industry,electronics-hardware,topic prefix: edge-fleet,100,100
edge-fleet-ota-recovery-completeness-reconciliation,engineering-industry,electronics-hardware,topic prefix: edge-fleet,100,100
edge-fleet-ota-recovery-exception-triage-queue,engineering-industry,electronics-hardware,topic prefix: edge-fleet,100,100
edge-fleet-ota-recovery-recovery-readiness-drill,engineering-industry,electronics-hardware,topic prefix: edge-fleet,100,100
edge-fleet-ota-recovery-scenario-sensitivity-matrix,engineering-industry,electronics-hardware,topic prefix: edge-fleet,100,100
edge-fleet-ota-recovery-scope-intake-gate,engineering-industry,electronics-hardware,topic prefix: edge-fleet,100,100
edge-fleet-ota-recovery-source-provenance-ledger,engineering-industry,electronics-hardware,topic prefix: edge-fleet,100,100
edge-fleet-ota-recovery-threshold-rule-check,engineering-industry,electronics-hardware,topic prefix: edge-fleet,100,100
edge-fleet-sensor-calibration-approval-evidence-packet,engineering-industry,electronics-hardware,topic prefix: edge-fleet,100,100
edge-fleet-sensor-calibration-change-impact-trace,engineering-industry,electronics-hardware,topic prefix: edge-fleet,100,100
edge-fleet-sensor-calibration-closeout-handoff-ledger,engineering-industry,electronics-hardware,topic prefix: edge-fleet,100,100
edge-fleet-sensor-calibration-completeness-reconciliation,engineering-industry,electronics-hardware,topic prefix: edge-fleet,100,100
edge-fleet-sensor-calibration-exception-triage-queue,engineering-industry,electronics-hardware,topic prefix: edge-fleet,100,100
edge-fleet-sensor-calibration-recovery-readiness-drill,engineering-industry,electronics-hardware,topic prefix: edge-fleet,100,100
edge-fleet-sensor-calibration-scenario-sensitivity-matrix,engineering-industry,electronics-hardware,topic prefix: edge-fleet,100,100
edge-fleet-sensor-calibration-scope-intake-gate,engineering-industry,electronics-hardware,topic prefix: edge-fleet,100,100
edge-fleet-sensor-calibration-source-provenance-ledger,engineering-industry,electronics-hardware,topic prefix: edge-fleet,100,100
edge-fleet-sensor-calibration-threshold-rule-check,engineering-industry,electronics-hardware,topic prefix: edge-fleet,100,100
edge-fleet-telemetry-minimization-approval-evidence-packet,engineering-industry,electronics-hardware,topic prefix: edge-fleet,100,100
edge-fleet-telemetry-minimization-change-impact-trace,engineering-industry,electronics-hardware,topic prefix: edge-fleet,100,100
edge-fleet-telemetry-minimization-closeout-handoff-ledger,engineering-industry,electronics-hardware,topic prefix: edge-fleet,100,100
edge-fleet-telemetry-minimization-completeness-reconciliation,engineering-industry,electronics-hardware,topic prefix: edge-fleet,100,100
edge-fleet-telemetry-minimization-exception-triage-queue,engineering-industry,electronics-hardware,topic prefix: edge-fleet,100,100
edge-fleet-telemetry-minimization-recovery-readiness-drill,engineering-industry,electronics-hardware,topic prefix: edge-fleet,100,100
edge-fleet-telemetry-minimization-scenario-sensitivity-matrix,engineering-industry,electronics-hardware,topic prefix: edge-fleet,100,100
edge-fleet-telemetry-minimization-scope-intake-gate,engineering-industry,electronics-hardware,topic prefix: edge-fleet,100,100
edge-fleet-telemetry-minimization-source-provenance-ledger,engineering-industry,electronics-hardware,topic prefix: edge-fleet,100,100
edge-fleet-telemetry-minimization-threshold-rule-check,engineering-industry,electronics-hardware,topic prefix: edge-fleet,100,100
edge-inference-latency-budget,ai-agent-systems,evaluation-observability,topic prefix: edge-inference,100,100
edge-model-export-validation,engineering-industry,electronics-hardware,topic prefix: edge-model,100,100
edge-model-version-rollout-review,engineering-industry,electronics-hardware,topic prefix: edge-model,100,100
edge-site-compute-capacity-budget,engineering-industry,electronics-hardware,topic prefix: edge-site,100,100
edge-site-to-cloud-bandwidth-budget,engineering-industry,electronics-hardware,topic prefix: edge-site,100,100
edge-video-analytics-false-alarm-triage,data-analytics,analytics-visualization,metadata keywords: analytics,5,5
edu-ops-assessment-approval-evidence-packet,education-public-service,assessment-learning,education operations assessment/support topic,100,100
edu-ops-assessment-change-impact-trace,education-public-service,assessment-learning,education operations assessment/support topic,100,100
edu-ops-assessment-closeout-handoff-ledger,education-public-service,assessment-learning,education operations assessment/support topic,100,100
edu-ops-assessment-completeness-reconciliation,education-public-service,assessment-learning,education operations assessment/support topic,100,100
edu-ops-assessment-exception-triage-queue,education-public-service,assessment-learning,education operations assessment/support topic,100,100
edu-ops-assessment-recovery-readiness-drill,education-public-service,assessment-learning,education operations assessment/support topic,100,100
edu-ops-assessment-scenario-sensitivity-matrix,education-public-service,assessment-learning,education operations assessment/support topic,100,100
edu-ops-assessment-scope-intake-gate,education-public-service,assessment-learning,education operations assessment/support topic,100,100
edu-ops-assessment-source-provenance-ledger,education-public-service,assessment-learning,education operations assessment/support topic,100,100
edu-ops-assessment-threshold-rule-check,education-public-service,assessment-learning,education operations assessment/support topic,100,100
edu-ops-curriculum-approval-evidence-packet,education-public-service,curriculum-instruction,education operations instructional topic,100,100
edu-ops-curriculum-change-impact-trace,education-public-service,curriculum-instruction,education operations instructional topic,100,100
edu-ops-curriculum-closeout-handoff-ledger,education-public-service,curriculum-instruction,education operations instructional topic,100,100
edu-ops-curriculum-completeness-reconciliation,education-public-service,curriculum-instruction,education operations instructional topic,100,100
edu-ops-curriculum-exception-triage-queue,education-public-service,curriculum-instruction,education operations instructional topic,100,100
edu-ops-curriculum-recovery-readiness-drill,education-public-service,curriculum-instruction,education operations instructional topic,100,100
edu-ops-curriculum-scenario-sensitivity-matrix,education-public-service,curriculum-instruction,education operations instructional topic,100,100
edu-ops-curriculum-scope-intake-gate,education-public-service,curriculum-instruction,education operations instructional topic,100,100
edu-ops-curriculum-source-provenance-ledger,education-public-service,curriculum-instruction,education operations instructional topic,100,100
edu-ops-curriculum-threshold-rule-check,education-public-service,curriculum-instruction,education operations instructional topic,100,100
edu-ops-inclusion-approval-evidence-packet,education-public-service,curriculum-instruction,education operations instructional topic,100,100
edu-ops-inclusion-change-impact-trace,education-public-service,curriculum-instruction,education operations instructional topic,100,100
edu-ops-inclusion-closeout-handoff-ledger,education-public-service,curriculum-instruction,education operations instructional topic,100,100
edu-ops-inclusion-completeness-reconciliation,education-public-service,curriculum-instruction,education operations instructional topic,100,100
edu-ops-inclusion-exception-triage-queue,education-public-service,curriculum-instruction,education operations instructional topic,100,100
edu-ops-inclusion-recovery-readiness-drill,education-public-service,curriculum-instruction,education operations instructional topic,100,100
edu-ops-inclusion-scenario-sensitivity-matrix,education-public-service,curriculum-instruction,education operations instructional topic,100,100
edu-ops-inclusion-scope-intake-gate,education-public-service,curriculum-instruction,education operations instructional topic,100,100
edu-ops-inclusion-source-provenance-ledger,education-public-service,curriculum-instruction,education operations instructional topic,100,100
edu-ops-inclusion-threshold-rule-check,education-public-service,curriculum-instruction,education operations instructional topic,100,100
edu-ops-language-approval-evidence-packet,education-public-service,curriculum-instruction,education operations instructional topic,100,100
edu-ops-language-change-impact-trace,education-public-service,curriculum-instruction,education operations instructional topic,100,100
edu-ops-language-closeout-handoff-ledger,education-public-service,curriculum-instruction,education operations instructional topic,100,100
edu-ops-language-completeness-reconciliation,education-public-service,curriculum-instruction,education operations instructional topic,100,100
edu-ops-language-exception-triage-queue,education-public-service,curriculum-instruction,education operations instructional topic,100,100
edu-ops-language-recovery-readiness-drill,education-public-service,curriculum-instruction,education operations instructional topic,100,100
edu-ops-language-scenario-sensitivity-matrix,education-public-service,curriculum-instruction,education operations instructional topic,100,100
edu-ops-language-scope-intake-gate,education-public-service,curriculum-instruction,education operations instructional topic,100,100
edu-ops-language-source-provenance-ledger,education-public-service,curriculum-instruction,education operations instructional topic,100,100
edu-ops-language-threshold-rule-check,education-public-service,curriculum-instruction,education operations instructional topic,100,100
edu-ops-learner-support-approval-evidence-packet,education-public-service,assessment-learning,education operations assessment/support topic,100,100
edu-ops-learner-support-change-impact-trace,education-public-service,assessment-learning,education operations assessment/support topic,100,100
edu-ops-learner-support-closeout-handoff-ledger,education-public-service,assessment-learning,education operations assessment/support topic,100,100
edu-ops-learner-support-completeness-reconciliation,education-public-service,assessment-learning,education operations assessment/support topic,100,100
edu-ops-learner-support-exception-triage-queue,education-public-service,assessment-learning,education operations assessment/support topic,100,100
edu-ops-learner-support-recovery-readiness-drill,education-public-service,assessment-learning,education operations assessment/support topic,100,100
edu-ops-learner-support-scenario-sensitivity-matrix,education-public-service,assessment-learning,education operations assessment/support topic,100,100
edu-ops-learner-support-scope-intake-gate,education-public-service,assessment-learning,education operations assessment/support topic,100,100
edu-ops-learner-support-source-provenance-ledger,education-public-service,assessment-learning,education operations assessment/support topic,100,100
edu-ops-learner-support-threshold-rule-check,education-public-service,assessment-learning,education operations assessment/support topic,100,100
edu-ops-lesson-design-approval-evidence-packet,education-public-service,curriculum-instruction,education operations instructional topic,100,100
edu-ops-lesson-design-change-impact-trace,education-public-service,curriculum-instruction,education operations instructional topic,100,100
edu-ops-lesson-design-closeout-handoff-ledger,education-public-service,curriculum-instruction,education operations instructional topic,100,100
edu-ops-lesson-design-completeness-reconciliation,education-public-service,curriculum-instruction,education operations instructional topic,100,100
edu-ops-lesson-design-exception-triage-queue,education-public-service,curriculum-instruction,education operations instructional topic,100,100
edu-ops-lesson-design-recovery-readiness-drill,education-public-service,curriculum-instruction,education operations instructional topic,100,100
edu-ops-lesson-design-scenario-sensitivity-matrix,education-public-service,curriculum-instruction,education operations instructional topic,100,100
edu-ops-lesson-design-scope-intake-gate,education-public-service,curriculum-instruction,education operations instructional topic,100,100
edu-ops-lesson-design-source-provenance-ledger,education-public-service,curriculum-instruction,education operations instructional topic,100,100
edu-ops-lesson-design-threshold-rule-check,education-public-service,curriculum-instruction,education operations instructional topic,100,100
edu-ops-lms-operations-approval-evidence-packet,education-public-service,curriculum-instruction,education operations instructional topic,100,100
edu-ops-lms-operations-change-impact-trace,education-public-service,curriculum-instruction,education operations instructional topic,100,100
edu-ops-lms-operations-closeout-handoff-ledger,education-public-service,curriculum-instruction,education operations instructional topic,100,100
edu-ops-lms-operations-completeness-reconciliation,education-public-service,curriculum-instruction,education operations instructional topic,100,100
edu-ops-lms-operations-exception-triage-queue,education-public-service,curriculum-instruction,education operations instructional topic,100,100
edu-ops-lms-operations-recovery-readiness-drill,education-public-service,curriculum-instruction,education operations instructional topic,100,100
edu-ops-lms-operations-scenario-sensitivity-matrix,education-public-service,curriculum-instruction,education operations instructional topic,100,100
edu-ops-lms-operations-scope-intake-gate,education-public-service,curriculum-instruction,education operations instructional topic,100,100
edu-ops-lms-operations-source-provenance-ledger,education-public-service,curriculum-instruction,education operations instructional topic,100,100
edu-ops-lms-operations-threshold-rule-check,education-public-service,curriculum-instruction,education operations instructional topic,100,100
edu-ops-program-evaluation-approval-evidence-packet,education-public-service,assessment-learning,education operations assessment/support topic,100,100
edu-ops-program-evaluation-change-impact-trace,education-public-service,assessment-learning,education operations assessment/support topic,100,100
edu-ops-program-evaluation-closeout-handoff-ledger,education-public-service,assessment-learning,education operations assessment/support topic,100,100
edu-ops-program-evaluation-completeness-reconciliation,education-public-service,assessment-learning,education operations assessment/support topic,100,100
edu-ops-program-evaluation-exception-triage-queue,education-public-service,assessment-learning,education operations assessment/support topic,100,100
edu-ops-program-evaluation-recovery-readiness-drill,education-public-service,assessment-learning,education operations assessment/support topic,100,100
edu-ops-program-evaluation-scenario-sensitivity-matrix,education-public-service,assessment-learning,education operations assessment/support topic,100,100
edu-ops-program-evaluation-scope-intake-gate,education-public-service,assessment-learning,education operations assessment/support topic,100,100
edu-ops-program-evaluation-source-provenance-ledger,education-public-service,assessment-learning,education operations assessment/support topic,100,100
edu-ops-program-evaluation-threshold-rule-check,education-public-service,assessment-learning,education operations assessment/support topic,100,100
edu-ops-school-operations-approval-evidence-packet,education-public-service,public-service-operations,school administration topic,100,100
edu-ops-school-operations-change-impact-trace,education-public-service,public-service-operations,school administration topic,100,100
edu-ops-school-operations-closeout-handoff-ledger,education-public-service,public-service-operations,school administration topic,100,100
edu-ops-school-operations-completeness-reconciliation,education-public-service,public-service-operations,school administration topic,100,100
edu-ops-school-operations-exception-triage-queue,education-public-service,public-service-operations,school administration topic,100,100
edu-ops-school-operations-recovery-readiness-drill,education-public-service,public-service-operations,school administration topic,100,100
edu-ops-school-operations-scenario-sensitivity-matrix,education-public-service,public-service-operations,school administration topic,100,100
edu-ops-school-operations-scope-intake-gate,education-public-service,public-service-operations,school administration topic,100,100
edu-ops-school-operations-source-provenance-ledger,education-public-service,public-service-operations,school administration topic,100,100
edu-ops-school-operations-threshold-rule-check,education-public-service,public-service-operations,school administration topic,100,100
edu-ops-teacher-development-approval-evidence-packet,education-public-service,curriculum-instruction,education operations instructional topic,100,100
edu-ops-teacher-development-change-impact-trace,education-public-service,curriculum-instruction,education operations instructional topic,100,100
edu-ops-teacher-development-closeout-handoff-ledger,education-public-service,curriculum-instruction,education operations instructional topic,100,100
edu-ops-teacher-development-completeness-reconciliation,education-public-service,curriculum-instruction,education operations instructional topic,100,100
edu-ops-teacher-development-exception-triage-queue,education-public-service,curriculum-instruction,education operations instructional topic,100,100
edu-ops-teacher-development-recovery-readiness-drill,education-public-service,curriculum-instruction,education operations instructional topic,100,100
edu-ops-teacher-development-scenario-sensitivity-matrix,education-public-service,curriculum-instruction,education operations instructional topic,100,100
edu-ops-teacher-development-scope-intake-gate,education-public-service,curriculum-instruction,education operations instructional topic,100,100
edu-ops-teacher-development-source-provenance-ledger,education-public-service,curriculum-instruction,education operations instructional topic,100,100
edu-ops-teacher-development-threshold-rule-check,education-public-service,curriculum-instruction,education operations instructional topic,100,100
effective-config-defaults-black-box-check,software-development,architecture-devtools,topic prefix: effective-config-defaults,100,100
elevenlabs-conversational-agent-design,ai-agent-systems,tools-integrations,topic prefix: elevenlabs,100,100
embedded-wifi-low-power-diagnostics,engineering-industry,electronics-hardware,topic prefix: embedded,100,100
emc-precompliance-check,engineering-industry,electronics-hardware,metadata keywords: emc-,5,5
emulator-and-virtual-machine-development,software-development,languages-frameworks,topic prefix: emulator-and-virtual-machine,100,100
energy-ops-demand-response-approval-evidence-packet,engineering-industry,energy-climate,topic prefix: energy-ops,100,100
energy-ops-demand-response-change-impact-trace,engineering-industry,energy-climate,topic prefix: energy-ops,100,100
energy-ops-demand-response-closeout-handoff-ledger,engineering-industry,energy-climate,topic prefix: energy-ops,100,100
energy-ops-demand-response-completeness-reconciliation,engineering-industry,energy-climate,topic prefix: energy-ops,100,100
energy-ops-demand-response-exception-triage-queue,engineering-industry,energy-climate,topic prefix: energy-ops,100,100
energy-ops-demand-response-recovery-readiness-drill,engineering-industry,energy-climate,topic prefix: energy-ops,100,100
energy-ops-demand-response-scenario-sensitivity-matrix,engineering-industry,energy-climate,topic prefix: energy-ops,100,100
energy-ops-demand-response-scope-intake-gate,engineering-industry,energy-climate,topic prefix: energy-ops,100,100
energy-ops-demand-response-source-provenance-ledger,engineering-industry,energy-climate,topic prefix: energy-ops,100,100
energy-ops-demand-response-threshold-rule-check,engineering-industry,energy-climate,topic prefix: energy-ops,100,100
energy-ops-efficiency-approval-evidence-packet,engineering-industry,energy-climate,topic prefix: energy-ops,100,100
energy-ops-efficiency-change-impact-trace,engineering-industry,energy-climate,topic prefix: energy-ops,100,100
energy-ops-efficiency-closeout-handoff-ledger,engineering-industry,energy-climate,topic prefix: energy-ops,100,100
energy-ops-efficiency-completeness-reconciliation,engineering-industry,energy-climate,topic prefix: energy-ops,100,100
energy-ops-efficiency-exception-triage-queue,engineering-industry,energy-climate,topic prefix: energy-ops,100,100
energy-ops-efficiency-recovery-readiness-drill,engineering-industry,energy-climate,topic prefix: energy-ops,100,100
energy-ops-efficiency-scenario-sensitivity-matrix,engineering-industry,energy-climate,topic prefix: energy-ops,100,100
energy-ops-efficiency-scope-intake-gate,engineering-industry,energy-climate,topic prefix: energy-ops,100,100
energy-ops-efficiency-source-provenance-ledger,engineering-industry,energy-climate,topic prefix: energy-ops,100,100
energy-ops-efficiency-threshold-rule-check,engineering-industry,energy-climate,topic prefix: energy-ops,100,100
energy-ops-energy-reporting-approval-evidence-packet,engineering-industry,energy-climate,topic prefix: energy-ops,100,100
energy-ops-energy-reporting-change-impact-trace,engineering-industry,energy-climate,topic prefix: energy-ops,100,100
energy-ops-energy-reporting-closeout-handoff-ledger,engineering-industry,energy-climate,topic prefix: energy-ops,100,100
energy-ops-energy-reporting-completeness-reconciliation,engineering-industry,energy-climate,topic prefix: energy-ops,100,100
energy-ops-energy-reporting-exception-triage-queue,engineering-industry,energy-climate,topic prefix: energy-ops,100,100
energy-ops-energy-reporting-recovery-readiness-drill,engineering-industry,energy-climate,topic prefix: energy-ops,100,100
energy-ops-energy-reporting-scenario-sensitivity-matrix,engineering-industry,energy-climate,topic prefix: energy-ops,100,100
energy-ops-energy-reporting-scope-intake-gate,engineering-industry,energy-climate,topic prefix: energy-ops,100,100
energy-ops-energy-reporting-source-provenance-ledger,engineering-industry,energy-climate,topic prefix: energy-ops,100,100
energy-ops-energy-reporting-threshold-rule-check,engineering-industry,energy-climate,topic prefix: energy-ops,100,100
energy-ops-load-forecast-approval-evidence-packet,engineering-industry,energy-climate,topic prefix: energy-ops,100,100
energy-ops-load-forecast-change-impact-trace,engineering-industry,energy-climate,topic prefix: energy-ops,100,100
energy-ops-load-forecast-closeout-handoff-ledger,engineering-industry,energy-climate,topic prefix: energy-ops,100,100
energy-ops-load-forecast-completeness-reconciliation,engineering-industry,energy-climate,topic prefix: energy-ops,100,100
energy-ops-load-forecast-exception-triage-queue,engineering-industry,energy-climate,topic prefix: energy-ops,100,100
energy-ops-load-forecast-recovery-readiness-drill,engineering-industry,energy-climate,topic prefix: energy-ops,100,100
energy-ops-load-forecast-scenario-sensitivity-matrix,engineering-industry,energy-climate,topic prefix: energy-ops,100,100
energy-ops-load-forecast-scope-intake-gate,engineering-industry,energy-climate,topic prefix: energy-ops,100,100
energy-ops-load-forecast-source-provenance-ledger,engineering-industry,energy-climate,topic prefix: energy-ops,100,100
energy-ops-load-forecast-threshold-rule-check,engineering-industry,energy-climate,topic prefix: energy-ops,100,100
energy-ops-onsite-generation-approval-evidence-packet,engineering-industry,energy-climate,topic prefix: energy-ops,100,100
energy-ops-onsite-generation-change-impact-trace,engineering-industry,energy-climate,topic prefix: energy-ops,100,100
energy-ops-onsite-generation-closeout-handoff-ledger,engineering-industry,energy-climate,topic prefix: energy-ops,100,100
energy-ops-onsite-generation-completeness-reconciliation,engineering-industry,energy-climate,topic prefix: energy-ops,100,100
energy-ops-onsite-generation-exception-triage-queue,engineering-industry,energy-climate,topic prefix: energy-ops,100,100
energy-ops-onsite-generation-recovery-readiness-drill,engineering-industry,energy-climate,topic prefix: energy-ops,100,100
energy-ops-onsite-generation-scenario-sensitivity-matrix,engineering-industry,energy-climate,topic prefix: energy-ops,100,100
energy-ops-onsite-generation-scope-intake-gate,engineering-industry,energy-climate,topic prefix: energy-ops,100,100
energy-ops-onsite-generation-source-provenance-ledger,engineering-industry,energy-climate,topic prefix: energy-ops,100,100
energy-ops-onsite-generation-threshold-rule-check,engineering-industry,energy-climate,topic prefix: energy-ops,100,100
energy-ops-procurement-approval-evidence-packet,engineering-industry,energy-climate,topic prefix: energy-ops,100,100
energy-ops-procurement-change-impact-trace,engineering-industry,energy-climate,topic prefix: energy-ops,100,100
energy-ops-procurement-closeout-handoff-ledger,engineering-industry,energy-climate,topic prefix: energy-ops,100,100
energy-ops-procurement-completeness-reconciliation,engineering-industry,energy-climate,topic prefix: energy-ops,100,100
energy-ops-procurement-exception-triage-queue,engineering-industry,energy-climate,topic prefix: energy-ops,100,100
energy-ops-procurement-recovery-readiness-drill,engineering-industry,energy-climate,topic prefix: energy-ops,100,100
energy-ops-procurement-scenario-sensitivity-matrix,engineering-industry,energy-climate,topic prefix: energy-ops,100,100
energy-ops-procurement-scope-intake-gate,engineering-industry,energy-climate,topic prefix: energy-ops,100,100
energy-ops-procurement-source-provenance-ledger,engineering-industry,energy-climate,topic prefix: energy-ops,100,100
energy-ops-procurement-threshold-rule-check,engineering-industry,energy-climate,topic prefix: energy-ops,100,100
energy-ops-renewable-contract-approval-evidence-packet,engineering-industry,energy-climate,topic prefix: energy-ops,100,100
energy-ops-renewable-contract-change-impact-trace,engineering-industry,energy-climate,topic prefix: energy-ops,100,100
energy-ops-renewable-contract-closeout-handoff-ledger,engineering-industry,energy-climate,topic prefix: energy-ops,100,100
energy-ops-renewable-contract-completeness-reconciliation,engineering-industry,energy-climate,topic prefix: energy-ops,100,100
energy-ops-renewable-contract-exception-triage-queue,engineering-industry,energy-climate,topic prefix: energy-ops,100,100
energy-ops-renewable-contract-recovery-readiness-drill,engineering-industry,energy-climate,topic prefix: energy-ops,100,100
energy-ops-renewable-contract-scenario-sensitivity-matrix,engineering-industry,energy-climate,topic prefix: energy-ops,100,100
energy-ops-renewable-contract-scope-intake-gate,engineering-industry,energy-climate,topic prefix: energy-ops,100,100
energy-ops-renewable-contract-source-provenance-ledger,engineering-industry,energy-climate,topic prefix: energy-ops,100,100
energy-ops-renewable-contract-threshold-rule-check,engineering-industry,energy-climate,topic prefix: energy-ops,100,100
energy-ops-storage-approval-evidence-packet,engineering-industry,energy-climate,topic prefix: energy-ops,100,100
energy-ops-storage-change-impact-trace,engineering-industry,energy-climate,topic prefix: energy-ops,100,100
energy-ops-storage-closeout-handoff-ledger,engineering-industry,energy-climate,topic prefix: energy-ops,100,100
energy-ops-storage-completeness-reconciliation,engineering-industry,energy-climate,topic prefix: energy-ops,100,100
energy-ops-storage-exception-triage-queue,engineering-industry,energy-climate,topic prefix: energy-ops,100,100
energy-ops-storage-recovery-readiness-drill,engineering-industry,energy-climate,topic prefix: energy-ops,100,100
energy-ops-storage-scenario-sensitivity-matrix,engineering-industry,energy-climate,topic prefix: energy-ops,100,100
energy-ops-storage-scope-intake-gate,engineering-industry,energy-climate,topic prefix: energy-ops,100,100
energy-ops-storage-source-provenance-ledger,engineering-industry,energy-climate,topic prefix: energy-ops,100,100
energy-ops-storage-threshold-rule-check,engineering-industry,energy-climate,topic prefix: energy-ops,100,100
energy-ops-utility-bill-approval-evidence-packet,engineering-industry,energy-climate,topic prefix: energy-ops,100,100
energy-ops-utility-bill-change-impact-trace,engineering-industry,energy-climate,topic prefix: energy-ops,100,100
energy-ops-utility-bill-closeout-handoff-ledger,engineering-industry,energy-climate,topic prefix: energy-ops,100,100
energy-ops-utility-bill-completeness-reconciliation,engineering-industry,energy-climate,topic prefix: energy-ops,100,100
energy-ops-utility-bill-exception-triage-queue,engineering-industry,energy-climate,topic prefix: energy-ops,100,100
energy-ops-utility-bill-recovery-readiness-drill,engineering-industry,energy-climate,topic prefix: energy-ops,100,100
energy-ops-utility-bill-scenario-sensitivity-matrix,engineering-industry,energy-climate,topic prefix: energy-ops,100,100
energy-ops-utility-bill-scope-intake-gate,engineering-industry,energy-climate,topic prefix: energy-ops,100,100
energy-ops-utility-bill-source-provenance-ledger,engineering-industry,energy-climate,topic prefix: energy-ops,100,100
energy-ops-utility-bill-threshold-rule-check,engineering-industry,energy-climate,topic prefix: energy-ops,100,100
energy-ops-utility-reliability-approval-evidence-packet,engineering-industry,energy-climate,topic prefix: energy-ops,100,100
energy-ops-utility-reliability-change-impact-trace,engineering-industry,energy-climate,topic prefix: energy-ops,100,100
energy-ops-utility-reliability-closeout-handoff-ledger,engineering-industry,energy-climate,topic prefix: energy-ops,100,100
energy-ops-utility-reliability-completeness-reconciliation,engineering-industry,energy-climate,topic prefix: energy-ops,100,100
energy-ops-utility-reliability-exception-triage-queue,engineering-industry,energy-climate,topic prefix: energy-ops,100,100
energy-ops-utility-reliability-recovery-readiness-drill,engineering-industry,energy-climate,topic prefix: energy-ops,100,100
energy-ops-utility-reliability-scenario-sensitivity-matrix,engineering-industry,energy-climate,topic prefix: energy-ops,100,100
energy-ops-utility-reliability-scope-intake-gate,engineering-industry,energy-climate,topic prefix: energy-ops,100,100
energy-ops-utility-reliability-source-provenance-ledger,engineering-industry,energy-climate,topic prefix: energy-ops,100,100
energy-ops-utility-reliability-threshold-rule-check,engineering-industry,energy-climate,topic prefix: energy-ops,100,100
environment-parity-failure-reproducer,software-development,testing-quality-release,topic prefix: environment-parity,100,100
epidemiological-surveillance-analysis,science-health-research,statistics-evidence,topic prefix: epidemiological,100,100
error-empty-state-retry-path-verifier,software-development,frontend,topic prefix: error-empty-state,100,100
evaluation-harness-design,ai-agent-systems,evaluation-observability,topic prefix: evaluation-harness,100,100
evidence-certainty-grading,ai-agent-systems,evaluation-observability,topic prefix: evidence-certainty,100,100
evidence-coverage-matrix-gap-closure,ai-agent-systems,evaluation-observability,topic prefix: evidence-coverage,100,100
experimental-uncertainty-propagation-budget,science-health-research,physical-earth-sciences,metadata keywords: physics,2,2
explain-like-socrates-capability-surface-map,education-public-service,curriculum-instruction,"metadata keywords: socratic, educator",4,4
explain-like-socrates-change-impact-assessment,education-public-service,curriculum-instruction,"metadata keywords: socratic, educator",4,4
explain-like-socrates-failure-triage-record,education-public-service,curriculum-instruction,"metadata keywords: socratic, educator",4,4
explain-like-socrates-input-output-contract,education-public-service,curriculum-instruction,"metadata keywords: socratic, educator",4,4
explain-like-socrates-integration-parity-trace,education-public-service,curriculum-instruction,"metadata keywords: socratic, educator",4,4
explain-like-socrates-performance-envelope,education-public-service,curriculum-instruction,"metadata keywords: socratic, educator",4,4
explain-like-socrates-permission-boundary-review,education-public-service,curriculum-instruction,"metadata keywords: socratic, educator",4,4
explain-like-socrates-release-handoff-record,education-public-service,curriculum-instruction,"metadata keywords: socratic, educator",4,4
explain-like-socrates-reproducibility-fixture-plan,education-public-service,curriculum-instruction,"metadata keywords: socratic, educator",4,4
explain-like-socrates-version-compatibility,education-public-service,curriculum-instruction,"metadata keywords: socratic, educator",4,4
external-write-preview-hash-approval-check,ai-agent-systems,safety-governance,topic prefix: external-write,100,100
failure-recovery-and-replanning,ai-agent-systems,agent-architecture-orchestration,topic prefix: failure-recovery,100,100
fal-platform-capability-surface-map,ai-agent-systems,tools-integrations,topic prefix: fal-platform,100,100
fal-platform-change-impact-assessment,ai-agent-systems,tools-integrations,topic prefix: fal-platform,100,100
fal-platform-failure-triage-record,ai-agent-systems,tools-integrations,topic prefix: fal-platform,100,100
fal-platform-input-output-contract,ai-agent-systems,tools-integrations,topic prefix: fal-platform,100,100
fal-platform-integration-parity-trace,ai-agent-systems,tools-integrations,topic prefix: fal-platform,100,100
fal-platform-performance-envelope,ai-agent-systems,tools-integrations,topic prefix: fal-platform,100,100
fal-platform-permission-boundary-review,ai-agent-systems,tools-integrations,topic prefix: fal-platform,100,100
fal-platform-release-handoff-record,ai-agent-systems,tools-integrations,topic prefix: fal-platform,100,100
fal-platform-reproducibility-fixture-plan,ai-agent-systems,tools-integrations,topic prefix: fal-platform,100,100
fal-platform-version-compatibility,ai-agent-systems,tools-integrations,topic prefix: fal-platform,100,100
fal-workflow-capability-surface-map,ai-agent-systems,tools-integrations,topic prefix: fal-workflow,100,100
fal-workflow-change-impact-assessment,ai-agent-systems,tools-integrations,topic prefix: fal-workflow,100,100
fal-workflow-failure-triage-record,ai-agent-systems,tools-integrations,topic prefix: fal-workflow,100,100
fal-workflow-input-output-contract,ai-agent-systems,tools-integrations,topic prefix: fal-workflow,100,100
fal-workflow-integration-parity-trace,ai-agent-systems,tools-integrations,topic prefix: fal-workflow,100,100
fal-workflow-performance-envelope,ai-agent-systems,tools-integrations,topic prefix: fal-workflow,100,100
fal-workflow-permission-boundary-review,ai-agent-systems,tools-integrations,topic prefix: fal-workflow,100,100
fal-workflow-release-handoff-record,ai-agent-systems,tools-integrations,topic prefix: fal-workflow,100,100
fal-workflow-reproducibility-fixture-plan,ai-agent-systems,tools-integrations,topic prefix: fal-workflow,100,100
fal-workflow-version-compatibility,ai-agent-systems,tools-integrations,topic prefix: fal-workflow,100,100
faq-answer-source-freshness-rescan,business-operations,product-growth,metadata keywords: product,2,2
fastapi-router-patterns,software-development,backend-apis,topic prefix: fastapi,100,100
figma-design-system-token-mapping,creative-media-design,ux-interaction-design,topic prefix: figma,100,100
figma-design-to-code-validation,creative-media-design,ux-interaction-design,topic prefix: figma,100,100
figma-mcp-design-context,creative-media-design,ux-interaction-design,topic prefix: figma,100,100
finance-ops-close-approval-evidence-packet,business-operations,finance-accounting,topic prefix: finance-ops,100,100
finance-ops-close-change-impact-trace,business-operations,finance-accounting,topic prefix: finance-ops,100,100
finance-ops-close-closeout-handoff-ledger,business-operations,finance-accounting,topic prefix: finance-ops,100,100
finance-ops-close-completeness-reconciliation,business-operations,finance-accounting,topic prefix: finance-ops,100,100
finance-ops-close-exception-triage-queue,business-operations,finance-accounting,topic prefix: finance-ops,100,100
finance-ops-close-recovery-readiness-drill,business-operations,finance-accounting,topic prefix: finance-ops,100,100
finance-ops-close-scenario-sensitivity-matrix,business-operations,finance-accounting,topic prefix: finance-ops,100,100
finance-ops-close-scope-intake-gate,business-operations,finance-accounting,topic prefix: finance-ops,100,100
finance-ops-close-source-provenance-ledger,business-operations,finance-accounting,topic prefix: finance-ops,100,100
finance-ops-close-threshold-rule-check,business-operations,finance-accounting,topic prefix: finance-ops,100,100
finance-ops-controls-approval-evidence-packet,business-operations,finance-accounting,topic prefix: finance-ops,100,100
finance-ops-controls-change-impact-trace,business-operations,finance-accounting,topic prefix: finance-ops,100,100
finance-ops-controls-closeout-handoff-ledger,business-operations,finance-accounting,topic prefix: finance-ops,100,100
finance-ops-controls-completeness-reconciliation,business-operations,finance-accounting,topic prefix: finance-ops,100,100
finance-ops-controls-exception-triage-queue,business-operations,finance-accounting,topic prefix: finance-ops,100,100
finance-ops-controls-recovery-readiness-drill,business-operations,finance-accounting,topic prefix: finance-ops,100,100
finance-ops-controls-scenario-sensitivity-matrix,business-operations,finance-accounting,topic prefix: finance-ops,100,100
finance-ops-controls-scope-intake-gate,business-operations,finance-accounting,topic prefix: finance-ops,100,100
finance-ops-controls-source-provenance-ledger,business-operations,finance-accounting,topic prefix: finance-ops,100,100
finance-ops-controls-threshold-rule-check,business-operations,finance-accounting,topic prefix: finance-ops,100,100
finance-ops-expenses-approval-evidence-packet,business-operations,finance-accounting,topic prefix: finance-ops,100,100
finance-ops-expenses-change-impact-trace,business-operations,finance-accounting,topic prefix: finance-ops,100,100
finance-ops-expenses-closeout-handoff-ledger,business-operations,finance-accounting,topic prefix: finance-ops,100,100
finance-ops-expenses-completeness-reconciliation,business-operations,finance-accounting,topic prefix: finance-ops,100,100
finance-ops-expenses-exception-triage-queue,business-operations,finance-accounting,topic prefix: finance-ops,100,100
finance-ops-expenses-recovery-readiness-drill,business-operations,finance-accounting,topic prefix: finance-ops,100,100
finance-ops-expenses-scenario-sensitivity-matrix,business-operations,finance-accounting,topic prefix: finance-ops,100,100
finance-ops-expenses-scope-intake-gate,business-operations,finance-accounting,topic prefix: finance-ops,100,100
finance-ops-expenses-source-provenance-ledger,business-operations,finance-accounting,topic prefix: finance-ops,100,100
finance-ops-expenses-threshold-rule-check,business-operations,finance-accounting,topic prefix: finance-ops,100,100
finance-ops-forecast-approval-evidence-packet,business-operations,finance-accounting,topic prefix: finance-ops,100,100
finance-ops-forecast-change-impact-trace,business-operations,finance-accounting,topic prefix: finance-ops,100,100
finance-ops-forecast-closeout-handoff-ledger,business-operations,finance-accounting,topic prefix: finance-ops,100,100
finance-ops-forecast-completeness-reconciliation,business-operations,finance-accounting,topic prefix: finance-ops,100,100
finance-ops-forecast-exception-triage-queue,business-operations,finance-accounting,topic prefix: finance-ops,100,100
finance-ops-forecast-recovery-readiness-drill,business-operations,finance-accounting,topic prefix: finance-ops,100,100
finance-ops-forecast-scenario-sensitivity-matrix,business-operations,finance-accounting,topic prefix: finance-ops,100,100
finance-ops-forecast-scope-intake-gate,business-operations,finance-accounting,topic prefix: finance-ops,100,100
finance-ops-forecast-source-provenance-ledger,business-operations,finance-accounting,topic prefix: finance-ops,100,100
finance-ops-forecast-threshold-rule-check,business-operations,finance-accounting,topic prefix: finance-ops,100,100
finance-ops-insurance-approval-evidence-packet,business-operations,finance-accounting,topic prefix: finance-ops,100,100
finance-ops-insurance-change-impact-trace,business-operations,finance-accounting,topic prefix: finance-ops,100,100
finance-ops-insurance-closeout-handoff-ledger,business-operations,finance-accounting,topic prefix: finance-ops,100,100
finance-ops-insurance-completeness-reconciliation,business-operations,finance-accounting,topic prefix: finance-ops,100,100
finance-ops-insurance-exception-triage-queue,business-operations,finance-accounting,topic prefix: finance-ops,100,100
finance-ops-insurance-recovery-readiness-drill,business-operations,finance-accounting,topic prefix: finance-ops,100,100
finance-ops-insurance-scenario-sensitivity-matrix,business-operations,finance-accounting,topic prefix: finance-ops,100,100
finance-ops-insurance-scope-intake-gate,business-operations,finance-accounting,topic prefix: finance-ops,100,100
finance-ops-insurance-source-provenance-ledger,business-operations,finance-accounting,topic prefix: finance-ops,100,100
finance-ops-insurance-threshold-rule-check,business-operations,finance-accounting,topic prefix: finance-ops,100,100
finance-ops-payables-approval-evidence-packet,business-operations,finance-accounting,topic prefix: finance-ops,100,100
finance-ops-payables-change-impact-trace,business-operations,finance-accounting,topic prefix: finance-ops,100,100
finance-ops-payables-closeout-handoff-ledger,business-operations,finance-accounting,topic prefix: finance-ops,100,100
finance-ops-payables-completeness-reconciliation,business-operations,finance-accounting,topic prefix: finance-ops,100,100
finance-ops-payables-exception-triage-queue,business-operations,finance-accounting,topic prefix: finance-ops,100,100
finance-ops-payables-recovery-readiness-drill,business-operations,finance-accounting,topic prefix: finance-ops,100,100
finance-ops-payables-scenario-sensitivity-matrix,business-operations,finance-accounting,topic prefix: finance-ops,100,100
finance-ops-payables-scope-intake-gate,business-operations,finance-accounting,topic prefix: finance-ops,100,100
finance-ops-payables-source-provenance-ledger,business-operations,finance-accounting,topic prefix: finance-ops,100,100
finance-ops-payables-threshold-rule-check,business-operations,finance-accounting,topic prefix: finance-ops,100,100
finance-ops-receivables-approval-evidence-packet,business-operations,finance-accounting,topic prefix: finance-ops,100,100
finance-ops-receivables-change-impact-trace,business-operations,finance-accounting,topic prefix: finance-ops,100,100
finance-ops-receivables-closeout-handoff-ledger,business-operations,finance-accounting,topic prefix: finance-ops,100,100
finance-ops-receivables-completeness-reconciliation,business-operations,finance-accounting,topic prefix: finance-ops,100,100
finance-ops-receivables-exception-triage-queue,business-operations,finance-accounting,topic prefix: finance-ops,100,100
finance-ops-receivables-recovery-readiness-drill,business-operations,finance-accounting,topic prefix: finance-ops,100,100
finance-ops-receivables-scenario-sensitivity-matrix,business-operations,finance-accounting,topic prefix: finance-ops,100,100
finance-ops-receivables-scope-intake-gate,business-operations,finance-accounting,topic prefix: finance-ops,100,100
finance-ops-receivables-source-provenance-ledger,business-operations,finance-accounting,topic prefix: finance-ops,100,100
finance-ops-receivables-threshold-rule-check,business-operations,finance-accounting,topic prefix: finance-ops,100,100
finance-ops-revenue-approval-evidence-packet,business-operations,finance-accounting,topic prefix: finance-ops,100,100
finance-ops-revenue-change-impact-trace,business-operations,finance-accounting,topic prefix: finance-ops,100,100
finance-ops-revenue-closeout-handoff-ledger,business-operations,finance-accounting,topic prefix: finance-ops,100,100
finance-ops-revenue-completeness-reconciliation,business-operations,finance-accounting,topic prefix: finance-ops,100,100
finance-ops-revenue-exception-triage-queue,business-operations,finance-accounting,topic prefix: finance-ops,100,100
finance-ops-revenue-recovery-readiness-drill,business-operations,finance-accounting,topic prefix: finance-ops,100,100
finance-ops-revenue-scenario-sensitivity-matrix,business-operations,finance-accounting,topic prefix: finance-ops,100,100
finance-ops-revenue-scope-intake-gate,business-operations,finance-accounting,topic prefix: finance-ops,100,100
finance-ops-revenue-source-provenance-ledger,business-operations,finance-accounting,topic prefix: finance-ops,100,100
finance-ops-revenue-threshold-rule-check,business-operations,finance-accounting,topic prefix: finance-ops,100,100
finance-ops-tax-approval-evidence-packet,business-operations,finance-accounting,topic prefix: finance-ops,100,100
finance-ops-tax-change-impact-trace,business-operations,finance-accounting,topic prefix: finance-ops,100,100
finance-ops-tax-closeout-handoff-ledger,business-operations,finance-accounting,topic prefix: finance-ops,100,100
finance-ops-tax-completeness-reconciliation,business-operations,finance-accounting,topic prefix: finance-ops,100,100
finance-ops-tax-exception-triage-queue,business-operations,finance-accounting,topic prefix: finance-ops,100,100
finance-ops-tax-recovery-readiness-drill,business-operations,finance-accounting,topic prefix: finance-ops,100,100
finance-ops-tax-scenario-sensitivity-matrix,business-operations,finance-accounting,topic prefix: finance-ops,100,100
finance-ops-tax-scope-intake-gate,business-operations,finance-accounting,topic prefix: finance-ops,100,100
finance-ops-tax-source-provenance-ledger,business-operations,finance-accounting,topic prefix: finance-ops,100,100
finance-ops-tax-threshold-rule-check,business-operations,finance-accounting,topic prefix: finance-ops,100,100
finance-ops-treasury-approval-evidence-packet,business-operations,finance-accounting,topic prefix: finance-ops,100,100
finance-ops-treasury-change-impact-trace,business-operations,finance-accounting,topic prefix: finance-ops,100,100
finance-ops-treasury-closeout-handoff-ledger,business-operations,finance-accounting,topic prefix: finance-ops,100,100
finance-ops-treasury-completeness-reconciliation,business-operations,finance-accounting,topic prefix: finance-ops,100,100
finance-ops-treasury-exception-triage-queue,business-operations,finance-accounting,topic prefix: finance-ops,100,100
finance-ops-treasury-recovery-readiness-drill,business-operations,finance-accounting,topic prefix: finance-ops,100,100
finance-ops-treasury-scenario-sensitivity-matrix,business-operations,finance-accounting,topic prefix: finance-ops,100,100
finance-ops-treasury-scope-intake-gate,business-operations,finance-accounting,topic prefix: finance-ops,100,100
finance-ops-treasury-source-provenance-ledger,business-operations,finance-accounting,topic prefix: finance-ops,100,100
finance-ops-treasury-threshold-rule-check,business-operations,finance-accounting,topic prefix: finance-ops,100,100
finite-difference-grid-convergence,engineering-industry,energy-climate,metadata keywords: grid-,5,5
finite-element-model-verification,engineering-industry,electronics-hardware,topic prefix: finite-element,100,100
finite-volume-flux-balance-review,engineering-industry,electronics-hardware,topic prefix: finite-volume,100,100
flaky-test-repeatability-classifier,software-development,testing-quality-release,topic prefix: flaky-test,100,100
forest-plot-quality-audit,science-health-research,statistics-evidence,topic prefix: forest-plot,100,100
formal-property-coverage-planning,engineering-industry,electronics-hardware,topic prefix: formal-property,100,100
foundry-pdk-release-compatibility-audit,creative-media-design,visual-graphic-design,topic prefix: foundry-pdk,100,100
fpga-prototype-io-constraint-review,engineering-industry,electronics-hardware,topic prefix: fpga,100,100
free-tool-marketing,education-public-service,curriculum-instruction,metadata keywords: education,2,2
freshservice-automation-capability-surface-map,business-operations,marketing-sales,topic prefix: freshservice,100,100
freshservice-automation-change-impact-assessment,business-operations,marketing-sales,topic prefix: freshservice,100,100
freshservice-automation-failure-triage-record,business-operations,marketing-sales,topic prefix: freshservice,100,100
freshservice-automation-input-output-contract,business-operations,marketing-sales,topic prefix: freshservice,100,100
freshservice-automation-integration-parity-trace,business-operations,marketing-sales,topic prefix: freshservice,100,100
freshservice-automation-performance-envelope,business-operations,marketing-sales,topic prefix: freshservice,100,100
freshservice-automation-permission-boundary-review,business-operations,marketing-sales,topic prefix: freshservice,100,100
freshservice-automation-release-handoff-record,business-operations,marketing-sales,topic prefix: freshservice,100,100
freshservice-automation-reproducibility-fixture-plan,business-operations,marketing-sales,topic prefix: freshservice,100,100
freshservice-automation-version-compatibility,business-operations,marketing-sales,topic prefix: freshservice,100,100
frontend-design,software-development,frontend,topic prefix: frontend,100,100
frontend-framework-development,software-development,frontend,topic prefix: frontend,100,100
game-ability-resource-cost-balance-audit,creative-media-design,games-interactive,game systems/topic,100,100
game-account-linking-consent-boundary-review,creative-media-design,games-interactive,game systems/topic,100,100
game-aim-assist-fairness-sensitivity-review,creative-media-design,games-interactive,game systems/topic,100,100
game-asset-identifier-rename-recovery,creative-media-design,games-interactive,game systems/topic,100,100
game-asset-import-determinism-audit,creative-media-design,games-interactive,game systems/topic,100,100
game-asset-streaming-priority-policy,creative-media-design,games-interactive,game systems/topic,100,100
game-audio-visual-cue-parity-validation,creative-media-design,audio-video,game audio/caption topic,100,100
game-branching-narrative-route-coverage-review,creative-media-design,games-interactive,game systems/topic,100,100
game-build-reproducibility-manifest,creative-media-design,games-interactive,game systems/topic,100,100
game-camera-motion-comfort-assessment,creative-media-design,games-interactive,game systems/topic,100,100
game-chat-moderation-escalation-design,creative-media-design,games-interactive,game systems/topic,100,100
game-checkpoint-state-integrity-audit,creative-media-design,games-interactive,game systems/topic,100,100
game-client-prediction-divergence-budget,creative-media-design,games-interactive,game systems/topic,100,100
game-cloud-save-conflict-resolution,creative-media-design,games-interactive,game systems/topic,100,100
game-color-cue-redundancy-audit,creative-media-design,games-interactive,game systems/topic,100,100
game-combat-target-selection-fairness-review,creative-media-design,games-interactive,game systems/topic,100,100
game-content-bundle-dependency-audit,creative-media-design,games-interactive,game systems/topic,100,100
game-control-remap-persistence-review,creative-media-design,games-interactive,game systems/topic,100,100
game-controller-compatibility-matrix,creative-media-design,games-interactive,game systems/topic,100,100
game-cpu-worker-contention-audit,creative-media-design,games-interactive,game systems/topic,100,100
game-crafting-recipe-graph-consistency-audit,creative-media-design,games-interactive,game systems/topic,100,100
game-crash-symbolication-artifact-retention,creative-media-design,games-interactive,game systems/topic,100,100
game-crossplay-input-fairness-assessment,creative-media-design,games-interactive,game systems/topic,100,100
game-damage-resolution-order-invariant-review,creative-media-design,games-interactive,game systems/topic,100,100
game-deterministic-replay-validation,creative-media-design,games-interactive,game systems/topic,100,100
game-development-engine-selection-capability-surface-map,creative-media-design,games-interactive,game systems/topic,100,100
game-development-engine-selection-change-impact-assessment,creative-media-design,games-interactive,game systems/topic,100,100
game-development-engine-selection-failure-triage-record,creative-media-design,games-interactive,game systems/topic,100,100
game-development-engine-selection-input-output-contract,creative-media-design,games-interactive,game systems/topic,100,100
game-development-engine-selection-integration-parity-trace,creative-media-design,games-interactive,game systems/topic,100,100
game-development-engine-selection-performance-envelope,creative-media-design,games-interactive,game systems/topic,100,100
game-development-engine-selection-permission-boundary-review,creative-media-design,games-interactive,game systems/topic,100,100
game-development-engine-selection-release-handoff-record,creative-media-design,games-interactive,game systems/topic,100,100
game-development-engine-selection-reproducibility-fixture-plan,creative-media-design,games-interactive,game systems/topic,100,100
game-development-engine-selection-version-compatibility,creative-media-design,games-interactive,game systems/topic,100,100
game-development-web-games-capability-surface-map,creative-media-design,games-interactive,game systems/topic,100,100
game-development-web-games-change-impact-assessment,creative-media-design,games-interactive,game systems/topic,100,100
game-development-web-games-failure-triage-record,creative-media-design,games-interactive,game systems/topic,100,100
game-development-web-games-input-output-contract,creative-media-design,games-interactive,game systems/topic,100,100
game-development-web-games-integration-parity-trace,creative-media-design,games-interactive,game systems/topic,100,100
game-development-web-games-performance-envelope,creative-media-design,games-interactive,game systems/topic,100,100
game-development-web-games-permission-boundary-review,creative-media-design,games-interactive,game systems/topic,100,100
game-development-web-games-release-handoff-record,creative-media-design,games-interactive,game systems/topic,100,100
game-development-web-games-reproducibility-fixture-plan,creative-media-design,games-interactive,game systems/topic,100,100
game-development-web-games-version-compatibility,creative-media-design,games-interactive,game systems/topic,100,100
game-development-workflow,creative-media-design,games-interactive,game systems/topic,100,100
game-dialogue-caption-localization-validation,creative-media-design,audio-video,game audio/caption topic,100,100
game-difficulty-option-effectiveness-review,creative-media-design,games-interactive,game systems/topic,100,100
game-digital-purchase-entitlement-verification,creative-media-design,games-interactive,game systems/topic,100,100
game-encounter-difficulty-spike-review,creative-media-design,games-interactive,game systems/topic,100,100
game-entity-interest-management-boundary-review,creative-media-design,games-interactive,game systems/topic,100,100
game-flashing-effect-accessibility-risk-review,creative-media-design,ux-interaction-design,game interface/accessibility topic,100,100
game-font-fallback-glyph-coverage-audit,creative-media-design,games-interactive,game systems/topic,100,100
game-frame-pacing-stutter-attribution,creative-media-design,games-interactive,game systems/topic,100,100
game-frame-time-budget-allocation,creative-media-design,games-interactive,game systems/topic,100,100
game-gameplay-balance-experiment-design,creative-media-design,games-interactive,game systems/topic,100,100
game-gpu-render-pass-budget-review,creative-media-design,games-interactive,game systems/topic,100,100
game-haptic-intensity-disable-accessibility-review,creative-media-design,ux-interaction-design,game interface/accessibility topic,100,100
game-host-migration-state-continuity-test,creative-media-design,games-interactive,game systems/topic,100,100
game-input-action-map-conflict-audit,creative-media-design,games-interactive,game systems/topic,100,100
game-input-hotplug-recovery-review,creative-media-design,games-interactive,game systems/topic,100,100
game-input-to-display-latency-budget,creative-media-design,games-interactive,game systems/topic,100,100
game-interaction-signifier-perceptibility-review,creative-media-design,games-interactive,game systems/topic,100,100
game-inventory-capacity-overflow-policy,creative-media-design,games-interactive,game systems/topic,100,100
game-lag-compensation-window-policy,creative-media-design,games-interactive,game systems/topic,100,100
game-level-softlock-reachability-test-plan,creative-media-design,games-interactive,game systems/topic,100,100
game-liveops-feature-flag-blast-radius-review,creative-media-design,games-interactive,game systems/topic,100,100
game-local-save-crash-consistency-test,creative-media-design,games-interactive,game systems/topic,100,100
game-localized-string-expansion-test,creative-media-design,games-interactive,game systems/topic,100,100
game-lod-transition-pop-validation,creative-media-design,games-interactive,game systems/topic,100,100
game-loot-drop-rate-statistical-validation,creative-media-design,games-interactive,game systems/topic,100,100
game-matchmaking-queue-starvation-analysis,creative-media-design,games-interactive,game systems/topic,100,100
game-menu-focus-navigation-trap-audit,creative-media-design,games-interactive,game systems/topic,100,100
game-mobile-battery-energy-budget-review,creative-media-design,games-interactive,game systems/topic,100,100
game-mobile-thermal-throttling-session-test,creative-media-design,games-interactive,game systems/topic,100,100
game-nat-traversal-relay-fallback-plan,creative-media-design,games-interactive,game systems/topic,100,100
game-network-state-schema-compatibility-audit,creative-media-design,games-interactive,game systems/topic,100,100
game-object-pool-capacity-and-lifecycle-review,creative-media-design,games-interactive,game systems/topic,100,100
game-occlusion-culling-correctness-review,creative-media-design,games-interactive,game systems/topic,100,100
game-one-handed-control-path-review,creative-media-design,games-interactive,game systems/topic,100,100
game-packet-loss-jitter-resilience-test,creative-media-design,games-interactive,game systems/topic,100,100
game-particle-overdraw-budget-review,creative-media-design,games-interactive,game systems/topic,100,100
game-party-queue-fairness-policy,creative-media-design,games-interactive,game systems/topic,100,100
game-patch-size-budget-assessment,creative-media-design,games-interactive,game systems/topic,100,100
game-pause-focus-loss-resume-test,creative-media-design,games-interactive,game systems/topic,100,100
game-performance-regression-release-gate,creative-media-design,games-interactive,game systems/topic,100,100
game-platform-capability-compatibility-matrix,creative-media-design,games-interactive,game systems/topic,100,100
game-player-death-recovery-transition-audit,creative-media-design,games-interactive,game systems/topic,100,100
game-player-report-evidence-retention-policy,creative-media-design,games-interactive,game systems/topic,100,100
game-procedural-generation-seed-reproducibility,creative-media-design,games-interactive,game systems/topic,100,100
game-procedural-world-placement-validation,creative-media-design,games-interactive,game systems/topic,100,100
game-programming-languages,creative-media-design,games-interactive,game systems/topic,100,100
game-progression-curve-sensitivity-review,creative-media-design,games-interactive,game systems/topic,100,100
game-quest-state-machine-consistency-audit,creative-media-design,games-interactive,game systems/topic,100,100
game-random-number-abuse-risk-review,creative-media-design,games-interactive,game systems/topic,100,100
game-ranked-leaderboard-integrity-monitoring,creative-media-design,games-interactive,game systems/topic,100,100
game-reconnect-command-idempotency-review,creative-media-design,games-interactive,game systems/topic,100,100
game-reduced-motion-setting-parity-audit,creative-media-design,ux-interaction-design,game interface/accessibility topic,100,100
game-region-match-latency-assignment-review,creative-media-design,games-interactive,game systems/topic,100,100
game-rollback-netcode-determinism-review,creative-media-design,games-interactive,game systems/topic,100,100
game-save-schema-migration-review,creative-media-design,games-interactive,game systems/topic,100,100
game-scene-transition-memory-watermark-review,creative-media-design,games-interactive,game systems/topic,100,100
game-server-authority-validation-review,creative-media-design,games-interactive,game systems/topic,100,100
game-server-tick-overrun-capacity-review,creative-media-design,games-interactive,game systems/topic,100,100
game-session-reward-idempotency-review,creative-media-design,games-interactive,game systems/topic,100,100
game-shader-variant-cardinality-audit,creative-media-design,games-interactive,game systems/topic,100,100
game-shader-warmup-stutter-validation,creative-media-design,games-interactive,game systems/topic,100,100
game-simulation-catchup-overrun-policy,creative-media-design,games-interactive,game systems/topic,100,100
game-skill-rating-calibration-audit,creative-media-design,games-interactive,game systems/topic,100,100
game-skinned-animation-cost-attribution,creative-media-design,games-interactive,game systems/topic,100,100
game-snapshot-reconciliation-coherence-audit,creative-media-design,games-interactive,game systems/topic,100,100
game-spatial-audio-occlusion-validation,creative-media-design,audio-video,game audio/caption topic,100,100
game-status-effect-stacking-precedence-audit,creative-media-design,games-interactive,game systems/topic,100,100
game-subtitle-timing-readability-review,creative-media-design,audio-video,game audio/caption topic,100,100
game-texture-residency-memory-budget,creative-media-design,games-interactive,game systems/topic,100,100
game-tutorial-completion-funnel-analysis,creative-media-design,games-interactive,game systems/topic,100,100
game-tutorial-control-legend-consistency-audit,creative-media-design,games-interactive,game systems/topic,100,100
game-ui-overdraw-and-batching-audit,creative-media-design,ux-interaction-design,game interface/accessibility topic,100,100
game-ui-safe-area-layout-validation,creative-media-design,ux-interaction-design,game interface/accessibility topic,100,100
game-virtual-economy-source-sink-audit,creative-media-design,games-interactive,game systems/topic,100,100
game-voice-chat-recording-consent-review,creative-media-design,audio-video,game audio/caption topic,100,100
game-voice-mix-priority-budget-review,creative-media-design,audio-video,game audio/caption topic,100,100
gb28181-camera-interoperability-review,creative-media-design,audio-video,topic prefix: gb28181,100,100
gemini-api-dev-capability-surface-map,ai-agent-systems,tools-integrations,topic prefix: gemini-api-dev,100,100
gemini-api-dev-change-impact-assessment,ai-agent-systems,tools-integrations,topic prefix: gemini-api-dev,100,100
gemini-api-dev-failure-triage-record,ai-agent-systems,tools-integrations,topic prefix: gemini-api-dev,100,100
gemini-api-dev-input-output-contract,ai-agent-systems,tools-integrations,topic prefix: gemini-api-dev,100,100
gemini-api-dev-integration-parity-trace,ai-agent-systems,tools-integrations,topic prefix: gemini-api-dev,100,100
gemini-api-dev-performance-envelope,ai-agent-systems,tools-integrations,topic prefix: gemini-api-dev,100,100
gemini-api-dev-permission-boundary-review,ai-agent-systems,tools-integrations,topic prefix: gemini-api-dev,100,100
gemini-api-dev-release-handoff-record,ai-agent-systems,tools-integrations,topic prefix: gemini-api-dev,100,100
gemini-api-dev-reproducibility-fixture-plan,ai-agent-systems,tools-integrations,topic prefix: gemini-api-dev,100,100
gemini-api-dev-version-compatibility,ai-agent-systems,tools-integrations,topic prefix: gemini-api-dev,100,100
generated-artifact-source-parity-hash-check,software-development,architecture-devtools,topic prefix: generated-artifact-source,100,100
genomic-data-privacy-governance,science-health-research,life-sciences,topic prefix: genomic,100,100
genomic-variant-annotation-review,science-health-research,life-sciences,topic prefix: genomic,100,100
geo-ops-field-schema-approval-evidence-packet,data-analytics,spreadsheets-geospatial,metadata keywords: geo-,5,5
geo-ops-field-schema-change-impact-trace,data-analytics,data-quality-governance,metadata keywords: schema-change,9,4
geo-ops-field-schema-closeout-handoff-ledger,data-analytics,spreadsheets-geospatial,metadata keywords: geo-,5,5
geo-ops-field-schema-completeness-reconciliation,data-analytics,spreadsheets-geospatial,metadata keywords: geo-,5,5
geo-ops-field-schema-exception-triage-queue,data-analytics,spreadsheets-geospatial,metadata keywords: geo-,5,5
geo-ops-field-schema-recovery-readiness-drill,data-analytics,spreadsheets-geospatial,metadata keywords: geo-,5,5
geo-ops-field-schema-scenario-sensitivity-matrix,data-analytics,spreadsheets-geospatial,metadata keywords: geo-,5,5
geo-ops-field-schema-scope-intake-gate,data-analytics,spreadsheets-geospatial,metadata keywords: geo-,5,5
geo-ops-field-schema-source-provenance-ledger,data-analytics,spreadsheets-geospatial,metadata keywords: geo-,5,5
geo-ops-field-schema-threshold-rule-check,data-analytics,spreadsheets-geospatial,metadata keywords: geo-,5,5
geo-ops-geoparquet-approval-evidence-packet,data-analytics,spreadsheets-geospatial,metadata keywords: geo-,5,5
geo-ops-geoparquet-change-impact-trace,data-analytics,spreadsheets-geospatial,metadata keywords: geo-,5,5
geo-ops-geoparquet-closeout-handoff-ledger,data-analytics,spreadsheets-geospatial,metadata keywords: geo-,5,5
geo-ops-geoparquet-completeness-reconciliation,data-analytics,spreadsheets-geospatial,metadata keywords: geo-,5,5
geo-ops-geoparquet-exception-triage-queue,data-analytics,spreadsheets-geospatial,metadata keywords: geo-,5,5
geo-ops-geoparquet-recovery-readiness-drill,data-analytics,spreadsheets-geospatial,metadata keywords: geo-,5,5
geo-ops-geoparquet-scenario-sensitivity-matrix,data-analytics,spreadsheets-geospatial,metadata keywords: geo-,5,5
geo-ops-geoparquet-scope-intake-gate,data-analytics,spreadsheets-geospatial,metadata keywords: geo-,5,5
geo-ops-geoparquet-source-provenance-ledger,data-analytics,spreadsheets-geospatial,metadata keywords: geo-,5,5
geo-ops-geoparquet-threshold-rule-check,data-analytics,spreadsheets-geospatial,metadata keywords: geo-,5,5
geo-ops-hosted-layer-approval-evidence-packet,data-analytics,spreadsheets-geospatial,metadata keywords: geo-,5,5
geo-ops-hosted-layer-change-impact-trace,data-analytics,spreadsheets-geospatial,metadata keywords: geo-,5,5
geo-ops-hosted-layer-closeout-handoff-ledger,data-analytics,spreadsheets-geospatial,metadata keywords: geo-,5,5
geo-ops-hosted-layer-completeness-reconciliation,data-analytics,spreadsheets-geospatial,metadata keywords: geo-,5,5
geo-ops-hosted-layer-exception-triage-queue,data-analytics,spreadsheets-geospatial,metadata keywords: geo-,5,5
geo-ops-hosted-layer-recovery-readiness-drill,data-analytics,spreadsheets-geospatial,metadata keywords: geo-,5,5
geo-ops-hosted-layer-scenario-sensitivity-matrix,data-analytics,spreadsheets-geospatial,metadata keywords: geo-,5,5
geo-ops-hosted-layer-scope-intake-gate,data-analytics,spreadsheets-geospatial,metadata keywords: geo-,5,5
geo-ops-hosted-layer-source-provenance-ledger,data-analytics,spreadsheets-geospatial,metadata keywords: geo-,5,5
geo-ops-hosted-layer-threshold-rule-check,data-analytics,spreadsheets-geospatial,metadata keywords: geo-,5,5
geo-ops-imagery-quality-approval-evidence-packet,data-analytics,spreadsheets-geospatial,metadata keywords: geo-,5,5
geo-ops-imagery-quality-change-impact-trace,data-analytics,spreadsheets-geospatial,metadata keywords: geo-,5,5
geo-ops-imagery-quality-closeout-handoff-ledger,data-analytics,spreadsheets-geospatial,metadata keywords: geo-,5,5
geo-ops-imagery-quality-completeness-reconciliation,data-analytics,spreadsheets-geospatial,metadata keywords: geo-,5,5
geo-ops-imagery-quality-exception-triage-queue,data-analytics,spreadsheets-geospatial,metadata keywords: geo-,5,5
geo-ops-imagery-quality-recovery-readiness-drill,data-analytics,spreadsheets-geospatial,metadata keywords: geo-,5,5
geo-ops-imagery-quality-scenario-sensitivity-matrix,data-analytics,spreadsheets-geospatial,metadata keywords: geo-,5,5
geo-ops-imagery-quality-scope-intake-gate,data-analytics,spreadsheets-geospatial,metadata keywords: geo-,5,5
geo-ops-imagery-quality-source-provenance-ledger,data-analytics,spreadsheets-geospatial,metadata keywords: geo-,5,5
geo-ops-imagery-quality-threshold-rule-check,data-analytics,spreadsheets-geospatial,metadata keywords: geo-,5,5
geo-ops-map-export-approval-evidence-packet,data-analytics,spreadsheets-geospatial,metadata keywords: geo-,5,5
geo-ops-map-export-change-impact-trace,data-analytics,spreadsheets-geospatial,metadata keywords: geo-,5,5
geo-ops-map-export-closeout-handoff-ledger,data-analytics,spreadsheets-geospatial,metadata keywords: geo-,5,5
geo-ops-map-export-completeness-reconciliation,data-analytics,spreadsheets-geospatial,metadata keywords: geo-,5,5
geo-ops-map-export-exception-triage-queue,data-analytics,spreadsheets-geospatial,metadata keywords: geo-,5,5
geo-ops-map-export-recovery-readiness-drill,data-analytics,spreadsheets-geospatial,metadata keywords: geo-,5,5
geo-ops-map-export-scenario-sensitivity-matrix,data-analytics,spreadsheets-geospatial,metadata keywords: geo-,5,5
geo-ops-map-export-scope-intake-gate,data-analytics,spreadsheets-geospatial,metadata keywords: geo-,5,5
geo-ops-map-export-source-provenance-ledger,data-analytics,spreadsheets-geospatial,metadata keywords: geo-,5,5
geo-ops-map-export-threshold-rule-check,data-analytics,spreadsheets-geospatial,metadata keywords: geo-,5,5
geo-ops-overlay-analysis-approval-evidence-packet,data-analytics,spreadsheets-geospatial,"metadata keywords: geo-, spatial-",7,7
geo-ops-overlay-analysis-change-impact-trace,data-analytics,spreadsheets-geospatial,"metadata keywords: geo-, spatial-",7,7
geo-ops-overlay-analysis-closeout-handoff-ledger,data-analytics,spreadsheets-geospatial,"metadata keywords: geo-, spatial-",7,7
geo-ops-overlay-analysis-completeness-reconciliation,data-analytics,spreadsheets-geospatial,"metadata keywords: geo-, spatial-",7,7
geo-ops-overlay-analysis-exception-triage-queue,data-analytics,spreadsheets-geospatial,"metadata keywords: geo-, spatial-",7,7
geo-ops-overlay-analysis-recovery-readiness-drill,data-analytics,spreadsheets-geospatial,"metadata keywords: geo-, spatial-",7,7
geo-ops-overlay-analysis-scenario-sensitivity-matrix,data-analytics,spreadsheets-geospatial,"metadata keywords: geo-, spatial-",7,7
geo-ops-overlay-analysis-scope-intake-gate,data-analytics,spreadsheets-geospatial,"metadata keywords: geo-, spatial-",7,7
geo-ops-overlay-analysis-source-provenance-ledger,data-analytics,spreadsheets-geospatial,"metadata keywords: geo-, spatial-",7,7
geo-ops-overlay-analysis-threshold-rule-check,data-analytics,spreadsheets-geospatial,"metadata keywords: geo-, spatial-",7,7
geo-ops-pipeline-repro-approval-evidence-packet,data-analytics,spreadsheets-geospatial,"metadata keywords: geospatial, geo-",7,2
geo-ops-pipeline-repro-change-impact-trace,data-analytics,spreadsheets-geospatial,"metadata keywords: geospatial, geo-",7,2
geo-ops-pipeline-repro-closeout-handoff-ledger,data-analytics,spreadsheets-geospatial,"metadata keywords: geospatial, geo-",7,2
geo-ops-pipeline-repro-completeness-reconciliation,data-analytics,spreadsheets-geospatial,"metadata keywords: geospatial, geo-",7,2
geo-ops-pipeline-repro-exception-triage-queue,data-analytics,spreadsheets-geospatial,"metadata keywords: geospatial, geo-",7,2
geo-ops-pipeline-repro-recovery-readiness-drill,data-analytics,spreadsheets-geospatial,"metadata keywords: geospatial, geo-",7,2
geo-ops-pipeline-repro-scenario-sensitivity-matrix,data-analytics,spreadsheets-geospatial,"metadata keywords: geospatial, geo-",7,2
geo-ops-pipeline-repro-scope-intake-gate,data-analytics,spreadsheets-geospatial,"metadata keywords: geospatial, geo-",7,2
geo-ops-pipeline-repro-source-provenance-ledger,data-analytics,spreadsheets-geospatial,"metadata keywords: geospatial, geo-",7,2
geo-ops-pipeline-repro-threshold-rule-check,data-analytics,spreadsheets-geospatial,"metadata keywords: geospatial, geo-",7,2
geo-ops-raster-delivery-approval-evidence-packet,data-analytics,spreadsheets-geospatial,"metadata keywords: geo-, spatial-, raster-",12,12
geo-ops-raster-delivery-change-impact-trace,data-analytics,spreadsheets-geospatial,"metadata keywords: geo-, spatial-, raster-",12,12
geo-ops-raster-delivery-closeout-handoff-ledger,data-analytics,spreadsheets-geospatial,"metadata keywords: geo-, spatial-, raster-",12,12
geo-ops-raster-delivery-completeness-reconciliation,data-analytics,spreadsheets-geospatial,"metadata keywords: geo-, spatial-, raster-",12,12
geo-ops-raster-delivery-exception-triage-queue,data-analytics,spreadsheets-geospatial,"metadata keywords: geo-, spatial-, raster-",12,12
geo-ops-raster-delivery-recovery-readiness-drill,data-analytics,spreadsheets-geospatial,"metadata keywords: geo-, spatial-, raster-",12,12
geo-ops-raster-delivery-scenario-sensitivity-matrix,data-analytics,spreadsheets-geospatial,"metadata keywords: geo-, spatial-, raster-",12,12
geo-ops-raster-delivery-scope-intake-gate,data-analytics,spreadsheets-geospatial,"metadata keywords: geo-, spatial-, raster-",12,12
geo-ops-raster-delivery-source-provenance-ledger,data-analytics,spreadsheets-geospatial,"metadata keywords: geo-, spatial-, raster-",12,12
geo-ops-raster-delivery-threshold-rule-check,data-analytics,spreadsheets-geospatial,"metadata keywords: geo-, spatial-, raster-",12,12
geo-ops-stac-search-approval-evidence-packet,data-analytics,spreadsheets-geospatial,"metadata keywords: geo-, stac-, spatial-",12,12
geo-ops-stac-search-change-impact-trace,data-analytics,spreadsheets-geospatial,"metadata keywords: geo-, stac-, spatial-",12,12
geo-ops-stac-search-closeout-handoff-ledger,data-analytics,spreadsheets-geospatial,"metadata keywords: geo-, stac-, spatial-",12,12
geo-ops-stac-search-completeness-reconciliation,data-analytics,spreadsheets-geospatial,"metadata keywords: geo-, stac-, spatial-",12,12
geo-ops-stac-search-exception-triage-queue,data-analytics,spreadsheets-geospatial,"metadata keywords: geo-, stac-, spatial-",12,12
geo-ops-stac-search-recovery-readiness-drill,data-analytics,spreadsheets-geospatial,"metadata keywords: geo-, stac-, spatial-",12,12
geo-ops-stac-search-scenario-sensitivity-matrix,data-analytics,spreadsheets-geospatial,"metadata keywords: geo-, stac-, spatial-",12,12
geo-ops-stac-search-scope-intake-gate,data-analytics,spreadsheets-geospatial,"metadata keywords: geo-, stac-, spatial-",12,12
geo-ops-stac-search-source-provenance-ledger,data-analytics,spreadsheets-geospatial,"metadata keywords: geo-, stac-, spatial-",12,12
geo-ops-stac-search-threshold-rule-check,data-analytics,spreadsheets-geospatial,"metadata keywords: geo-, stac-, spatial-",12,12
geo-ops-vector-topology-approval-evidence-packet,data-analytics,spreadsheets-geospatial,metadata keywords: geo-,5,5
geo-ops-vector-topology-change-impact-trace,data-analytics,spreadsheets-geospatial,metadata keywords: geo-,5,5
geo-ops-vector-topology-closeout-handoff-ledger,data-analytics,spreadsheets-geospatial,metadata keywords: geo-,5,5
geo-ops-vector-topology-completeness-reconciliation,data-analytics,spreadsheets-geospatial,metadata keywords: geo-,5,5
geo-ops-vector-topology-exception-triage-queue,data-analytics,spreadsheets-geospatial,metadata keywords: geo-,5,5
geo-ops-vector-topology-recovery-readiness-drill,data-analytics,spreadsheets-geospatial,metadata keywords: geo-,5,5
geo-ops-vector-topology-scenario-sensitivity-matrix,data-analytics,spreadsheets-geospatial,metadata keywords: geo-,5,5
geo-ops-vector-topology-scope-intake-gate,data-analytics,spreadsheets-geospatial,metadata keywords: geo-,5,5
geo-ops-vector-topology-source-provenance-ledger,data-analytics,spreadsheets-geospatial,metadata keywords: geo-,5,5
geo-ops-vector-topology-threshold-rule-check,data-analytics,spreadsheets-geospatial,metadata keywords: geo-,5,5
geospatial-coordinate-reference-audit,data-analytics,spreadsheets-geospatial,topic prefix: geospatial,100,100
geospatial-scientific-analysis,data-analytics,spreadsheets-geospatial,topic prefix: geospatial,100,100
gh-aw-agent-context-lifecycle-review,ai-agent-systems,tools-integrations,topic prefix: gh-aw,100,100
gh-aw-agent-result-provenance-handoff,ai-agent-systems,tools-integrations,topic prefix: gh-aw,100,100
gh-aw-artifact-provenance-and-retention,ai-agent-systems,tools-integrations,topic prefix: gh-aw,100,100
gh-aw-audit-trail-event-correlation,ai-agent-systems,tools-integrations,topic prefix: gh-aw,100,100
gh-aw-auto-merge-human-approval-gate,ai-agent-systems,tools-integrations,topic prefix: gh-aw,100,100
gh-aw-checkout-ref-trust-boundary,ai-agent-systems,tools-integrations,topic prefix: gh-aw,100,100
gh-aw-comment-and-label-mutation-approval,ai-agent-systems,tools-integrations,topic prefix: gh-aw,100,100
gh-aw-concurrency-group-cancellation-audit,ai-agent-systems,tools-integrations,topic prefix: gh-aw,100,100
gh-aw-credential-scope-and-lifetime-audit,ai-agent-systems,tools-integrations,topic prefix: gh-aw,100,100
gh-aw-deployment-environment-protection-audit,ai-agent-systems,tools-integrations,topic prefix: gh-aw,100,100
gh-aw-duplicate-trigger-idempotency-review,ai-agent-systems,tools-integrations,topic prefix: gh-aw,100,100
gh-aw-event-payload-provenance-review,ai-agent-systems,tools-integrations,topic prefix: gh-aw,100,100
gh-aw-external-network-allowlist-review,ai-agent-systems,tools-integrations,topic prefix: gh-aw,100,100
gh-aw-external-write-target-allowlist,ai-agent-systems,tools-integrations,topic prefix: gh-aw,100,100
gh-aw-firewall-api-credential-isolation-check,ai-agent-systems,tools-integrations,topic prefix: gh-aw,100,100
gh-aw-firewall-blocked-egress-triage,ai-agent-systems,tools-integrations,topic prefix: gh-aw,100,100
gh-aw-firewall-domain-allowlist-scope-review,ai-agent-systems,tools-integrations,topic prefix: gh-aw,100,100
gh-aw-firewall-host-access-exception-audit,ai-agent-systems,tools-integrations,topic prefix: gh-aw,100,100
gh-aw-fork-pull-request-isolation,ai-agent-systems,tools-integrations,topic prefix: gh-aw,100,100
gh-aw-github-token-permission-minimization,ai-agent-systems,tools-integrations,topic prefix: gh-aw,100,100
gh-aw-instruction-file-change-protection,ai-agent-systems,tools-integrations,topic prefix: gh-aw,100,100
gh-aw-job-rate-limit-budget-review,ai-agent-systems,tools-integrations,topic prefix: gh-aw,100,100
gh-aw-log-output-secret-redaction,ai-agent-systems,tools-integrations,topic prefix: gh-aw,100,100
gh-aw-model-failure-safe-fallback-review,ai-agent-systems,tools-integrations,topic prefix: gh-aw,100,100
gh-aw-model-output-to-tool-command-validation,ai-agent-systems,tools-integrations,topic prefix: gh-aw,100,100
gh-aw-multi-agent-fanout-capacity-limit,ai-agent-systems,tools-integrations,topic prefix: gh-aw,100,100
gh-aw-privileged-self-hosted-runner-isolation,ai-agent-systems,tools-integrations,topic prefix: gh-aw,100,100
gh-aw-pull-request-comment-sanitization,ai-agent-systems,tools-integrations,topic prefix: gh-aw,100,100
gh-aw-reusable-workflow-trust-review,ai-agent-systems,tools-integrations,topic prefix: gh-aw,100,100
gh-aw-review-to-pr-diff-evidence-check,ai-agent-systems,tools-integrations,topic prefix: gh-aw,100,100
gh-aw-reviewer-notification-volume-control,ai-agent-systems,tools-integrations,topic prefix: gh-aw,100,100
gh-aw-runner-workspace-reuse-cleanup,ai-agent-systems,tools-integrations,topic prefix: gh-aw,100,100
gh-aw-safe-mode-for-unknown-events,ai-agent-systems,tools-integrations,topic prefix: gh-aw,100,100
gh-aw-safe-output-write-scope-audit,ai-agent-systems,tools-integrations,topic prefix: gh-aw,100,100
gh-aw-safe-summary-claim-evidence-audit,ai-agent-systems,tools-integrations,topic prefix: gh-aw,100,100
gh-aw-timeout-and-partial-state-recovery,ai-agent-systems,tools-integrations,topic prefix: gh-aw,100,100
gh-aw-trigger-rate-and-abuse-throttle,ai-agent-systems,tools-integrations,topic prefix: gh-aw,100,100
gh-aw-trigger-scope-and-event-authorization,ai-agent-systems,tools-integrations,topic prefix: gh-aw,100,100
gh-aw-untrusted-issue-content-injection-defense,ai-agent-systems,tools-integrations,topic prefix: gh-aw,100,100
gh-aw-workflow-human-override-and-stop,ai-agent-systems,tools-integrations,topic prefix: gh-aw,100,100
gh-aw-workflow-permission-elevation-review,ai-agent-systems,tools-integrations,topic prefix: gh-aw,100,100
gh-aw-workflow-secrets-context-audit,ai-agent-systems,tools-integrations,topic prefix: gh-aw,100,100
gh-aw-workflow-supply-chain-change-review,ai-agent-systems,tools-integrations,topic prefix: gh-aw,100,100
gh-aw-workflow-upgrade-regression-plan,ai-agent-systems,tools-integrations,topic prefix: gh-aw,100,100
gh-image-capability-surface-map,software-development,architecture-devtools,topic prefix: gh-image,100,100
gh-image-change-impact-assessment,software-development,architecture-devtools,topic prefix: gh-image,100,100
gh-image-failure-triage-record,software-development,architecture-devtools,topic prefix: gh-image,100,100
gh-image-input-output-contract,software-development,architecture-devtools,topic prefix: gh-image,100,100
gh-image-integration-parity-trace,software-development,architecture-devtools,topic prefix: gh-image,100,100
gh-image-performance-envelope,software-development,architecture-devtools,topic prefix: gh-image,100,100
gh-image-permission-boundary-review,software-development,architecture-devtools,topic prefix: gh-image,100,100
gh-image-release-handoff-record,software-development,architecture-devtools,topic prefix: gh-image,100,100
gh-image-reproducibility-fixture-plan,software-development,architecture-devtools,topic prefix: gh-image,100,100
gh-image-version-compatibility,software-development,architecture-devtools,topic prefix: gh-image,100,100
git-implementation-workflow,software-development,architecture-devtools,metadata keywords: git-,5,5
github-issue-authoring,software-development,architecture-devtools,metadata keywords: github-,5,5
github-mcp-read-only-operations,software-development,architecture-devtools,metadata keywords: github-,5,5
github-mcp-toolset-scoping,software-development,architecture-devtools,metadata keywords: github-,5,5
gitlab-commit-message-writing,software-development,architecture-devtools,"metadata keywords: repository-, gitlab-",7,7
gitlab-glab-safe-operations,software-development,architecture-devtools,metadata keywords: gitlab-,5,5
gitlab-merge-request-review,software-development,architecture-devtools,metadata keywords: gitlab-,5,3
gitlab-pipeline-triage,software-development,architecture-devtools,"metadata keywords: gitlab-, configuration-",7,5
gmail-inbox-triage,business-operations,product-growth,topic prefix: gmail,100,100
gmail-message-preparation,business-operations,product-growth,topic prefix: gmail,100,100
gmail-thread-summary,business-operations,product-growth,topic prefix: gmail,100,100
gmail-to-task-conversion,business-operations,product-growth,topic prefix: gmail,100,100
godot-4-migration-capability-surface-map,creative-media-design,games-interactive,topic prefix: godot,100,100
godot-4-migration-change-impact-assessment,creative-media-design,games-interactive,topic prefix: godot,100,100
godot-4-migration-failure-triage-record,creative-media-design,games-interactive,topic prefix: godot,100,100
godot-4-migration-input-output-contract,creative-media-design,games-interactive,topic prefix: godot,100,100
godot-4-migration-integration-parity-trace,creative-media-design,games-interactive,topic prefix: godot,100,100
godot-4-migration-performance-envelope,creative-media-design,games-interactive,topic prefix: godot,100,100
godot-4-migration-permission-boundary-review,creative-media-design,games-interactive,topic prefix: godot,100,100
godot-4-migration-release-handoff-record,creative-media-design,games-interactive,topic prefix: godot,100,100
godot-4-migration-reproducibility-fixture-plan,creative-media-design,games-interactive,topic prefix: godot,100,100
godot-4-migration-version-compatibility,creative-media-design,games-interactive,topic prefix: godot,100,100
godot-gdscript-patterns-capability-surface-map,creative-media-design,games-interactive,topic prefix: godot,100,100
godot-gdscript-patterns-change-impact-assessment,creative-media-design,games-interactive,topic prefix: godot,100,100
godot-gdscript-patterns-failure-triage-record,creative-media-design,games-interactive,topic prefix: godot,100,100
godot-gdscript-patterns-input-output-contract,creative-media-design,games-interactive,topic prefix: godot,100,100
godot-gdscript-patterns-integration-parity-trace,creative-media-design,games-interactive,topic prefix: godot,100,100
godot-gdscript-patterns-performance-envelope,creative-media-design,games-interactive,topic prefix: godot,100,100
godot-gdscript-patterns-permission-boundary-review,creative-media-design,games-interactive,topic prefix: godot,100,100
godot-gdscript-patterns-release-handoff-record,creative-media-design,games-interactive,topic prefix: godot,100,100
godot-gdscript-patterns-reproducibility-fixture-plan,creative-media-design,games-interactive,topic prefix: godot,100,100
godot-gdscript-patterns-version-compatibility,creative-media-design,games-interactive,topic prefix: godot,100,100
golang-code-style,software-development,languages-frameworks,metadata keywords: golang-,5,5
golang-design-patterns,software-development,languages-frameworks,metadata keywords: golang-,5,3
google-admin-audit-log-review,business-operations,legal-compliance,topic prefix: google-admin-audit,100,100
google-calendar-meeting-workflow,business-operations,product-growth,topic prefix: google-calendar,100,100
google-chat-announcement-drafting,business-operations,product-growth,topic prefix: google-chat,100,100
google-docs-change-review,business-operations,product-growth,topic prefix: google-docs,100,100
google-drive-permission-and-sharing-review,business-operations,product-growth,topic prefix: google-drive,100,100
google-drive-search-and-organization,business-operations,product-growth,topic prefix: google-drive,100,100
google-drive-version-recovery,business-operations,product-growth,topic prefix: google-drive,100,100
google-forms-survey-review,business-operations,product-growth,topic prefix: google-forms,100,100
google-sheets-batch-update-preview,data-analytics,spreadsheets-geospatial,topic prefix: google-sheets,100,100
google-sheets-data-maintenance,data-analytics,spreadsheets-geospatial,topic prefix: google-sheets,100,100
google-sheets-formula-audit,data-analytics,spreadsheets-geospatial,topic prefix: google-sheets,100,100
google-slides-presentation-review,creative-media-design,visual-graphic-design,topic prefix: google-slides,100,100
google-workspace-cli-safety,business-operations,product-growth,topic prefix: google-workspace,100,100
google-workspace-event-subscription-operations,business-operations,product-growth,topic prefix: google-workspace,100,100
google-workspace-oauth-scope-review,business-operations,product-growth,topic prefix: google-workspace,100,100
gpu-model-serving-cost-review,ai-agent-systems,evaluation-observability,topic prefix: gpu-model-serving,100,100
graph-rag-context-budget-evaluation,data-analytics,databases-storage,topic prefix: graph-rag,100,100
grover-oracle-correctness-review,science-health-research,physical-earth-sciences,topic prefix: grover,100,100
growth-evidence-attribution-window-approval-evidence-packet,business-operations,product-growth,business domain prefix: growth-evidence,100,100
growth-evidence-attribution-window-change-impact-trace,business-operations,product-growth,business domain prefix: growth-evidence,100,100
growth-evidence-attribution-window-closeout-handoff-ledger,business-operations,product-growth,business domain prefix: growth-evidence,100,100
growth-evidence-attribution-window-completeness-reconciliation,business-operations,product-growth,business domain prefix: growth-evidence,100,100
growth-evidence-attribution-window-exception-triage-queue,business-operations,product-growth,business domain prefix: growth-evidence,100,100
growth-evidence-attribution-window-recovery-readiness-drill,business-operations,product-growth,business domain prefix: growth-evidence,100,100
growth-evidence-attribution-window-scenario-sensitivity-matrix,business-operations,product-growth,business domain prefix: growth-evidence,100,100
growth-evidence-attribution-window-scope-intake-gate,business-operations,product-growth,business domain prefix: growth-evidence,100,100
growth-evidence-attribution-window-source-provenance-ledger,business-operations,product-growth,business domain prefix: growth-evidence,100,100
growth-evidence-attribution-window-threshold-rule-check,business-operations,product-growth,business domain prefix: growth-evidence,100,100
growth-evidence-brand-asset-approval-approval-evidence-packet,business-operations,product-growth,business domain prefix: growth-evidence,100,100
growth-evidence-brand-asset-approval-change-impact-trace,business-operations,product-growth,business domain prefix: growth-evidence,100,100
growth-evidence-brand-asset-approval-closeout-handoff-ledger,business-operations,product-growth,business domain prefix: growth-evidence,100,100
growth-evidence-brand-asset-approval-completeness-reconciliation,business-operations,product-growth,business domain prefix: growth-evidence,100,100
growth-evidence-brand-asset-approval-exception-triage-queue,business-operations,product-growth,business domain prefix: growth-evidence,100,100
growth-evidence-brand-asset-approval-recovery-readiness-drill,business-operations,product-growth,business domain prefix: growth-evidence,100,100
growth-evidence-brand-asset-approval-scenario-sensitivity-matrix,business-operations,product-growth,business domain prefix: growth-evidence,100,100
growth-evidence-brand-asset-approval-scope-intake-gate,business-operations,product-growth,business domain prefix: growth-evidence,100,100
growth-evidence-brand-asset-approval-source-provenance-ledger,business-operations,product-growth,business domain prefix: growth-evidence,100,100
growth-evidence-brand-asset-approval-threshold-rule-check,business-operations,product-growth,business domain prefix: growth-evidence,100,100
growth-evidence-campaign-experiment-approval-evidence-packet,business-operations,product-growth,business domain prefix: growth-evidence,100,100
growth-evidence-campaign-experiment-change-impact-trace,business-operations,product-growth,business domain prefix: growth-evidence,100,100
growth-evidence-campaign-experiment-closeout-handoff-ledger,business-operations,product-growth,business domain prefix: growth-evidence,100,100
growth-evidence-campaign-experiment-completeness-reconciliation,business-operations,product-growth,business domain prefix: growth-evidence,100,100
growth-evidence-campaign-experiment-exception-triage-queue,business-operations,product-growth,business domain prefix: growth-evidence,100,100
growth-evidence-campaign-experiment-recovery-readiness-drill,business-operations,product-growth,business domain prefix: growth-evidence,100,100
growth-evidence-campaign-experiment-scenario-sensitivity-matrix,business-operations,product-growth,business domain prefix: growth-evidence,100,100
growth-evidence-campaign-experiment-scope-intake-gate,business-operations,product-growth,business domain prefix: growth-evidence,100,100
growth-evidence-campaign-experiment-source-provenance-ledger,business-operations,product-growth,business domain prefix: growth-evidence,100,100
growth-evidence-campaign-experiment-threshold-rule-check,business-operations,product-growth,business domain prefix: growth-evidence,100,100
growth-evidence-incrementality-readout-approval-evidence-packet,business-operations,product-growth,business domain prefix: growth-evidence,100,100
growth-evidence-incrementality-readout-change-impact-trace,business-operations,product-growth,business domain prefix: growth-evidence,100,100
growth-evidence-incrementality-readout-closeout-handoff-ledger,business-operations,product-growth,business domain prefix: growth-evidence,100,100
growth-evidence-incrementality-readout-completeness-reconciliation,business-operations,product-growth,business domain prefix: growth-evidence,100,100
growth-evidence-incrementality-readout-exception-triage-queue,business-operations,product-growth,business domain prefix: growth-evidence,100,100
growth-evidence-incrementality-readout-recovery-readiness-drill,business-operations,product-growth,business domain prefix: growth-evidence,100,100
growth-evidence-incrementality-readout-scenario-sensitivity-matrix,business-operations,product-growth,business domain prefix: growth-evidence,100,100
growth-evidence-incrementality-readout-scope-intake-gate,business-operations,product-growth,business domain prefix: growth-evidence,100,100
growth-evidence-incrementality-readout-source-provenance-ledger,business-operations,product-growth,business domain prefix: growth-evidence,100,100
growth-evidence-incrementality-readout-threshold-rule-check,business-operations,product-growth,business domain prefix: growth-evidence,100,100
growth-evidence-landing-measurement-approval-evidence-packet,business-operations,product-growth,business domain prefix: growth-evidence,100,100
growth-evidence-landing-measurement-change-impact-trace,business-operations,product-growth,business domain prefix: growth-evidence,100,100
growth-evidence-landing-measurement-closeout-handoff-ledger,business-operations,product-growth,business domain prefix: growth-evidence,100,100
growth-evidence-landing-measurement-completeness-reconciliation,business-operations,product-growth,business domain prefix: growth-evidence,100,100
growth-evidence-landing-measurement-exception-triage-queue,business-operations,product-growth,business domain prefix: growth-evidence,100,100
growth-evidence-landing-measurement-recovery-readiness-drill,business-operations,product-growth,business domain prefix: growth-evidence,100,100
growth-evidence-landing-measurement-scenario-sensitivity-matrix,business-operations,product-growth,business domain prefix: growth-evidence,100,100
growth-evidence-landing-measurement-scope-intake-gate,business-operations,product-growth,business domain prefix: growth-evidence,100,100
growth-evidence-landing-measurement-source-provenance-ledger,business-operations,product-growth,business domain prefix: growth-evidence,100,100
growth-evidence-landing-measurement-threshold-rule-check,business-operations,product-growth,business domain prefix: growth-evidence,100,100
growth-evidence-lifecycle-segmentation-approval-evidence-packet,business-operations,product-growth,business domain prefix: growth-evidence,100,100
growth-evidence-lifecycle-segmentation-change-impact-trace,business-operations,product-growth,business domain prefix: growth-evidence,100,100
growth-evidence-lifecycle-segmentation-closeout-handoff-ledger,business-operations,product-growth,business domain prefix: growth-evidence,100,100
growth-evidence-lifecycle-segmentation-completeness-reconciliation,business-operations,product-growth,business domain prefix: growth-evidence,100,100
growth-evidence-lifecycle-segmentation-exception-triage-queue,business-operations,product-growth,business domain prefix: growth-evidence,100,100
growth-evidence-lifecycle-segmentation-recovery-readiness-drill,business-operations,product-growth,business domain prefix: growth-evidence,100,100
growth-evidence-lifecycle-segmentation-scenario-sensitivity-matrix,business-operations,product-growth,business domain prefix: growth-evidence,100,100
growth-evidence-lifecycle-segmentation-scope-intake-gate,business-operations,product-growth,business domain prefix: growth-evidence,100,100
growth-evidence-lifecycle-segmentation-source-provenance-ledger,business-operations,product-growth,business domain prefix: growth-evidence,100,100
growth-evidence-lifecycle-segmentation-threshold-rule-check,business-operations,product-growth,business domain prefix: growth-evidence,100,100
growth-evidence-positioning-claims-approval-evidence-packet,business-operations,product-growth,business domain prefix: growth-evidence,100,100
growth-evidence-positioning-claims-change-impact-trace,business-operations,product-growth,business domain prefix: growth-evidence,100,100
growth-evidence-positioning-claims-closeout-handoff-ledger,business-operations,product-growth,business domain prefix: growth-evidence,100,100
growth-evidence-positioning-claims-completeness-reconciliation,business-operations,product-growth,business domain prefix: growth-evidence,100,100
growth-evidence-positioning-claims-exception-triage-queue,business-operations,product-growth,business domain prefix: growth-evidence,100,100
growth-evidence-positioning-claims-recovery-readiness-drill,business-operations,product-growth,business domain prefix: growth-evidence,100,100
growth-evidence-positioning-claims-scenario-sensitivity-matrix,business-operations,product-growth,business domain prefix: growth-evidence,100,100
growth-evidence-positioning-claims-scope-intake-gate,business-operations,product-growth,business domain prefix: growth-evidence,100,100
growth-evidence-positioning-claims-source-provenance-ledger,business-operations,product-growth,business domain prefix: growth-evidence,100,100
growth-evidence-positioning-claims-threshold-rule-check,business-operations,product-growth,business domain prefix: growth-evidence,100,100
growth-evidence-problem-evidence-approval-evidence-packet,business-operations,product-growth,business domain prefix: growth-evidence,100,100
growth-evidence-problem-evidence-change-impact-trace,business-operations,product-growth,business domain prefix: growth-evidence,100,100
growth-evidence-problem-evidence-closeout-handoff-ledger,business-operations,product-growth,business domain prefix: growth-evidence,100,100
growth-evidence-problem-evidence-completeness-reconciliation,business-operations,product-growth,business domain prefix: growth-evidence,100,100
growth-evidence-problem-evidence-exception-triage-queue,business-operations,product-growth,business domain prefix: growth-evidence,100,100
growth-evidence-problem-evidence-recovery-readiness-drill,business-operations,product-growth,business domain prefix: growth-evidence,100,100
growth-evidence-problem-evidence-scenario-sensitivity-matrix,business-operations,product-growth,business domain prefix: growth-evidence,100,100
growth-evidence-problem-evidence-scope-intake-gate,business-operations,product-growth,business domain prefix: growth-evidence,100,100
growth-evidence-problem-evidence-source-provenance-ledger,business-operations,product-growth,business domain prefix: growth-evidence,100,100
growth-evidence-problem-evidence-threshold-rule-check,business-operations,product-growth,business domain prefix: growth-evidence,100,100
growth-evidence-referral-source-approval-evidence-packet,business-operations,product-growth,business domain prefix: growth-evidence,100,100
growth-evidence-referral-source-change-impact-trace,business-operations,product-growth,business domain prefix: growth-evidence,100,100
growth-evidence-referral-source-closeout-handoff-ledger,business-operations,product-growth,business domain prefix: growth-evidence,100,100
growth-evidence-referral-source-completeness-reconciliation,business-operations,product-growth,business domain prefix: growth-evidence,100,100
growth-evidence-referral-source-exception-triage-queue,business-operations,product-growth,business domain prefix: growth-evidence,100,100
growth-evidence-referral-source-recovery-readiness-drill,business-operations,product-growth,business domain prefix: growth-evidence,100,100
growth-evidence-referral-source-scenario-sensitivity-matrix,business-operations,product-growth,business domain prefix: growth-evidence,100,100
growth-evidence-referral-source-scope-intake-gate,business-operations,product-growth,business domain prefix: growth-evidence,100,100
growth-evidence-referral-source-source-provenance-ledger,business-operations,product-growth,business domain prefix: growth-evidence,100,100
growth-evidence-referral-source-threshold-rule-check,business-operations,product-growth,business domain prefix: growth-evidence,100,100
growth-evidence-seo-decay-approval-evidence-packet,business-operations,product-growth,business domain prefix: growth-evidence,100,100
growth-evidence-seo-decay-change-impact-trace,business-operations,product-growth,business domain prefix: growth-evidence,100,100
growth-evidence-seo-decay-closeout-handoff-ledger,business-operations,product-growth,business domain prefix: growth-evidence,100,100
growth-evidence-seo-decay-completeness-reconciliation,business-operations,product-growth,business domain prefix: growth-evidence,100,100
growth-evidence-seo-decay-exception-triage-queue,business-operations,product-growth,business domain prefix: growth-evidence,100,100
growth-evidence-seo-decay-recovery-readiness-drill,business-operations,product-growth,business domain prefix: growth-evidence,100,100
growth-evidence-seo-decay-scenario-sensitivity-matrix,business-operations,product-growth,business domain prefix: growth-evidence,100,100
growth-evidence-seo-decay-scope-intake-gate,business-operations,product-growth,business domain prefix: growth-evidence,100,100
growth-evidence-seo-decay-source-provenance-ledger,business-operations,product-growth,business domain prefix: growth-evidence,100,100
growth-evidence-seo-decay-threshold-rule-check,business-operations,product-growth,business domain prefix: growth-evidence,100,100
gtm-ops-account-research-approval-evidence-packet,business-operations,marketing-sales,topic prefix: gtm-ops,100,100
gtm-ops-account-research-change-impact-trace,business-operations,marketing-sales,topic prefix: gtm-ops,100,100
gtm-ops-account-research-closeout-handoff-ledger,business-operations,marketing-sales,topic prefix: gtm-ops,100,100
gtm-ops-account-research-completeness-reconciliation,business-operations,marketing-sales,topic prefix: gtm-ops,100,100
gtm-ops-account-research-exception-triage-queue,business-operations,marketing-sales,topic prefix: gtm-ops,100,100
gtm-ops-account-research-recovery-readiness-drill,business-operations,marketing-sales,topic prefix: gtm-ops,100,100
gtm-ops-account-research-scenario-sensitivity-matrix,business-operations,marketing-sales,topic prefix: gtm-ops,100,100
gtm-ops-account-research-scope-intake-gate,business-operations,marketing-sales,topic prefix: gtm-ops,100,100
gtm-ops-account-research-source-provenance-ledger,business-operations,marketing-sales,topic prefix: gtm-ops,100,100
gtm-ops-account-research-threshold-rule-check,business-operations,marketing-sales,topic prefix: gtm-ops,100,100
gtm-ops-adoption-approval-evidence-packet,business-operations,marketing-sales,topic prefix: gtm-ops,100,100
gtm-ops-adoption-change-impact-trace,business-operations,marketing-sales,topic prefix: gtm-ops,100,100
gtm-ops-adoption-closeout-handoff-ledger,business-operations,marketing-sales,topic prefix: gtm-ops,100,100
gtm-ops-adoption-completeness-reconciliation,business-operations,marketing-sales,topic prefix: gtm-ops,100,100
gtm-ops-adoption-exception-triage-queue,business-operations,marketing-sales,topic prefix: gtm-ops,100,100
gtm-ops-adoption-recovery-readiness-drill,business-operations,marketing-sales,topic prefix: gtm-ops,100,100
gtm-ops-adoption-scenario-sensitivity-matrix,business-operations,marketing-sales,topic prefix: gtm-ops,100,100
gtm-ops-adoption-scope-intake-gate,business-operations,marketing-sales,topic prefix: gtm-ops,100,100
gtm-ops-adoption-source-provenance-ledger,business-operations,marketing-sales,topic prefix: gtm-ops,100,100
gtm-ops-adoption-threshold-rule-check,business-operations,marketing-sales,topic prefix: gtm-ops,100,100
gtm-ops-campaigns-approval-evidence-packet,business-operations,marketing-sales,topic prefix: gtm-ops,100,100
gtm-ops-campaigns-change-impact-trace,business-operations,marketing-sales,topic prefix: gtm-ops,100,100
gtm-ops-campaigns-closeout-handoff-ledger,business-operations,marketing-sales,topic prefix: gtm-ops,100,100
gtm-ops-campaigns-completeness-reconciliation,business-operations,marketing-sales,topic prefix: gtm-ops,100,100
gtm-ops-campaigns-exception-triage-queue,business-operations,marketing-sales,topic prefix: gtm-ops,100,100
gtm-ops-campaigns-recovery-readiness-drill,business-operations,marketing-sales,topic prefix: gtm-ops,100,100
gtm-ops-campaigns-scenario-sensitivity-matrix,business-operations,marketing-sales,topic prefix: gtm-ops,100,100
gtm-ops-campaigns-scope-intake-gate,business-operations,marketing-sales,topic prefix: gtm-ops,100,100
gtm-ops-campaigns-source-provenance-ledger,business-operations,marketing-sales,topic prefix: gtm-ops,100,100
gtm-ops-campaigns-threshold-rule-check,business-operations,marketing-sales,topic prefix: gtm-ops,100,100
gtm-ops-content-approval-evidence-packet,business-operations,marketing-sales,topic prefix: gtm-ops,100,100
gtm-ops-content-change-impact-trace,business-operations,marketing-sales,topic prefix: gtm-ops,100,100
gtm-ops-content-closeout-handoff-ledger,business-operations,marketing-sales,topic prefix: gtm-ops,100,100
gtm-ops-content-completeness-reconciliation,business-operations,marketing-sales,topic prefix: gtm-ops,100,100
gtm-ops-content-exception-triage-queue,business-operations,marketing-sales,topic prefix: gtm-ops,100,100
gtm-ops-content-recovery-readiness-drill,business-operations,marketing-sales,topic prefix: gtm-ops,100,100
gtm-ops-content-scenario-sensitivity-matrix,business-operations,marketing-sales,topic prefix: gtm-ops,100,100
gtm-ops-content-scope-intake-gate,business-operations,marketing-sales,topic prefix: gtm-ops,100,100
gtm-ops-content-source-provenance-ledger,business-operations,marketing-sales,topic prefix: gtm-ops,100,100
gtm-ops-content-threshold-rule-check,business-operations,marketing-sales,topic prefix: gtm-ops,100,100
gtm-ops-crm-hygiene-approval-evidence-packet,business-operations,marketing-sales,topic prefix: gtm-ops,100,100
gtm-ops-crm-hygiene-change-impact-trace,business-operations,marketing-sales,topic prefix: gtm-ops,100,100
gtm-ops-crm-hygiene-closeout-handoff-ledger,business-operations,marketing-sales,topic prefix: gtm-ops,100,100
gtm-ops-crm-hygiene-completeness-reconciliation,business-operations,marketing-sales,topic prefix: gtm-ops,100,100
gtm-ops-crm-hygiene-exception-triage-queue,business-operations,marketing-sales,topic prefix: gtm-ops,100,100
gtm-ops-crm-hygiene-recovery-readiness-drill,business-operations,marketing-sales,topic prefix: gtm-ops,100,100
gtm-ops-crm-hygiene-scenario-sensitivity-matrix,business-operations,marketing-sales,topic prefix: gtm-ops,100,100
gtm-ops-crm-hygiene-scope-intake-gate,business-operations,marketing-sales,topic prefix: gtm-ops,100,100
gtm-ops-crm-hygiene-source-provenance-ledger,business-operations,marketing-sales,topic prefix: gtm-ops,100,100
gtm-ops-crm-hygiene-threshold-rule-check,business-operations,marketing-sales,topic prefix: gtm-ops,100,100
gtm-ops-deal-room-approval-evidence-packet,business-operations,marketing-sales,topic prefix: gtm-ops,100,100
gtm-ops-deal-room-change-impact-trace,business-operations,marketing-sales,topic prefix: gtm-ops,100,100
gtm-ops-deal-room-closeout-handoff-ledger,business-operations,marketing-sales,topic prefix: gtm-ops,100,100
gtm-ops-deal-room-completeness-reconciliation,business-operations,marketing-sales,topic prefix: gtm-ops,100,100
gtm-ops-deal-room-exception-triage-queue,business-operations,marketing-sales,topic prefix: gtm-ops,100,100
gtm-ops-deal-room-recovery-readiness-drill,business-operations,marketing-sales,topic prefix: gtm-ops,100,100
gtm-ops-deal-room-scenario-sensitivity-matrix,business-operations,marketing-sales,topic prefix: gtm-ops,100,100
gtm-ops-deal-room-scope-intake-gate,business-operations,marketing-sales,topic prefix: gtm-ops,100,100
gtm-ops-deal-room-source-provenance-ledger,business-operations,marketing-sales,topic prefix: gtm-ops,100,100
gtm-ops-deal-room-threshold-rule-check,business-operations,marketing-sales,topic prefix: gtm-ops,100,100
gtm-ops-onboarding-approval-evidence-packet,business-operations,marketing-sales,topic prefix: gtm-ops,100,100
gtm-ops-onboarding-change-impact-trace,business-operations,marketing-sales,topic prefix: gtm-ops,100,100
gtm-ops-onboarding-closeout-handoff-ledger,business-operations,marketing-sales,topic prefix: gtm-ops,100,100
gtm-ops-onboarding-completeness-reconciliation,business-operations,marketing-sales,topic prefix: gtm-ops,100,100
gtm-ops-onboarding-exception-triage-queue,business-operations,marketing-sales,topic prefix: gtm-ops,100,100
gtm-ops-onboarding-recovery-readiness-drill,business-operations,marketing-sales,topic prefix: gtm-ops,100,100
gtm-ops-onboarding-scenario-sensitivity-matrix,business-operations,marketing-sales,topic prefix: gtm-ops,100,100
gtm-ops-onboarding-scope-intake-gate,business-operations,marketing-sales,topic prefix: gtm-ops,100,100
gtm-ops-onboarding-source-provenance-ledger,business-operations,marketing-sales,topic prefix: gtm-ops,100,100
gtm-ops-onboarding-threshold-rule-check,business-operations,marketing-sales,topic prefix: gtm-ops,100,100
gtm-ops-prospecting-approval-evidence-packet,business-operations,marketing-sales,topic prefix: gtm-ops,100,100
gtm-ops-prospecting-change-impact-trace,business-operations,marketing-sales,topic prefix: gtm-ops,100,100
gtm-ops-prospecting-closeout-handoff-ledger,business-operations,marketing-sales,topic prefix: gtm-ops,100,100
gtm-ops-prospecting-completeness-reconciliation,business-operations,marketing-sales,topic prefix: gtm-ops,100,100
gtm-ops-prospecting-exception-triage-queue,business-operations,marketing-sales,topic prefix: gtm-ops,100,100
gtm-ops-prospecting-recovery-readiness-drill,business-operations,marketing-sales,topic prefix: gtm-ops,100,100
gtm-ops-prospecting-scenario-sensitivity-matrix,business-operations,marketing-sales,topic prefix: gtm-ops,100,100
gtm-ops-prospecting-scope-intake-gate,business-operations,marketing-sales,topic prefix: gtm-ops,100,100
gtm-ops-prospecting-source-provenance-ledger,business-operations,marketing-sales,topic prefix: gtm-ops,100,100
gtm-ops-prospecting-threshold-rule-check,business-operations,marketing-sales,topic prefix: gtm-ops,100,100
gtm-ops-renewal-approval-evidence-packet,business-operations,marketing-sales,topic prefix: gtm-ops,100,100
gtm-ops-renewal-change-impact-trace,business-operations,marketing-sales,topic prefix: gtm-ops,100,100
gtm-ops-renewal-closeout-handoff-ledger,business-operations,marketing-sales,topic prefix: gtm-ops,100,100
gtm-ops-renewal-completeness-reconciliation,business-operations,marketing-sales,topic prefix: gtm-ops,100,100
gtm-ops-renewal-exception-triage-queue,business-operations,marketing-sales,topic prefix: gtm-ops,100,100
gtm-ops-renewal-recovery-readiness-drill,business-operations,marketing-sales,topic prefix: gtm-ops,100,100
gtm-ops-renewal-scenario-sensitivity-matrix,business-operations,marketing-sales,topic prefix: gtm-ops,100,100
gtm-ops-renewal-scope-intake-gate,business-operations,marketing-sales,topic prefix: gtm-ops,100,100
gtm-ops-renewal-source-provenance-ledger,business-operations,marketing-sales,topic prefix: gtm-ops,100,100
gtm-ops-renewal-threshold-rule-check,business-operations,marketing-sales,topic prefix: gtm-ops,100,100
gtm-ops-support-voice-approval-evidence-packet,business-operations,marketing-sales,topic prefix: gtm-ops,100,100
gtm-ops-support-voice-change-impact-trace,business-operations,marketing-sales,topic prefix: gtm-ops,100,100
gtm-ops-support-voice-closeout-handoff-ledger,business-operations,marketing-sales,topic prefix: gtm-ops,100,100
gtm-ops-support-voice-completeness-reconciliation,business-operations,marketing-sales,topic prefix: gtm-ops,100,100
gtm-ops-support-voice-exception-triage-queue,business-operations,marketing-sales,topic prefix: gtm-ops,100,100
gtm-ops-support-voice-recovery-readiness-drill,business-operations,marketing-sales,topic prefix: gtm-ops,100,100
gtm-ops-support-voice-scenario-sensitivity-matrix,business-operations,marketing-sales,topic prefix: gtm-ops,100,100
gtm-ops-support-voice-scope-intake-gate,business-operations,marketing-sales,topic prefix: gtm-ops,100,100
gtm-ops-support-voice-source-provenance-ledger,business-operations,marketing-sales,topic prefix: gtm-ops,100,100
gtm-ops-support-voice-threshold-rule-check,business-operations,marketing-sales,topic prefix: gtm-ops,100,100
hardware-software-interface-contract-review,engineering-industry,electronics-hardware,topic prefix: hardware,100,100
health-admin-capacity-approval-evidence-packet,science-health-research,clinical-healthcare,topic prefix: health-admin,100,100
health-admin-capacity-change-impact-trace,science-health-research,clinical-healthcare,topic prefix: health-admin,100,100
health-admin-capacity-closeout-handoff-ledger,science-health-research,clinical-healthcare,topic prefix: health-admin,100,100
health-admin-capacity-completeness-reconciliation,science-health-research,clinical-healthcare,topic prefix: health-admin,100,100
health-admin-capacity-exception-triage-queue,science-health-research,clinical-healthcare,topic prefix: health-admin,100,100
health-admin-capacity-recovery-readiness-drill,science-health-research,clinical-healthcare,topic prefix: health-admin,100,100
health-admin-capacity-scenario-sensitivity-matrix,science-health-research,clinical-healthcare,topic prefix: health-admin,100,100
health-admin-capacity-scope-intake-gate,science-health-research,clinical-healthcare,topic prefix: health-admin,100,100
health-admin-capacity-source-provenance-ledger,science-health-research,clinical-healthcare,topic prefix: health-admin,100,100
health-admin-capacity-threshold-rule-check,science-health-research,clinical-healthcare,topic prefix: health-admin,100,100
health-admin-care-coordination-approval-evidence-packet,science-health-research,clinical-healthcare,topic prefix: health-admin,100,100
health-admin-care-coordination-change-impact-trace,science-health-research,clinical-healthcare,topic prefix: health-admin,100,100
health-admin-care-coordination-closeout-handoff-ledger,science-health-research,clinical-healthcare,topic prefix: health-admin,100,100
health-admin-care-coordination-completeness-reconciliation,science-health-research,clinical-healthcare,topic prefix: health-admin,100,100
health-admin-care-coordination-exception-triage-queue,science-health-research,clinical-healthcare,topic prefix: health-admin,100,100
health-admin-care-coordination-recovery-readiness-drill,science-health-research,clinical-healthcare,topic prefix: health-admin,100,100
health-admin-care-coordination-scenario-sensitivity-matrix,science-health-research,clinical-healthcare,topic prefix: health-admin,100,100
health-admin-care-coordination-scope-intake-gate,science-health-research,clinical-healthcare,topic prefix: health-admin,100,100
health-admin-care-coordination-source-provenance-ledger,science-health-research,clinical-healthcare,topic prefix: health-admin,100,100
health-admin-care-coordination-threshold-rule-check,science-health-research,clinical-healthcare,topic prefix: health-admin,100,100
health-admin-health-it-approval-evidence-packet,science-health-research,clinical-healthcare,topic prefix: health-admin,100,100
health-admin-health-it-change-impact-trace,science-health-research,clinical-healthcare,topic prefix: health-admin,100,100
health-admin-health-it-closeout-handoff-ledger,science-health-research,clinical-healthcare,topic prefix: health-admin,100,100
health-admin-health-it-completeness-reconciliation,science-health-research,clinical-healthcare,topic prefix: health-admin,100,100
health-admin-health-it-exception-triage-queue,science-health-research,clinical-healthcare,topic prefix: health-admin,100,100
health-admin-health-it-recovery-readiness-drill,science-health-research,clinical-healthcare,topic prefix: health-admin,100,100
health-admin-health-it-scenario-sensitivity-matrix,science-health-research,clinical-healthcare,topic prefix: health-admin,100,100
health-admin-health-it-scope-intake-gate,science-health-research,clinical-healthcare,topic prefix: health-admin,100,100
health-admin-health-it-source-provenance-ledger,science-health-research,clinical-healthcare,topic prefix: health-admin,100,100
health-admin-health-it-threshold-rule-check,science-health-research,clinical-healthcare,topic prefix: health-admin,100,100
health-admin-patient-access-approval-evidence-packet,science-health-research,clinical-healthcare,topic prefix: health-admin,100,100
health-admin-patient-access-change-impact-trace,science-health-research,clinical-healthcare,topic prefix: health-admin,100,100
health-admin-patient-access-closeout-handoff-ledger,science-health-research,clinical-healthcare,topic prefix: health-admin,100,100
health-admin-patient-access-completeness-reconciliation,science-health-research,clinical-healthcare,topic prefix: health-admin,100,100
health-admin-patient-access-exception-triage-queue,science-health-research,clinical-healthcare,topic prefix: health-admin,100,100
health-admin-patient-access-recovery-readiness-drill,science-health-research,clinical-healthcare,topic prefix: health-admin,100,100
health-admin-patient-access-scenario-sensitivity-matrix,science-health-research,clinical-healthcare,topic prefix: health-admin,100,100
health-admin-patient-access-scope-intake-gate,science-health-research,clinical-healthcare,topic prefix: health-admin,100,100
health-admin-patient-access-source-provenance-ledger,science-health-research,clinical-healthcare,topic prefix: health-admin,100,100
health-admin-patient-access-threshold-rule-check,science-health-research,clinical-healthcare,topic prefix: health-admin,100,100
health-admin-payer-contract-approval-evidence-packet,science-health-research,clinical-healthcare,topic prefix: health-admin,100,100
health-admin-payer-contract-change-impact-trace,science-health-research,clinical-healthcare,topic prefix: health-admin,100,100
health-admin-payer-contract-closeout-handoff-ledger,science-health-research,clinical-healthcare,topic prefix: health-admin,100,100
health-admin-payer-contract-completeness-reconciliation,science-health-research,clinical-healthcare,topic prefix: health-admin,100,100
health-admin-payer-contract-exception-triage-queue,science-health-research,clinical-healthcare,topic prefix: health-admin,100,100
health-admin-payer-contract-recovery-readiness-drill,science-health-research,clinical-healthcare,topic prefix: health-admin,100,100
health-admin-payer-contract-scenario-sensitivity-matrix,science-health-research,clinical-healthcare,topic prefix: health-admin,100,100
health-admin-payer-contract-scope-intake-gate,science-health-research,clinical-healthcare,topic prefix: health-admin,100,100
health-admin-payer-contract-source-provenance-ledger,science-health-research,clinical-healthcare,topic prefix: health-admin,100,100
health-admin-payer-contract-threshold-rule-check,science-health-research,clinical-healthcare,topic prefix: health-admin,100,100
health-admin-pharmacy-admin-approval-evidence-packet,science-health-research,clinical-healthcare,topic prefix: health-admin,100,100
health-admin-pharmacy-admin-change-impact-trace,science-health-research,clinical-healthcare,topic prefix: health-admin,100,100
health-admin-pharmacy-admin-closeout-handoff-ledger,science-health-research,clinical-healthcare,topic prefix: health-admin,100,100
health-admin-pharmacy-admin-completeness-reconciliation,science-health-research,clinical-healthcare,topic prefix: health-admin,100,100
health-admin-pharmacy-admin-exception-triage-queue,science-health-research,clinical-healthcare,topic prefix: health-admin,100,100
health-admin-pharmacy-admin-recovery-readiness-drill,science-health-research,clinical-healthcare,topic prefix: health-admin,100,100
health-admin-pharmacy-admin-scenario-sensitivity-matrix,science-health-research,clinical-healthcare,topic prefix: health-admin,100,100
health-admin-pharmacy-admin-scope-intake-gate,science-health-research,clinical-healthcare,topic prefix: health-admin,100,100
health-admin-pharmacy-admin-source-provenance-ledger,science-health-research,clinical-healthcare,topic prefix: health-admin,100,100
health-admin-pharmacy-admin-threshold-rule-check,science-health-research,clinical-healthcare,topic prefix: health-admin,100,100
health-admin-prior-auth-approval-evidence-packet,science-health-research,clinical-healthcare,topic prefix: health-admin,100,100
health-admin-prior-auth-change-impact-trace,science-health-research,clinical-healthcare,topic prefix: health-admin,100,100
health-admin-prior-auth-closeout-handoff-ledger,science-health-research,clinical-healthcare,topic prefix: health-admin,100,100
health-admin-prior-auth-completeness-reconciliation,science-health-research,clinical-healthcare,topic prefix: health-admin,100,100
health-admin-prior-auth-exception-triage-queue,science-health-research,clinical-healthcare,topic prefix: health-admin,100,100
health-admin-prior-auth-recovery-readiness-drill,science-health-research,clinical-healthcare,topic prefix: health-admin,100,100
health-admin-prior-auth-scenario-sensitivity-matrix,science-health-research,clinical-healthcare,topic prefix: health-admin,100,100
health-admin-prior-auth-scope-intake-gate,science-health-research,clinical-healthcare,topic prefix: health-admin,100,100
health-admin-prior-auth-source-provenance-ledger,science-health-research,clinical-healthcare,topic prefix: health-admin,100,100
health-admin-prior-auth-threshold-rule-check,science-health-research,clinical-healthcare,topic prefix: health-admin,100,100
health-admin-provider-credentialing-approval-evidence-packet,science-health-research,clinical-healthcare,topic prefix: health-admin,100,100
health-admin-provider-credentialing-change-impact-trace,science-health-research,clinical-healthcare,topic prefix: health-admin,100,100
health-admin-provider-credentialing-closeout-handoff-ledger,science-health-research,clinical-healthcare,topic prefix: health-admin,100,100
health-admin-provider-credentialing-completeness-reconciliation,science-health-research,clinical-healthcare,topic prefix: health-admin,100,100
health-admin-provider-credentialing-exception-triage-queue,science-health-research,clinical-healthcare,topic prefix: health-admin,100,100
health-admin-provider-credentialing-recovery-readiness-drill,science-health-research,clinical-healthcare,topic prefix: health-admin,100,100
health-admin-provider-credentialing-scenario-sensitivity-matrix,science-health-research,clinical-healthcare,topic prefix: health-admin,100,100
health-admin-provider-credentialing-scope-intake-gate,science-health-research,clinical-healthcare,topic prefix: health-admin,100,100
health-admin-provider-credentialing-source-provenance-ledger,science-health-research,clinical-healthcare,topic prefix: health-admin,100,100
health-admin-provider-credentialing-threshold-rule-check,science-health-research,clinical-healthcare,topic prefix: health-admin,100,100
health-admin-quality-readiness-approval-evidence-packet,science-health-research,clinical-healthcare,topic prefix: health-admin,100,100
health-admin-quality-readiness-change-impact-trace,science-health-research,clinical-healthcare,topic prefix: health-admin,100,100
health-admin-quality-readiness-closeout-handoff-ledger,science-health-research,clinical-healthcare,topic prefix: health-admin,100,100
health-admin-quality-readiness-completeness-reconciliation,science-health-research,clinical-healthcare,topic prefix: health-admin,100,100
health-admin-quality-readiness-exception-triage-queue,science-health-research,clinical-healthcare,topic prefix: health-admin,100,100
health-admin-quality-readiness-recovery-readiness-drill,science-health-research,clinical-healthcare,topic prefix: health-admin,100,100
health-admin-quality-readiness-scenario-sensitivity-matrix,science-health-research,clinical-healthcare,topic prefix: health-admin,100,100
health-admin-quality-readiness-scope-intake-gate,science-health-research,clinical-healthcare,topic prefix: health-admin,100,100
health-admin-quality-readiness-source-provenance-ledger,science-health-research,clinical-healthcare,topic prefix: health-admin,100,100
health-admin-quality-readiness-threshold-rule-check,science-health-research,clinical-healthcare,topic prefix: health-admin,100,100
health-admin-revenue-cycle-approval-evidence-packet,science-health-research,clinical-healthcare,topic prefix: health-admin,100,100
health-admin-revenue-cycle-change-impact-trace,science-health-research,clinical-healthcare,topic prefix: health-admin,100,100
health-admin-revenue-cycle-closeout-handoff-ledger,science-health-research,clinical-healthcare,topic prefix: health-admin,100,100
health-admin-revenue-cycle-completeness-reconciliation,science-health-research,clinical-healthcare,topic prefix: health-admin,100,100
health-admin-revenue-cycle-exception-triage-queue,science-health-research,clinical-healthcare,topic prefix: health-admin,100,100
health-admin-revenue-cycle-recovery-readiness-drill,science-health-research,clinical-healthcare,topic prefix: health-admin,100,100
health-admin-revenue-cycle-scenario-sensitivity-matrix,science-health-research,clinical-healthcare,topic prefix: health-admin,100,100
health-admin-revenue-cycle-scope-intake-gate,science-health-research,clinical-healthcare,topic prefix: health-admin,100,100
health-admin-revenue-cycle-source-provenance-ledger,science-health-research,clinical-healthcare,topic prefix: health-admin,100,100
health-admin-revenue-cycle-threshold-rule-check,science-health-research,clinical-healthcare,topic prefix: health-admin,100,100
heterogeneity-analysis-planning,science-health-research,statistics-evidence,topic prefix: heterogeneity,100,100
hf-cli-capability-surface-map,ai-agent-systems,tools-integrations,topic prefix: hf-cli,100,100
hf-cli-change-impact-assessment,ai-agent-systems,tools-integrations,topic prefix: hf-cli,100,100
hf-cli-failure-triage-record,ai-agent-systems,tools-integrations,topic prefix: hf-cli,100,100
hf-cli-input-output-contract,ai-agent-systems,tools-integrations,topic prefix: hf-cli,100,100
hf-cli-integration-parity-trace,ai-agent-systems,tools-integrations,topic prefix: hf-cli,100,100
hf-cli-performance-envelope,ai-agent-systems,tools-integrations,topic prefix: hf-cli,100,100
hf-cli-permission-boundary-review,ai-agent-systems,tools-integrations,topic prefix: hf-cli,100,100
hf-cli-release-handoff-record,ai-agent-systems,tools-integrations,topic prefix: hf-cli,100,100
hf-cli-reproducibility-fixture-plan,ai-agent-systems,tools-integrations,topic prefix: hf-cli,100,100
hf-cli-version-compatibility,ai-agent-systems,tools-integrations,topic prefix: hf-cli,100,100
hf-mem-capability-surface-map,ai-agent-systems,agent-architecture-orchestration,topic prefix: hf-mem,100,100
hf-mem-change-impact-assessment,ai-agent-systems,agent-architecture-orchestration,topic prefix: hf-mem,100,100
hf-mem-failure-triage-record,ai-agent-systems,agent-architecture-orchestration,topic prefix: hf-mem,100,100
hf-mem-input-output-contract,ai-agent-systems,agent-architecture-orchestration,topic prefix: hf-mem,100,100
hf-mem-integration-parity-trace,ai-agent-systems,agent-architecture-orchestration,topic prefix: hf-mem,100,100
hf-mem-performance-envelope,ai-agent-systems,agent-architecture-orchestration,topic prefix: hf-mem,100,100
hf-mem-permission-boundary-review,ai-agent-systems,agent-architecture-orchestration,topic prefix: hf-mem,100,100
hf-mem-release-handoff-record,ai-agent-systems,agent-architecture-orchestration,topic prefix: hf-mem,100,100
hf-mem-reproducibility-fixture-plan,ai-agent-systems,agent-architecture-orchestration,topic prefix: hf-mem,100,100
hf-mem-version-compatibility,ai-agent-systems,agent-architecture-orchestration,topic prefix: hf-mem,100,100
high-end-visual-design,creative-media-design,visual-graphic-design,"metadata keywords: visual-design, visual-",14,14
hospitality-ops-events-approval-evidence-packet,business-operations,retail-hospitality,topic prefix: hospitality-ops,100,100
hospitality-ops-events-change-impact-trace,business-operations,retail-hospitality,topic prefix: hospitality-ops,100,100
hospitality-ops-events-closeout-handoff-ledger,business-operations,retail-hospitality,topic prefix: hospitality-ops,100,100
hospitality-ops-events-completeness-reconciliation,business-operations,retail-hospitality,topic prefix: hospitality-ops,100,100
hospitality-ops-events-exception-triage-queue,business-operations,retail-hospitality,topic prefix: hospitality-ops,100,100
hospitality-ops-events-recovery-readiness-drill,business-operations,retail-hospitality,topic prefix: hospitality-ops,100,100
hospitality-ops-events-scenario-sensitivity-matrix,business-operations,retail-hospitality,topic prefix: hospitality-ops,100,100
hospitality-ops-events-scope-intake-gate,business-operations,retail-hospitality,topic prefix: hospitality-ops,100,100
hospitality-ops-events-source-provenance-ledger,business-operations,retail-hospitality,topic prefix: hospitality-ops,100,100
hospitality-ops-events-threshold-rule-check,business-operations,retail-hospitality,topic prefix: hospitality-ops,100,100
hospitality-ops-food-records-approval-evidence-packet,business-operations,retail-hospitality,topic prefix: hospitality-ops,100,100
hospitality-ops-food-records-change-impact-trace,business-operations,retail-hospitality,topic prefix: hospitality-ops,100,100
hospitality-ops-food-records-closeout-handoff-ledger,business-operations,retail-hospitality,topic prefix: hospitality-ops,100,100
hospitality-ops-food-records-completeness-reconciliation,business-operations,retail-hospitality,topic prefix: hospitality-ops,100,100
hospitality-ops-food-records-exception-triage-queue,business-operations,retail-hospitality,topic prefix: hospitality-ops,100,100
hospitality-ops-food-records-recovery-readiness-drill,business-operations,retail-hospitality,topic prefix: hospitality-ops,100,100
hospitality-ops-food-records-scenario-sensitivity-matrix,business-operations,retail-hospitality,topic prefix: hospitality-ops,100,100
hospitality-ops-food-records-scope-intake-gate,business-operations,retail-hospitality,topic prefix: hospitality-ops,100,100
hospitality-ops-food-records-source-provenance-ledger,business-operations,retail-hospitality,topic prefix: hospitality-ops,100,100
hospitality-ops-food-records-threshold-rule-check,business-operations,retail-hospitality,topic prefix: hospitality-ops,100,100
hospitality-ops-frontdesk-approval-evidence-packet,business-operations,retail-hospitality,topic prefix: hospitality-ops,100,100
hospitality-ops-frontdesk-change-impact-trace,business-operations,retail-hospitality,topic prefix: hospitality-ops,100,100
hospitality-ops-frontdesk-closeout-handoff-ledger,business-operations,retail-hospitality,topic prefix: hospitality-ops,100,100
hospitality-ops-frontdesk-completeness-reconciliation,business-operations,retail-hospitality,topic prefix: hospitality-ops,100,100
hospitality-ops-frontdesk-exception-triage-queue,business-operations,retail-hospitality,topic prefix: hospitality-ops,100,100
hospitality-ops-frontdesk-recovery-readiness-drill,business-operations,retail-hospitality,topic prefix: hospitality-ops,100,100
hospitality-ops-frontdesk-scenario-sensitivity-matrix,business-operations,retail-hospitality,topic prefix: hospitality-ops,100,100
hospitality-ops-frontdesk-scope-intake-gate,business-operations,retail-hospitality,topic prefix: hospitality-ops,100,100
hospitality-ops-frontdesk-source-provenance-ledger,business-operations,retail-hospitality,topic prefix: hospitality-ops,100,100
hospitality-ops-frontdesk-threshold-rule-check,business-operations,retail-hospitality,topic prefix: hospitality-ops,100,100
hospitality-ops-housekeeping-approval-evidence-packet,business-operations,retail-hospitality,topic prefix: hospitality-ops,100,100
hospitality-ops-housekeeping-change-impact-trace,business-operations,retail-hospitality,topic prefix: hospitality-ops,100,100
hospitality-ops-housekeeping-closeout-handoff-ledger,business-operations,retail-hospitality,topic prefix: hospitality-ops,100,100
hospitality-ops-housekeeping-completeness-reconciliation,business-operations,retail-hospitality,topic prefix: hospitality-ops,100,100
hospitality-ops-housekeeping-exception-triage-queue,business-operations,retail-hospitality,topic prefix: hospitality-ops,100,100
hospitality-ops-housekeeping-recovery-readiness-drill,business-operations,retail-hospitality,topic prefix: hospitality-ops,100,100
hospitality-ops-housekeeping-scenario-sensitivity-matrix,business-operations,retail-hospitality,topic prefix: hospitality-ops,100,100
hospitality-ops-housekeeping-scope-intake-gate,business-operations,retail-hospitality,topic prefix: hospitality-ops,100,100
hospitality-ops-housekeeping-source-provenance-ledger,business-operations,retail-hospitality,topic prefix: hospitality-ops,100,100
hospitality-ops-housekeeping-threshold-rule-check,business-operations,retail-hospitality,topic prefix: hospitality-ops,100,100
hospitality-ops-menu-costing-approval-evidence-packet,business-operations,retail-hospitality,topic prefix: hospitality-ops,100,100
hospitality-ops-menu-costing-change-impact-trace,business-operations,retail-hospitality,topic prefix: hospitality-ops,100,100
hospitality-ops-menu-costing-closeout-handoff-ledger,business-operations,retail-hospitality,topic prefix: hospitality-ops,100,100
hospitality-ops-menu-costing-completeness-reconciliation,business-operations,retail-hospitality,topic prefix: hospitality-ops,100,100
hospitality-ops-menu-costing-exception-triage-queue,business-operations,retail-hospitality,topic prefix: hospitality-ops,100,100
hospitality-ops-menu-costing-recovery-readiness-drill,business-operations,retail-hospitality,topic prefix: hospitality-ops,100,100
hospitality-ops-menu-costing-scenario-sensitivity-matrix,business-operations,retail-hospitality,topic prefix: hospitality-ops,100,100
hospitality-ops-menu-costing-scope-intake-gate,business-operations,retail-hospitality,topic prefix: hospitality-ops,100,100
hospitality-ops-menu-costing-source-provenance-ledger,business-operations,retail-hospitality,topic prefix: hospitality-ops,100,100
hospitality-ops-menu-costing-threshold-rule-check,business-operations,retail-hospitality,topic prefix: hospitality-ops,100,100
hospitality-ops-prearrival-approval-evidence-packet,business-operations,retail-hospitality,topic prefix: hospitality-ops,100,100
hospitality-ops-prearrival-change-impact-trace,business-operations,retail-hospitality,topic prefix: hospitality-ops,100,100
hospitality-ops-prearrival-closeout-handoff-ledger,business-operations,retail-hospitality,topic prefix: hospitality-ops,100,100
hospitality-ops-prearrival-completeness-reconciliation,business-operations,retail-hospitality,topic prefix: hospitality-ops,100,100
hospitality-ops-prearrival-exception-triage-queue,business-operations,retail-hospitality,topic prefix: hospitality-ops,100,100
hospitality-ops-prearrival-recovery-readiness-drill,business-operations,retail-hospitality,topic prefix: hospitality-ops,100,100
hospitality-ops-prearrival-scenario-sensitivity-matrix,business-operations,retail-hospitality,topic prefix: hospitality-ops,100,100
hospitality-ops-prearrival-scope-intake-gate,business-operations,retail-hospitality,topic prefix: hospitality-ops,100,100
hospitality-ops-prearrival-source-provenance-ledger,business-operations,retail-hospitality,topic prefix: hospitality-ops,100,100
hospitality-ops-prearrival-threshold-rule-check,business-operations,retail-hospitality,topic prefix: hospitality-ops,100,100
hospitality-ops-reservations-approval-evidence-packet,business-operations,retail-hospitality,topic prefix: hospitality-ops,100,100
hospitality-ops-reservations-change-impact-trace,business-operations,retail-hospitality,topic prefix: hospitality-ops,100,100
hospitality-ops-reservations-closeout-handoff-ledger,business-operations,retail-hospitality,topic prefix: hospitality-ops,100,100
hospitality-ops-reservations-completeness-reconciliation,business-operations,retail-hospitality,topic prefix: hospitality-ops,100,100
hospitality-ops-reservations-exception-triage-queue,business-operations,retail-hospitality,topic prefix: hospitality-ops,100,100
hospitality-ops-reservations-recovery-readiness-drill,business-operations,retail-hospitality,topic prefix: hospitality-ops,100,100
hospitality-ops-reservations-scenario-sensitivity-matrix,business-operations,retail-hospitality,topic prefix: hospitality-ops,100,100
hospitality-ops-reservations-scope-intake-gate,business-operations,retail-hospitality,topic prefix: hospitality-ops,100,100
hospitality-ops-reservations-source-provenance-ledger,business-operations,retail-hospitality,topic prefix: hospitality-ops,100,100
hospitality-ops-reservations-threshold-rule-check,business-operations,retail-hospitality,topic prefix: hospitality-ops,100,100
hospitality-ops-restaurant-approval-evidence-packet,business-operations,retail-hospitality,topic prefix: hospitality-ops,100,100
hospitality-ops-restaurant-change-impact-trace,business-operations,retail-hospitality,topic prefix: hospitality-ops,100,100
hospitality-ops-restaurant-closeout-handoff-ledger,business-operations,retail-hospitality,topic prefix: hospitality-ops,100,100
hospitality-ops-restaurant-completeness-reconciliation,business-operations,retail-hospitality,topic prefix: hospitality-ops,100,100
hospitality-ops-restaurant-exception-triage-queue,business-operations,retail-hospitality,topic prefix: hospitality-ops,100,100
hospitality-ops-restaurant-recovery-readiness-drill,business-operations,retail-hospitality,topic prefix: hospitality-ops,100,100
hospitality-ops-restaurant-scenario-sensitivity-matrix,business-operations,retail-hospitality,topic prefix: hospitality-ops,100,100
hospitality-ops-restaurant-scope-intake-gate,business-operations,retail-hospitality,topic prefix: hospitality-ops,100,100
hospitality-ops-restaurant-source-provenance-ledger,business-operations,retail-hospitality,topic prefix: hospitality-ops,100,100
hospitality-ops-restaurant-threshold-rule-check,business-operations,retail-hospitality,topic prefix: hospitality-ops,100,100
hospitality-ops-revenue-ops-approval-evidence-packet,business-operations,retail-hospitality,topic prefix: hospitality-ops,100,100
hospitality-ops-revenue-ops-change-impact-trace,business-operations,retail-hospitality,topic prefix: hospitality-ops,100,100
hospitality-ops-revenue-ops-closeout-handoff-ledger,business-operations,retail-hospitality,topic prefix: hospitality-ops,100,100
hospitality-ops-revenue-ops-completeness-reconciliation,business-operations,retail-hospitality,topic prefix: hospitality-ops,100,100
hospitality-ops-revenue-ops-exception-triage-queue,business-operations,retail-hospitality,topic prefix: hospitality-ops,100,100
hospitality-ops-revenue-ops-recovery-readiness-drill,business-operations,retail-hospitality,topic prefix: hospitality-ops,100,100
hospitality-ops-revenue-ops-scenario-sensitivity-matrix,business-operations,retail-hospitality,topic prefix: hospitality-ops,100,100
hospitality-ops-revenue-ops-scope-intake-gate,business-operations,retail-hospitality,topic prefix: hospitality-ops,100,100
hospitality-ops-revenue-ops-source-provenance-ledger,business-operations,retail-hospitality,topic prefix: hospitality-ops,100,100
hospitality-ops-revenue-ops-threshold-rule-check,business-operations,retail-hospitality,topic prefix: hospitality-ops,100,100
hospitality-ops-travel-approval-evidence-packet,business-operations,retail-hospitality,topic prefix: hospitality-ops,100,100
hospitality-ops-travel-change-impact-trace,business-operations,retail-hospitality,topic prefix: hospitality-ops,100,100
hospitality-ops-travel-closeout-handoff-ledger,business-operations,retail-hospitality,topic prefix: hospitality-ops,100,100
hospitality-ops-travel-completeness-reconciliation,business-operations,retail-hospitality,topic prefix: hospitality-ops,100,100
hospitality-ops-travel-exception-triage-queue,business-operations,retail-hospitality,topic prefix: hospitality-ops,100,100
hospitality-ops-travel-recovery-readiness-drill,business-operations,retail-hospitality,topic prefix: hospitality-ops,100,100
hospitality-ops-travel-scenario-sensitivity-matrix,business-operations,retail-hospitality,topic prefix: hospitality-ops,100,100
hospitality-ops-travel-scope-intake-gate,business-operations,retail-hospitality,topic prefix: hospitality-ops,100,100
hospitality-ops-travel-source-provenance-ledger,business-operations,retail-hospitality,topic prefix: hospitality-ops,100,100
hospitality-ops-travel-threshold-rule-check,business-operations,retail-hospitality,topic prefix: hospitality-ops,100,100
hugging-face-community-evals-capability-surface-map,ai-agent-systems,tools-integrations,topic prefix: hugging-face,100,100
hugging-face-community-evals-change-impact-assessment,ai-agent-systems,tools-integrations,topic prefix: hugging-face,100,100
hugging-face-community-evals-failure-triage-record,ai-agent-systems,tools-integrations,topic prefix: hugging-face,100,100
hugging-face-community-evals-input-output-contract,ai-agent-systems,tools-integrations,topic prefix: hugging-face,100,100
hugging-face-community-evals-integration-parity-trace,ai-agent-systems,tools-integrations,topic prefix: hugging-face,100,100
hugging-face-community-evals-performance-envelope,ai-agent-systems,tools-integrations,topic prefix: hugging-face,100,100
hugging-face-community-evals-permission-boundary-review,ai-agent-systems,tools-integrations,topic prefix: hugging-face,100,100
hugging-face-community-evals-release-handoff-record,ai-agent-systems,tools-integrations,topic prefix: hugging-face,100,100
hugging-face-community-evals-reproducibility-fixture-plan,ai-agent-systems,tools-integrations,topic prefix: hugging-face,100,100
hugging-face-community-evals-version-compatibility,ai-agent-systems,tools-integrations,topic prefix: hugging-face,100,100
human-approval-gates,ai-agent-systems,safety-governance,topic prefix: human-approval,100,100
human-escalation-evidence-packet-builder,ai-agent-systems,safety-governance,topic prefix: human-escalation,100,100
image-to-3d-asset-reconstruction,creative-media-design,image-3d,"metadata keywords: 3d-, image-",10,8
image-to-code,creative-media-design,image-3d,metadata keywords: image-,5,3
infsh-cli,ai-agent-systems,tools-integrations,topic prefix: infsh-cli,100,100
instagram-automation-capability-surface-map,business-operations,marketing-sales,topic prefix: instagram-automation,100,100
instagram-automation-change-impact-assessment,business-operations,marketing-sales,topic prefix: instagram-automation,100,100
instagram-automation-failure-triage-record,business-operations,marketing-sales,topic prefix: instagram-automation,100,100
instagram-automation-input-output-contract,business-operations,marketing-sales,topic prefix: instagram-automation,100,100
instagram-automation-integration-parity-trace,business-operations,marketing-sales,topic prefix: instagram-automation,100,100
instagram-automation-performance-envelope,business-operations,marketing-sales,topic prefix: instagram-automation,100,100
instagram-automation-permission-boundary-review,business-operations,marketing-sales,topic prefix: instagram-automation,100,100
instagram-automation-release-handoff-record,business-operations,marketing-sales,topic prefix: instagram-automation,100,100
instagram-automation-reproducibility-fixture-plan,business-operations,marketing-sales,topic prefix: instagram-automation,100,100
instagram-automation-version-compatibility,business-operations,marketing-sales,topic prefix: instagram-automation,100,100
instruments-leak-cycle-evidence-check,software-development,testing-quality-release,"metadata keywords: testing-, instruments-",7,7
instruments-memory-allocation-retention-analysis,software-development,testing-quality-release,metadata keywords: instruments-,5,5
instruments-network-traffic-privacy-review,software-development,testing-quality-release,"metadata keywords: test-, instruments-",7,7
instruments-time-profiler-hotspot-ranking-audit,software-development,testing-quality-release,metadata keywords: instruments-,5,5
instruments-trace-capture-scope-plan,software-development,testing-quality-release,metadata keywords: instruments-,5,5
insure-ops-cat-exposure-approval-evidence-packet,business-operations,insurance,topic prefix: insure-ops,100,100
insure-ops-cat-exposure-change-impact-trace,business-operations,insurance,topic prefix: insure-ops,100,100
insure-ops-cat-exposure-closeout-handoff-ledger,business-operations,insurance,topic prefix: insure-ops,100,100
insure-ops-cat-exposure-completeness-reconciliation,business-operations,insurance,topic prefix: insure-ops,100,100
insure-ops-cat-exposure-exception-triage-queue,business-operations,insurance,topic prefix: insure-ops,100,100
insure-ops-cat-exposure-recovery-readiness-drill,business-operations,insurance,topic prefix: insure-ops,100,100
insure-ops-cat-exposure-scenario-sensitivity-matrix,business-operations,insurance,topic prefix: insure-ops,100,100
insure-ops-cat-exposure-scope-intake-gate,business-operations,insurance,topic prefix: insure-ops,100,100
insure-ops-cat-exposure-source-provenance-ledger,business-operations,insurance,topic prefix: insure-ops,100,100
insure-ops-cat-exposure-threshold-rule-check,business-operations,insurance,topic prefix: insure-ops,100,100
insure-ops-claim-intake-approval-evidence-packet,business-operations,insurance,topic prefix: insure-ops,100,100
insure-ops-claim-intake-change-impact-trace,business-operations,insurance,topic prefix: insure-ops,100,100
insure-ops-claim-intake-closeout-handoff-ledger,business-operations,insurance,topic prefix: insure-ops,100,100
insure-ops-claim-intake-completeness-reconciliation,business-operations,insurance,topic prefix: insure-ops,100,100
insure-ops-claim-intake-exception-triage-queue,business-operations,insurance,topic prefix: insure-ops,100,100
insure-ops-claim-intake-recovery-readiness-drill,business-operations,insurance,topic prefix: insure-ops,100,100
insure-ops-claim-intake-scenario-sensitivity-matrix,business-operations,insurance,topic prefix: insure-ops,100,100
insure-ops-claim-intake-scope-intake-gate,business-operations,insurance,topic prefix: insure-ops,100,100
insure-ops-claim-intake-source-provenance-ledger,business-operations,insurance,topic prefix: insure-ops,100,100
insure-ops-claim-intake-threshold-rule-check,business-operations,insurance,topic prefix: insure-ops,100,100
insure-ops-policy-admin-approval-evidence-packet,business-operations,insurance,topic prefix: insure-ops,100,100
insure-ops-policy-admin-change-impact-trace,business-operations,insurance,topic prefix: insure-ops,100,100
insure-ops-policy-admin-closeout-handoff-ledger,business-operations,insurance,topic prefix: insure-ops,100,100
insure-ops-policy-admin-completeness-reconciliation,business-operations,insurance,topic prefix: insure-ops,100,100
insure-ops-policy-admin-exception-triage-queue,business-operations,insurance,topic prefix: insure-ops,100,100
insure-ops-policy-admin-recovery-readiness-drill,business-operations,insurance,topic prefix: insure-ops,100,100
insure-ops-policy-admin-scenario-sensitivity-matrix,business-operations,insurance,topic prefix: insure-ops,100,100
insure-ops-policy-admin-scope-intake-gate,business-operations,insurance,topic prefix: insure-ops,100,100
insure-ops-policy-admin-source-provenance-ledger,business-operations,insurance,topic prefix: insure-ops,100,100
insure-ops-policy-admin-threshold-rule-check,business-operations,insurance,topic prefix: insure-ops,100,100
insure-ops-premium-audit-approval-evidence-packet,business-operations,insurance,topic prefix: insure-ops,100,100
insure-ops-premium-audit-change-impact-trace,business-operations,insurance,topic prefix: insure-ops,100,100
insure-ops-premium-audit-closeout-handoff-ledger,business-operations,insurance,topic prefix: insure-ops,100,100
insure-ops-premium-audit-completeness-reconciliation,business-operations,insurance,topic prefix: insure-ops,100,100
insure-ops-premium-audit-exception-triage-queue,business-operations,insurance,topic prefix: insure-ops,100,100
insure-ops-premium-audit-recovery-readiness-drill,business-operations,insurance,topic prefix: insure-ops,100,100
insure-ops-premium-audit-scenario-sensitivity-matrix,business-operations,insurance,topic prefix: insure-ops,100,100
insure-ops-premium-audit-scope-intake-gate,business-operations,insurance,topic prefix: insure-ops,100,100
insure-ops-premium-audit-source-provenance-ledger,business-operations,insurance,topic prefix: insure-ops,100,100
insure-ops-premium-audit-threshold-rule-check,business-operations,insurance,topic prefix: insure-ops,100,100
insure-ops-producer-comp-approval-evidence-packet,business-operations,insurance,topic prefix: insure-ops,100,100
insure-ops-producer-comp-change-impact-trace,business-operations,insurance,topic prefix: insure-ops,100,100
insure-ops-producer-comp-closeout-handoff-ledger,business-operations,insurance,topic prefix: insure-ops,100,100
insure-ops-producer-comp-completeness-reconciliation,business-operations,insurance,topic prefix: insure-ops,100,100
insure-ops-producer-comp-exception-triage-queue,business-operations,insurance,topic prefix: insure-ops,100,100
insure-ops-producer-comp-recovery-readiness-drill,business-operations,insurance,topic prefix: insure-ops,100,100
insure-ops-producer-comp-scenario-sensitivity-matrix,business-operations,insurance,topic prefix: insure-ops,100,100
insure-ops-producer-comp-scope-intake-gate,business-operations,insurance,topic prefix: insure-ops,100,100
insure-ops-producer-comp-source-provenance-ledger,business-operations,insurance,topic prefix: insure-ops,100,100
insure-ops-producer-comp-threshold-rule-check,business-operations,insurance,topic prefix: insure-ops,100,100
insure-ops-regulatory-evidence-approval-evidence-packet,business-operations,insurance,topic prefix: insure-ops,100,100
insure-ops-regulatory-evidence-change-impact-trace,business-operations,insurance,topic prefix: insure-ops,100,100
insure-ops-regulatory-evidence-closeout-handoff-ledger,business-operations,insurance,topic prefix: insure-ops,100,100
insure-ops-regulatory-evidence-completeness-reconciliation,business-operations,insurance,topic prefix: insure-ops,100,100
insure-ops-regulatory-evidence-exception-triage-queue,business-operations,insurance,topic prefix: insure-ops,100,100
insure-ops-regulatory-evidence-recovery-readiness-drill,business-operations,insurance,topic prefix: insure-ops,100,100
insure-ops-regulatory-evidence-scenario-sensitivity-matrix,business-operations,insurance,topic prefix: insure-ops,100,100
insure-ops-regulatory-evidence-scope-intake-gate,business-operations,insurance,topic prefix: insure-ops,100,100
insure-ops-regulatory-evidence-source-provenance-ledger,business-operations,insurance,topic prefix: insure-ops,100,100
insure-ops-regulatory-evidence-threshold-rule-check,business-operations,insurance,topic prefix: insure-ops,100,100
insure-ops-reinsurance-approval-evidence-packet,business-operations,insurance,topic prefix: insure-ops,100,100
insure-ops-reinsurance-change-impact-trace,business-operations,insurance,topic prefix: insure-ops,100,100
insure-ops-reinsurance-closeout-handoff-ledger,business-operations,insurance,topic prefix: insure-ops,100,100
insure-ops-reinsurance-completeness-reconciliation,business-operations,insurance,topic prefix: insure-ops,100,100
insure-ops-reinsurance-exception-triage-queue,business-operations,insurance,topic prefix: insure-ops,100,100
insure-ops-reinsurance-recovery-readiness-drill,business-operations,insurance,topic prefix: insure-ops,100,100
insure-ops-reinsurance-scenario-sensitivity-matrix,business-operations,insurance,topic prefix: insure-ops,100,100
insure-ops-reinsurance-scope-intake-gate,business-operations,insurance,topic prefix: insure-ops,100,100
insure-ops-reinsurance-source-provenance-ledger,business-operations,insurance,topic prefix: insure-ops,100,100
insure-ops-reinsurance-threshold-rule-check,business-operations,insurance,topic prefix: insure-ops,100,100
insure-ops-reserve-data-approval-evidence-packet,business-operations,insurance,topic prefix: insure-ops,100,100
insure-ops-reserve-data-change-impact-trace,business-operations,insurance,topic prefix: insure-ops,100,100
insure-ops-reserve-data-closeout-handoff-ledger,business-operations,insurance,topic prefix: insure-ops,100,100
insure-ops-reserve-data-completeness-reconciliation,business-operations,insurance,topic prefix: insure-ops,100,100
insure-ops-reserve-data-exception-triage-queue,business-operations,insurance,topic prefix: insure-ops,100,100
insure-ops-reserve-data-recovery-readiness-drill,business-operations,insurance,topic prefix: insure-ops,100,100
insure-ops-reserve-data-scenario-sensitivity-matrix,business-operations,insurance,topic prefix: insure-ops,100,100
insure-ops-reserve-data-scope-intake-gate,business-operations,insurance,topic prefix: insure-ops,100,100
insure-ops-reserve-data-source-provenance-ledger,business-operations,insurance,topic prefix: insure-ops,100,100
insure-ops-reserve-data-threshold-rule-check,business-operations,insurance,topic prefix: insure-ops,100,100
insure-ops-risk-survey-approval-evidence-packet,business-operations,insurance,topic prefix: insure-ops,100,100
insure-ops-risk-survey-change-impact-trace,business-operations,insurance,topic prefix: insure-ops,100,100
insure-ops-risk-survey-closeout-handoff-ledger,business-operations,insurance,topic prefix: insure-ops,100,100
insure-ops-risk-survey-completeness-reconciliation,business-operations,insurance,topic prefix: insure-ops,100,100
insure-ops-risk-survey-exception-triage-queue,business-operations,insurance,topic prefix: insure-ops,100,100
insure-ops-risk-survey-recovery-readiness-drill,business-operations,insurance,topic prefix: insure-ops,100,100
insure-ops-risk-survey-scenario-sensitivity-matrix,business-operations,insurance,topic prefix: insure-ops,100,100
insure-ops-risk-survey-scope-intake-gate,business-operations,insurance,topic prefix: insure-ops,100,100
insure-ops-risk-survey-source-provenance-ledger,business-operations,insurance,topic prefix: insure-ops,100,100
insure-ops-risk-survey-threshold-rule-check,business-operations,insurance,topic prefix: insure-ops,100,100
insure-ops-submission-approval-evidence-packet,business-operations,insurance,topic prefix: insure-ops,100,100
insure-ops-submission-change-impact-trace,business-operations,insurance,topic prefix: insure-ops,100,100
insure-ops-submission-closeout-handoff-ledger,business-operations,insurance,topic prefix: insure-ops,100,100
insure-ops-submission-completeness-reconciliation,business-operations,insurance,topic prefix: insure-ops,100,100
insure-ops-submission-exception-triage-queue,business-operations,insurance,topic prefix: insure-ops,100,100
insure-ops-submission-recovery-readiness-drill,business-operations,insurance,topic prefix: insure-ops,100,100
insure-ops-submission-scenario-sensitivity-matrix,business-operations,insurance,topic prefix: insure-ops,100,100
insure-ops-submission-scope-intake-gate,business-operations,insurance,topic prefix: insure-ops,100,100
insure-ops-submission-source-provenance-ledger,business-operations,insurance,topic prefix: insure-ops,100,100
insure-ops-submission-threshold-rule-check,business-operations,insurance,topic prefix: insure-ops,100,100
inverse-problem-identifiability-audit,science-health-research,physical-earth-sciences,topic prefix: inverse-problem,100,100
ios-memory-pressure-termination-investigation,software-development,testing-quality-release,topic prefix: ios-memory-pressure,100,100
iot-alert-noise-and-escalation-audit,engineering-industry,electronics-hardware,metadata keywords: iot-,5,5
iot-camera-fleet-credential-rotation-plan,engineering-industry,electronics-hardware,metadata keywords: iot-,5,5
iot-camera-storage-and-retention-budget,engineering-industry,electronics-hardware,metadata keywords: iot-,5,5
iot-device-certificate-lifecycle-review,engineering-industry,electronics-hardware,metadata keywords: iot-,5,5
iot-device-firmware-rollout-canary-plan,engineering-industry,electronics-hardware,"metadata keywords: firmware, iot-",10,10
iot-device-inventory-and-identity-audit,engineering-industry,electronics-hardware,metadata keywords: iot-,5,5
iot-edge-cloud-failover-test-plan,engineering-industry,electronics-hardware,metadata keywords: iot-,5,5
iot-gateway-device-onboarding-runbook,engineering-industry,electronics-hardware,metadata keywords: iot-,5,5
iot-offline-buffering-replay-integrity-review,engineering-industry,electronics-hardware,metadata keywords: iot-,5,5
iot-sensor-calibration-drift-review,engineering-industry,electronics-hardware,"metadata keywords: sensor, iot-",10,10
iot-telemetry-retention-minimization-review,engineering-industry,electronics-hardware,metadata keywords: iot-,5,5
iot-video-stream-ingest-readiness,engineering-industry,electronics-hardware,metadata keywords: iot-,5,5
issue-body-untrusted-instruction-triage-boundary,ai-agent-systems,safety-governance,topic prefix: issue-body-untrusted,100,100
javascript-testing-patterns-capability-surface-map,software-development,testing-quality-release,topic prefix: javascript-testing,100,100
javascript-testing-patterns-change-impact-assessment,software-development,testing-quality-release,topic prefix: javascript-testing,100,100
javascript-testing-patterns-failure-triage-record,software-development,testing-quality-release,topic prefix: javascript-testing,100,100
javascript-testing-patterns-input-output-contract,software-development,testing-quality-release,topic prefix: javascript-testing,100,100
javascript-testing-patterns-integration-parity-trace,software-development,testing-quality-release,topic prefix: javascript-testing,100,100
javascript-testing-patterns-performance-envelope,software-development,testing-quality-release,topic prefix: javascript-testing,100,100
javascript-testing-patterns-permission-boundary-review,software-development,testing-quality-release,topic prefix: javascript-testing,100,100
javascript-testing-patterns-release-handoff-record,software-development,testing-quality-release,topic prefix: javascript-testing,100,100
javascript-testing-patterns-reproducibility-fixture-plan,software-development,testing-quality-release,topic prefix: javascript-testing,100,100
javascript-testing-patterns-version-compatibility,software-development,testing-quality-release,topic prefix: javascript-testing,100,100
jetson-deployment-readiness,engineering-industry,robotics-controls,topic prefix: jetson-deployment,100,100
json-output-schema-roundtrip-invariant-test,software-development,testing-quality-release,"metadata keywords: testing-, test-",7,7
kali-linux,cloud-infrastructure-security,security-privacy,topic prefix: kali-linux,100,100
keyboard-focus-order-change-localizer,software-development,frontend,topic prefix: keyboard-focus,100,100
kicad-electronics-design-review,engineering-industry,electronics-hardware,metadata keywords: electronics,5,5
klaviyo-automation-capability-surface-map,business-operations,marketing-sales,topic prefix: klaviyo,100,100
klaviyo-automation-change-impact-assessment,business-operations,marketing-sales,topic prefix: klaviyo,100,100
klaviyo-automation-failure-triage-record,business-operations,marketing-sales,topic prefix: klaviyo,100,100
klaviyo-automation-input-output-contract,business-operations,marketing-sales,topic prefix: klaviyo,100,100
klaviyo-automation-integration-parity-trace,business-operations,marketing-sales,topic prefix: klaviyo,100,100
klaviyo-automation-performance-envelope,business-operations,marketing-sales,topic prefix: klaviyo,100,100
klaviyo-automation-permission-boundary-review,business-operations,marketing-sales,topic prefix: klaviyo,100,100
klaviyo-automation-release-handoff-record,business-operations,marketing-sales,topic prefix: klaviyo,100,100
klaviyo-automation-reproducibility-fixture-plan,business-operations,marketing-sales,topic prefix: klaviyo,100,100
klaviyo-automation-version-compatibility,business-operations,marketing-sales,topic prefix: klaviyo,100,100
knowledge-graph-conflict-detection-workflow,data-analytics,databases-storage,topic prefix: knowledge-graph,100,100
knowledge-graph-data-lineage-design,data-analytics,databases-storage,topic prefix: knowledge-graph,100,100
knowledge-graph-entity-resolution-plan,data-analytics,databases-storage,topic prefix: knowledge-graph,100,100
knowledge-graph-ingestion-deduplication-review,data-analytics,databases-storage,topic prefix: knowledge-graph,100,100
knowledge-graph-query-quality-evaluation,data-analytics,databases-storage,topic prefix: knowledge-graph,100,100
knowledge-graph-schema-evolution-migration,data-analytics,databases-storage,topic prefix: knowledge-graph,100,100
knowledge-graph-temporal-consistency-audit,data-analytics,databases-storage,topic prefix: knowledge-graph,100,100
kotlin-coroutines-expert-capability-surface-map,software-development,languages-frameworks,metadata keywords: kotlin-,5,3
kotlin-coroutines-expert-change-impact-assessment,software-development,languages-frameworks,metadata keywords: kotlin-,5,3
kotlin-coroutines-expert-failure-triage-record,software-development,languages-frameworks,metadata keywords: kotlin-,5,3
kotlin-coroutines-expert-input-output-contract,software-development,languages-frameworks,metadata keywords: kotlin-,5,3
kotlin-coroutines-expert-integration-parity-trace,software-development,languages-frameworks,metadata keywords: kotlin-,5,3
kotlin-coroutines-expert-performance-envelope,software-development,languages-frameworks,metadata keywords: kotlin-,5,3
kotlin-coroutines-expert-permission-boundary-review,software-development,languages-frameworks,metadata keywords: kotlin-,5,3
kotlin-coroutines-expert-release-handoff-record,software-development,languages-frameworks,metadata keywords: kotlin-,5,3
kotlin-coroutines-expert-reproducibility-fixture-plan,software-development,languages-frameworks,metadata keywords: kotlin-,5,3
kotlin-coroutines-expert-version-compatibility,software-development,languages-frameworks,metadata keywords: kotlin-,5,3
kubernetes-addon-version-compatibility-matrix,cloud-infrastructure-security,containers-kubernetes,topic prefix: kubernetes,100,100
kubernetes-admission-webhook-failure-policy-resilience-review,cloud-infrastructure-security,containers-kubernetes,topic prefix: kubernetes,100,100
kubernetes-api-audit-policy-coverage-map,cloud-infrastructure-security,containers-kubernetes,topic prefix: kubernetes,100,100
kubernetes-apiserver-429-throttling-correlation,cloud-infrastructure-security,containers-kubernetes,topic prefix: kubernetes,100,100
kubernetes-apiserver-load-balancer-failover-test,cloud-infrastructure-security,containers-kubernetes,topic prefix: kubernetes,100,100
kubernetes-apiserver-public-exposure-review,cloud-infrastructure-security,containers-kubernetes,topic prefix: kubernetes,100,100
kubernetes-blue-green-service-selector-cutover-test,cloud-infrastructure-security,containers-kubernetes,topic prefix: kubernetes,100,100
kubernetes-canary-promotion-evidence-gate,cloud-infrastructure-security,containers-kubernetes,topic prefix: kubernetes,100,100
kubernetes-cloud-metadata-egress-isolation-test,cloud-infrastructure-security,containers-kubernetes,topic prefix: kubernetes,100,100
kubernetes-cluster-certificate-expiry-inventory,cloud-infrastructure-security,containers-kubernetes,topic prefix: kubernetes,100,100
kubernetes-cluster-decommission-resource-reconciliation,cloud-infrastructure-security,containers-kubernetes,topic prefix: kubernetes,100,100
kubernetes-cluster-metrics-cardinality-budget-review,cloud-infrastructure-security,containers-kubernetes,topic prefix: kubernetes,100,100
kubernetes-configmap-projection-reload-behavior-test,cloud-infrastructure-security,containers-kubernetes,topic prefix: kubernetes,100,100
kubernetes-container-log-identity-redaction-retention,cloud-infrastructure-security,containers-kubernetes,topic prefix: kubernetes,100,100
kubernetes-control-plane-certificate-rotation-readiness,cloud-infrastructure-security,containers-kubernetes,topic prefix: kubernetes,100,100
kubernetes-control-plane-ha-failure-domain-review,cloud-infrastructure-security,containers-kubernetes,topic prefix: kubernetes,100,100
kubernetes-control-plane-slo-signal-definition,cloud-infrastructure-security,containers-kubernetes,topic prefix: kubernetes,100,100
kubernetes-coredns-failure-hotspot-investigation,cloud-infrastructure-security,containers-kubernetes,topic prefix: kubernetes,100,100
kubernetes-crd-schema-conversion-upgrade-test,cloud-infrastructure-security,containers-kubernetes,topic prefix: kubernetes,100,100
kubernetes-crd-validation-defaulting-contract-check,cloud-infrastructure-security,containers-kubernetes,topic prefix: kubernetes,100,100
kubernetes-cronjob-overlap-concurrency-policy,cloud-infrastructure-security,containers-kubernetes,topic prefix: kubernetes,100,100
kubernetes-csi-driver-version-compatibility-audit,cloud-infrastructure-security,containers-kubernetes,topic prefix: kubernetes,100,100
kubernetes-custom-metric-freshness-scaling-test,cloud-infrastructure-security,containers-kubernetes,topic prefix: kubernetes,100,100
kubernetes-daemonset-node-coverage-reconciliation,cloud-infrastructure-security,containers-kubernetes,topic prefix: kubernetes,100,100
kubernetes-default-deny-networkpolicy-coverage-audit,cloud-infrastructure-security,containers-kubernetes,topic prefix: kubernetes,100,100
kubernetes-deployment-rollback-state-reconciliation,cloud-infrastructure-security,containers-kubernetes,topic prefix: kubernetes,100,100
kubernetes-deployment-rollout-surge-budget-review,cloud-infrastructure-security,containers-kubernetes,topic prefix: kubernetes,100,100
kubernetes-deprecated-api-manifest-inventory,cloud-infrastructure-security,containers-kubernetes,topic prefix: kubernetes,100,100
kubernetes-dns-egress-allowlist-impact-test,cloud-infrastructure-security,containers-kubernetes,topic prefix: kubernetes,100,100
kubernetes-ephemeral-storage-eviction-budget-review,cloud-infrastructure-security,containers-kubernetes,topic prefix: kubernetes,100,100
kubernetes-etcd-quorum-maintenance-window-plan,cloud-infrastructure-security,containers-kubernetes,topic prefix: kubernetes,100,100
kubernetes-etcd-snapshot-restore-rehearsal,cloud-infrastructure-security,containers-kubernetes,topic prefix: kubernetes,100,100
kubernetes-event-correlation-evidence-pack,cloud-infrastructure-security,containers-kubernetes,topic prefix: kubernetes,100,100
kubernetes-extended-resource-quota-fairness-audit,cloud-infrastructure-security,containers-kubernetes,topic prefix: kubernetes,100,100
kubernetes-external-secret-provider-access-boundary,cloud-infrastructure-security,containers-kubernetes,topic prefix: kubernetes,100,100
kubernetes-externaltrafficpolicy-client-ip-behavior-test,cloud-infrastructure-security,containers-kubernetes,topic prefix: kubernetes,100,100
kubernetes-gateway-api-migration-compatibility-map,cloud-infrastructure-security,containers-kubernetes,topic prefix: kubernetes,100,100
kubernetes-hostnamespace-hostpath-policy-enforcement-test,cloud-infrastructure-security,containers-kubernetes,topic prefix: kubernetes,100,100
kubernetes-hpa-metric-suitability-denominator-review,cloud-infrastructure-security,containers-kubernetes,topic prefix: kubernetes,100,100
kubernetes-hpa-missing-metric-request-diagnosis,cloud-infrastructure-security,containers-kubernetes,topic prefix: kubernetes,100,100
kubernetes-hpa-stabilization-window-flap-analysis,cloud-infrastructure-security,containers-kubernetes,topic prefix: kubernetes,100,100
kubernetes-image-digest-release-reproducibility-check,cloud-infrastructure-security,containers-kubernetes,topic prefix: kubernetes,100,100
kubernetes-image-pull-credential-namespace-scope-audit,cloud-infrastructure-security,containers-kubernetes,topic prefix: kubernetes,100,100
kubernetes-image-registry-outage-cold-start-readiness,cloud-infrastructure-security,containers-kubernetes,topic prefix: kubernetes,100,100
kubernetes-ingress-tls-secret-rotation-readiness,cloud-infrastructure-security,containers-kubernetes,topic prefix: kubernetes,100,100
kubernetes-ingressclass-controller-ownership-audit,cloud-infrastructure-security,containers-kubernetes,topic prefix: kubernetes,100,100
kubernetes-job-backoff-retry-budget-review,cloud-infrastructure-security,containers-kubernetes,topic prefix: kubernetes,100,100
kubernetes-job-deadline-partial-output-test,cloud-infrastructure-security,containers-kubernetes,topic prefix: kubernetes,100,100
kubernetes-kubelet-api-authentication-reachability-check,cloud-infrastructure-security,containers-kubernetes,topic prefix: kubernetes,100,100
kubernetes-kubelet-system-reserved-budget-audit,cloud-infrastructure-security,containers-kubernetes,topic prefix: kubernetes,100,100
kubernetes-limitrange-default-injection-impact-review,cloud-infrastructure-security,containers-kubernetes,topic prefix: kubernetes,100,100
kubernetes-liveness-probe-false-positive-risk-check,cloud-infrastructure-security,containers-kubernetes,topic prefix: kubernetes,100,100
kubernetes-loadbalancer-external-exposure-review,cloud-infrastructure-security,containers-kubernetes,topic prefix: kubernetes,100,100
kubernetes-minor-upgrade-version-skew-preflight,cloud-infrastructure-security,containers-kubernetes,topic prefix: kubernetes,100,100
kubernetes-namespace-rolebinding-expiry-review,cloud-infrastructure-security,containers-kubernetes,topic prefix: kubernetes,100,100
kubernetes-namespace-termination-finalizer-triage,cloud-infrastructure-security,containers-kubernetes,topic prefix: kubernetes,100,100
kubernetes-node-drain-capacity-preflight,cloud-infrastructure-security,containers-kubernetes,topic prefix: kubernetes,100,100
kubernetes-node-pool-capacity-headroom-review,cloud-infrastructure-security,containers-kubernetes,topic prefix: kubernetes,100,100
kubernetes-node-pressure-eviction-evidence-triage,cloud-infrastructure-security,containers-kubernetes,topic prefix: kubernetes,100,100
kubernetes-operator-reconcile-health-diagnostic,cloud-infrastructure-security,containers-kubernetes,topic prefix: kubernetes,100,100
kubernetes-orphan-ownerreference-inventory,cloud-infrastructure-security,containers-kubernetes,topic prefix: kubernetes,100,100
kubernetes-pdb-drain-deadlock-diagnosis,cloud-infrastructure-security,containers-kubernetes,topic prefix: kubernetes,100,100
kubernetes-pod-antiaffinity-capacity-cost-assessment,cloud-infrastructure-security,containers-kubernetes,topic prefix: kubernetes,100,100
kubernetes-pod-security-admission-staged-enforcement,cloud-infrastructure-security,containers-kubernetes,topic prefix: kubernetes,100,100
kubernetes-pod-topology-spread-failure-domain-review,cloud-infrastructure-security,containers-kubernetes,topic prefix: kubernetes,100,100
kubernetes-prestop-hook-idempotency-review,cloud-infrastructure-security,containers-kubernetes,topic prefix: kubernetes,100,100
kubernetes-priorityclass-preemption-policy-review,cloud-infrastructure-security,containers-kubernetes,topic prefix: kubernetes,100,100
kubernetes-privileged-workload-exception-register,cloud-infrastructure-security,containers-kubernetes,topic prefix: kubernetes,100,100
kubernetes-projected-token-audience-expiry-validation,cloud-infrastructure-security,containers-kubernetes,topic prefix: kubernetes,100,100
kubernetes-pv-reclaim-policy-data-retention-check,cloud-infrastructure-security,containers-kubernetes,topic prefix: kubernetes,100,100
kubernetes-pvc-expansion-failure-recovery-plan,cloud-infrastructure-security,containers-kubernetes,topic prefix: kubernetes,100,100
kubernetes-pvc-pending-binding-root-cause-triage,cloud-infrastructure-security,containers-kubernetes,topic prefix: kubernetes,100,100
kubernetes-pvc-restore-integrity-rehearsal,cloud-infrastructure-security,containers-kubernetes,topic prefix: kubernetes,100,100
kubernetes-qos-class-eviction-outcome-analysis,cloud-infrastructure-security,containers-kubernetes,topic prefix: kubernetes,100,100
kubernetes-rbac-wildcard-permission-reduction,cloud-infrastructure-security,containers-kubernetes,topic prefix: kubernetes,100,100
kubernetes-readiness-probe-traffic-gating-audit,cloud-infrastructure-security,containers-kubernetes,topic prefix: kubernetes,100,100
kubernetes-resourcequota-object-count-admission-test,cloud-infrastructure-security,containers-kubernetes,topic prefix: kubernetes,100,100
kubernetes-runtimeclass-node-compatibility-review,cloud-infrastructure-security,containers-kubernetes,topic prefix: kubernetes,100,100
kubernetes-secret-at-rest-encryption-verification,cloud-infrastructure-security,containers-kubernetes,topic prefix: kubernetes,100,100
kubernetes-securitycontext-capability-minimization,cloud-infrastructure-security,containers-kubernetes,topic prefix: kubernetes,100,100
kubernetes-service-endpoint-readiness-mismatch-triage,cloud-infrastructure-security,containers-kubernetes,topic prefix: kubernetes,100,100
kubernetes-serviceaccount-automount-scope-review,cloud-infrastructure-security,containers-kubernetes,topic prefix: kubernetes,100,100
kubernetes-stalled-rollout-condition-triage,cloud-infrastructure-security,containers-kubernetes,topic prefix: kubernetes,100,100
kubernetes-startup-probe-warmup-budget-validation,cloud-infrastructure-security,containers-kubernetes,topic prefix: kubernetes,100,100
kubernetes-stateful-volume-zone-placement-review,cloud-infrastructure-security,containers-kubernetes,topic prefix: kubernetes,100,100
kubernetes-statefulset-partitioned-canary-plan,cloud-infrastructure-security,containers-kubernetes,topic prefix: kubernetes,100,100
kubernetes-statefulset-quorum-rollout-readiness,cloud-infrastructure-security,containers-kubernetes,topic prefix: kubernetes,100,100
kubernetes-storageclass-default-change-impact-review,cloud-infrastructure-security,containers-kubernetes,topic prefix: kubernetes,100,100
kubernetes-stuck-finalizer-resource-recovery-plan,cloud-infrastructure-security,containers-kubernetes,topic prefix: kubernetes,100,100
kubernetes-taint-toleration-scope-audit,cloud-infrastructure-security,containers-kubernetes,topic prefix: kubernetes,100,100
kubernetes-termination-grace-period-sequence-test,cloud-infrastructure-security,containers-kubernetes,topic prefix: kubernetes,100,100
kubernetes-unschedulable-pod-event-root-cause-triage,cloud-infrastructure-security,containers-kubernetes,topic prefix: kubernetes,100,100
kubernetes-validating-admission-policy-scope-regression-test,cloud-infrastructure-security,containers-kubernetes,topic prefix: kubernetes,100,100
kubernetes-volume-multiattach-contention-diagnosis,cloud-infrastructure-security,containers-kubernetes,topic prefix: kubernetes,100,100
kubernetes-volume-snapshot-application-consistency-validation,cloud-infrastructure-security,containers-kubernetes,topic prefix: kubernetes,100,100
kubernetes-vpa-eviction-mode-disruption-risk-review,cloud-infrastructure-security,containers-kubernetes,topic prefix: kubernetes,100,100
kubernetes-vpa-recommendation-only-rollout-plan,cloud-infrastructure-security,containers-kubernetes,topic prefix: kubernetes,100,100
kubernetes-workload-identity-trust-boundary-audit,cloud-infrastructure-security,containers-kubernetes,topic prefix: kubernetes,100,100
kubernetes-workload-selector-ownership-collision-check,cloud-infrastructure-security,containers-kubernetes,topic prefix: kubernetes,100,100
kubernetes-zone-failure-pod-placement-resilience-test,cloud-infrastructure-security,containers-kubernetes,topic prefix: kubernetes,100,100
laboratory-automation-protocol-review,science-health-research,trials-research-methods,topic prefix: laboratory-automation,100,100
landing-page-design,creative-media-design,ux-interaction-design,topic prefix: landing-page-design,100,100
laravel-development-workflow-capability-surface-map,software-development,languages-frameworks,"metadata keywords: laravel-, framework-",7,3
laravel-development-workflow-change-impact-assessment,software-development,languages-frameworks,"metadata keywords: laravel-, framework-",7,3
laravel-development-workflow-failure-triage-record,software-development,languages-frameworks,"metadata keywords: laravel-, framework-",7,3
laravel-development-workflow-input-output-contract,software-development,languages-frameworks,"metadata keywords: laravel-, framework-",7,3
laravel-development-workflow-integration-parity-trace,software-development,languages-frameworks,"metadata keywords: laravel-, framework-",7,3
laravel-development-workflow-performance-envelope,software-development,languages-frameworks,"metadata keywords: laravel-, framework-",7,3
laravel-development-workflow-permission-boundary-review,software-development,languages-frameworks,"metadata keywords: laravel-, framework-",7,3
laravel-development-workflow-release-handoff-record,software-development,languages-frameworks,"metadata keywords: laravel-, framework-",7,3
laravel-development-workflow-reproducibility-fixture-plan,software-development,languages-frameworks,"metadata keywords: laravel-, framework-",7,3
laravel-development-workflow-version-compatibility,software-development,languages-frameworks,"metadata keywords: laravel-, framework-",7,3
large-text-reflow-overflow-check,software-development,frontend,topic prefix: large-text,100,100
legal-ops-approvals-approval-evidence-packet,business-operations,legal-compliance,topic prefix: legal-ops,100,100
legal-ops-approvals-change-impact-trace,business-operations,legal-compliance,topic prefix: legal-ops,100,100
legal-ops-approvals-closeout-handoff-ledger,business-operations,legal-compliance,topic prefix: legal-ops,100,100
legal-ops-approvals-completeness-reconciliation,business-operations,legal-compliance,topic prefix: legal-ops,100,100
legal-ops-approvals-exception-triage-queue,business-operations,legal-compliance,topic prefix: legal-ops,100,100
legal-ops-approvals-recovery-readiness-drill,business-operations,legal-compliance,topic prefix: legal-ops,100,100
legal-ops-approvals-scenario-sensitivity-matrix,business-operations,legal-compliance,topic prefix: legal-ops,100,100
legal-ops-approvals-scope-intake-gate,business-operations,legal-compliance,topic prefix: legal-ops,100,100
legal-ops-approvals-source-provenance-ledger,business-operations,legal-compliance,topic prefix: legal-ops,100,100
legal-ops-approvals-threshold-rule-check,business-operations,legal-compliance,topic prefix: legal-ops,100,100
legal-ops-clause-playbooks-approval-evidence-packet,business-operations,legal-compliance,topic prefix: legal-ops,100,100
legal-ops-clause-playbooks-change-impact-trace,business-operations,legal-compliance,topic prefix: legal-ops,100,100
legal-ops-clause-playbooks-closeout-handoff-ledger,business-operations,legal-compliance,topic prefix: legal-ops,100,100
legal-ops-clause-playbooks-completeness-reconciliation,business-operations,legal-compliance,topic prefix: legal-ops,100,100
legal-ops-clause-playbooks-exception-triage-queue,business-operations,legal-compliance,topic prefix: legal-ops,100,100
legal-ops-clause-playbooks-recovery-readiness-drill,business-operations,legal-compliance,topic prefix: legal-ops,100,100
legal-ops-clause-playbooks-scenario-sensitivity-matrix,business-operations,legal-compliance,topic prefix: legal-ops,100,100
legal-ops-clause-playbooks-scope-intake-gate,business-operations,legal-compliance,topic prefix: legal-ops,100,100
legal-ops-clause-playbooks-source-provenance-ledger,business-operations,legal-compliance,topic prefix: legal-ops,100,100
legal-ops-clause-playbooks-threshold-rule-check,business-operations,legal-compliance,topic prefix: legal-ops,100,100
legal-ops-contract-lifecycle-approval-evidence-packet,business-operations,legal-compliance,topic prefix: legal-ops,100,100
legal-ops-contract-lifecycle-change-impact-trace,business-operations,legal-compliance,topic prefix: legal-ops,100,100
legal-ops-contract-lifecycle-closeout-handoff-ledger,business-operations,legal-compliance,topic prefix: legal-ops,100,100
legal-ops-contract-lifecycle-completeness-reconciliation,business-operations,legal-compliance,topic prefix: legal-ops,100,100
legal-ops-contract-lifecycle-exception-triage-queue,business-operations,legal-compliance,topic prefix: legal-ops,100,100
legal-ops-contract-lifecycle-recovery-readiness-drill,business-operations,legal-compliance,topic prefix: legal-ops,100,100
legal-ops-contract-lifecycle-scenario-sensitivity-matrix,business-operations,legal-compliance,topic prefix: legal-ops,100,100
legal-ops-contract-lifecycle-scope-intake-gate,business-operations,legal-compliance,topic prefix: legal-ops,100,100
legal-ops-contract-lifecycle-source-provenance-ledger,business-operations,legal-compliance,topic prefix: legal-ops,100,100
legal-ops-contract-lifecycle-threshold-rule-check,business-operations,legal-compliance,topic prefix: legal-ops,100,100
legal-ops-due-diligence-approval-evidence-packet,business-operations,legal-compliance,topic prefix: legal-ops,100,100
legal-ops-due-diligence-change-impact-trace,business-operations,legal-compliance,topic prefix: legal-ops,100,100
legal-ops-due-diligence-closeout-handoff-ledger,business-operations,legal-compliance,topic prefix: legal-ops,100,100
legal-ops-due-diligence-completeness-reconciliation,business-operations,legal-compliance,topic prefix: legal-ops,100,100
legal-ops-due-diligence-exception-triage-queue,business-operations,legal-compliance,topic prefix: legal-ops,100,100
legal-ops-due-diligence-recovery-readiness-drill,business-operations,legal-compliance,topic prefix: legal-ops,100,100
legal-ops-due-diligence-scenario-sensitivity-matrix,business-operations,legal-compliance,topic prefix: legal-ops,100,100
legal-ops-due-diligence-scope-intake-gate,business-operations,legal-compliance,topic prefix: legal-ops,100,100
legal-ops-due-diligence-source-provenance-ledger,business-operations,legal-compliance,topic prefix: legal-ops,100,100
legal-ops-due-diligence-threshold-rule-check,business-operations,legal-compliance,topic prefix: legal-ops,100,100
legal-ops-entity-records-approval-evidence-packet,business-operations,legal-compliance,topic prefix: legal-ops,100,100
legal-ops-entity-records-change-impact-trace,business-operations,legal-compliance,topic prefix: legal-ops,100,100
legal-ops-entity-records-closeout-handoff-ledger,business-operations,legal-compliance,topic prefix: legal-ops,100,100
legal-ops-entity-records-completeness-reconciliation,business-operations,legal-compliance,topic prefix: legal-ops,100,100
legal-ops-entity-records-exception-triage-queue,business-operations,legal-compliance,topic prefix: legal-ops,100,100
legal-ops-entity-records-recovery-readiness-drill,business-operations,legal-compliance,topic prefix: legal-ops,100,100
legal-ops-entity-records-scenario-sensitivity-matrix,business-operations,legal-compliance,topic prefix: legal-ops,100,100
legal-ops-entity-records-scope-intake-gate,business-operations,legal-compliance,topic prefix: legal-ops,100,100
legal-ops-entity-records-source-provenance-ledger,business-operations,legal-compliance,topic prefix: legal-ops,100,100
legal-ops-entity-records-threshold-rule-check,business-operations,legal-compliance,topic prefix: legal-ops,100,100
legal-ops-legal-holds-approval-evidence-packet,business-operations,legal-compliance,topic prefix: legal-ops,100,100
legal-ops-legal-holds-change-impact-trace,business-operations,legal-compliance,topic prefix: legal-ops,100,100
legal-ops-legal-holds-closeout-handoff-ledger,business-operations,legal-compliance,topic prefix: legal-ops,100,100
legal-ops-legal-holds-completeness-reconciliation,business-operations,legal-compliance,topic prefix: legal-ops,100,100
legal-ops-legal-holds-exception-triage-queue,business-operations,legal-compliance,topic prefix: legal-ops,100,100
legal-ops-legal-holds-recovery-readiness-drill,business-operations,legal-compliance,topic prefix: legal-ops,100,100
legal-ops-legal-holds-scenario-sensitivity-matrix,business-operations,legal-compliance,topic prefix: legal-ops,100,100
legal-ops-legal-holds-scope-intake-gate,business-operations,legal-compliance,topic prefix: legal-ops,100,100
legal-ops-legal-holds-source-provenance-ledger,business-operations,legal-compliance,topic prefix: legal-ops,100,100
legal-ops-legal-holds-threshold-rule-check,business-operations,legal-compliance,topic prefix: legal-ops,100,100
legal-ops-matter-intake-approval-evidence-packet,business-operations,legal-compliance,topic prefix: legal-ops,100,100
legal-ops-matter-intake-change-impact-trace,business-operations,legal-compliance,topic prefix: legal-ops,100,100
legal-ops-matter-intake-closeout-handoff-ledger,business-operations,legal-compliance,topic prefix: legal-ops,100,100
legal-ops-matter-intake-completeness-reconciliation,business-operations,legal-compliance,topic prefix: legal-ops,100,100
legal-ops-matter-intake-exception-triage-queue,business-operations,legal-compliance,topic prefix: legal-ops,100,100
legal-ops-matter-intake-recovery-readiness-drill,business-operations,legal-compliance,topic prefix: legal-ops,100,100
legal-ops-matter-intake-scenario-sensitivity-matrix,business-operations,legal-compliance,topic prefix: legal-ops,100,100
legal-ops-matter-intake-scope-intake-gate,business-operations,legal-compliance,topic prefix: legal-ops,100,100
legal-ops-matter-intake-source-provenance-ledger,business-operations,legal-compliance,topic prefix: legal-ops,100,100
legal-ops-matter-intake-threshold-rule-check,business-operations,legal-compliance,topic prefix: legal-ops,100,100
legal-ops-outside-counsel-approval-evidence-packet,business-operations,legal-compliance,topic prefix: legal-ops,100,100
legal-ops-outside-counsel-change-impact-trace,business-operations,legal-compliance,topic prefix: legal-ops,100,100
legal-ops-outside-counsel-closeout-handoff-ledger,business-operations,legal-compliance,topic prefix: legal-ops,100,100
legal-ops-outside-counsel-completeness-reconciliation,business-operations,legal-compliance,topic prefix: legal-ops,100,100
legal-ops-outside-counsel-exception-triage-queue,business-operations,legal-compliance,topic prefix: legal-ops,100,100
legal-ops-outside-counsel-recovery-readiness-drill,business-operations,legal-compliance,topic prefix: legal-ops,100,100
legal-ops-outside-counsel-scenario-sensitivity-matrix,business-operations,legal-compliance,topic prefix: legal-ops,100,100
legal-ops-outside-counsel-scope-intake-gate,business-operations,legal-compliance,topic prefix: legal-ops,100,100
legal-ops-outside-counsel-source-provenance-ledger,business-operations,legal-compliance,topic prefix: legal-ops,100,100
legal-ops-outside-counsel-threshold-rule-check,business-operations,legal-compliance,topic prefix: legal-ops,100,100
legal-ops-privacy-requests-approval-evidence-packet,business-operations,legal-compliance,topic prefix: legal-ops,100,100
legal-ops-privacy-requests-change-impact-trace,business-operations,legal-compliance,topic prefix: legal-ops,100,100
legal-ops-privacy-requests-closeout-handoff-ledger,business-operations,legal-compliance,topic prefix: legal-ops,100,100
legal-ops-privacy-requests-completeness-reconciliation,business-operations,legal-compliance,topic prefix: legal-ops,100,100
legal-ops-privacy-requests-exception-triage-queue,business-operations,legal-compliance,topic prefix: legal-ops,100,100
legal-ops-privacy-requests-recovery-readiness-drill,business-operations,legal-compliance,topic prefix: legal-ops,100,100
legal-ops-privacy-requests-scenario-sensitivity-matrix,business-operations,legal-compliance,topic prefix: legal-ops,100,100
legal-ops-privacy-requests-scope-intake-gate,business-operations,legal-compliance,topic prefix: legal-ops,100,100
legal-ops-privacy-requests-source-provenance-ledger,business-operations,legal-compliance,topic prefix: legal-ops,100,100
legal-ops-privacy-requests-threshold-rule-check,business-operations,legal-compliance,topic prefix: legal-ops,100,100
legal-ops-regulatory-tracking-approval-evidence-packet,business-operations,legal-compliance,topic prefix: legal-ops,100,100
legal-ops-regulatory-tracking-change-impact-trace,business-operations,legal-compliance,topic prefix: legal-ops,100,100
legal-ops-regulatory-tracking-closeout-handoff-ledger,business-operations,legal-compliance,topic prefix: legal-ops,100,100
legal-ops-regulatory-tracking-completeness-reconciliation,business-operations,legal-compliance,topic prefix: legal-ops,100,100
legal-ops-regulatory-tracking-exception-triage-queue,business-operations,legal-compliance,topic prefix: legal-ops,100,100
legal-ops-regulatory-tracking-recovery-readiness-drill,business-operations,legal-compliance,topic prefix: legal-ops,100,100
legal-ops-regulatory-tracking-scenario-sensitivity-matrix,business-operations,legal-compliance,topic prefix: legal-ops,100,100
legal-ops-regulatory-tracking-scope-intake-gate,business-operations,legal-compliance,topic prefix: legal-ops,100,100
legal-ops-regulatory-tracking-source-provenance-ledger,business-operations,legal-compliance,topic prefix: legal-ops,100,100
legal-ops-regulatory-tracking-threshold-rule-check,business-operations,legal-compliance,topic prefix: legal-ops,100,100
linkedin-automation-capability-surface-map,business-operations,marketing-sales,topic prefix: linkedin-automation,100,100
linkedin-automation-change-impact-assessment,business-operations,marketing-sales,topic prefix: linkedin-automation,100,100
linkedin-automation-failure-triage-record,business-operations,marketing-sales,topic prefix: linkedin-automation,100,100
linkedin-automation-input-output-contract,business-operations,marketing-sales,topic prefix: linkedin-automation,100,100
linkedin-automation-integration-parity-trace,business-operations,marketing-sales,topic prefix: linkedin-automation,100,100
linkedin-automation-performance-envelope,business-operations,marketing-sales,topic prefix: linkedin-automation,100,100
linkedin-automation-permission-boundary-review,business-operations,marketing-sales,topic prefix: linkedin-automation,100,100
linkedin-automation-release-handoff-record,business-operations,marketing-sales,topic prefix: linkedin-automation,100,100
linkedin-automation-reproducibility-fixture-plan,business-operations,marketing-sales,topic prefix: linkedin-automation,100,100
linkedin-automation-version-compatibility,business-operations,marketing-sales,topic prefix: linkedin-automation,100,100
linux-block-io-path-latency-analysis,cloud-infrastructure-security,devops-reliability,metadata keywords: linux-,5,5
linux-boot-chain-debugging,cloud-infrastructure-security,devops-reliability,metadata keywords: linux-,5,5
linux-cgroup-resource-boundary-audit,cloud-infrastructure-security,devops-reliability,metadata keywords: linux-,5,3
linux-device-driver-interface-review,cloud-infrastructure-security,devops-reliability,metadata keywords: linux-,5,5
linux-device-tree-board-integration-review,cloud-infrastructure-security,devops-reliability,metadata keywords: linux-,5,5
linux-ebpf-observability-program-review,cloud-infrastructure-security,devops-reliability,"metadata keywords: observability, linux-",10,10
linux-filesystem-crash-consistency-test-plan,cloud-infrastructure-security,devops-reliability,metadata keywords: linux-,5,5
linux-initramfs-and-rootfs-release-audit,cloud-infrastructure-security,devops-reliability,metadata keywords: linux-,5,5
linux-interrupt-latency-analysis,cloud-infrastructure-security,devops-reliability,metadata keywords: linux-,5,5
linux-kernel-build-reproducibility,cloud-infrastructure-security,devops-reliability,metadata keywords: linux-,5,5
linux-kernel-config-fragment-audit,cloud-infrastructure-security,devops-reliability,metadata keywords: linux-,5,5
linux-kernel-locking-and-workqueue-review,cloud-infrastructure-security,devops-reliability,metadata keywords: linux-,5,5
linux-kernel-module-lifecycle-review,cloud-infrastructure-security,devops-reliability,metadata keywords: linux-,5,5
linux-kernel-oops-triage,cloud-infrastructure-security,devops-reliability,metadata keywords: linux-,5,5
linux-kernel-patch-validation-plan,cloud-infrastructure-security,devops-reliability,metadata keywords: linux-,5,5
linux-kernel-selftest-coverage-plan,cloud-infrastructure-security,devops-reliability,metadata keywords: linux-,5,5
linux-memory-pressure-and-reclaim-diagnosis,cloud-infrastructure-security,devops-reliability,metadata keywords: linux-,5,5
linux-perf-trace-evidence-review,cloud-infrastructure-security,devops-reliability,metadata keywords: linux-,5,5
linux-rcu-use-and-grace-period-audit,cloud-infrastructure-security,devops-reliability,metadata keywords: linux-,5,5
linux-real-time-scheduling-analysis,cloud-infrastructure-security,devops-reliability,metadata keywords: linux-,5,5
linux-seccomp-profile-review,cloud-infrastructure-security,security-privacy,metadata keywords: seccomp,5,0
linux-userspace-kernel-abi-compatibility-review,cloud-infrastructure-security,devops-reliability,metadata keywords: linux-,5,5
linux-wakeup-source-and-suspend-review,cloud-infrastructure-security,devops-reliability,metadata keywords: linux-,5,5
liquidity-capacity-impact-assessment,business-operations,finance-accounting,topic prefix: liquidity,100,100
literature-search-strategy,science-health-research,trials-research-methods,topic prefix: literature-search,100,100
lithography-process-window-review,engineering-industry,electronics-hardware,topic prefix: lithography,100,100
local-markdown-cross-reference-integrity-loop,software-development,architecture-devtools,"metadata keywords: documentation-, markdown-, cross-reference",16,16
logic-synthesis-area-timing-analysis,engineering-industry,electronics-hardware,topic prefix: logic-synthesis,100,100
long-running-agent-operations,ai-agent-systems,agent-architecture-orchestration,topic prefix: long-running-agent,100,100
loop-finalization-side-effect-inventory,ai-agent-systems,agent-architecture-orchestration,topic prefix: loop-finalization,100,100
loops-api,business-operations,marketing-sales,topic prefix: loops,100,100
loops-cli,business-operations,marketing-sales,topic prefix: loops,100,100
loops-email-sending,business-operations,marketing-sales,topic prefix: loops,100,100
loops-lmx,business-operations,marketing-sales,topic prefix: loops,100,100
low-power-intent-verification,engineering-industry,electronics-hardware,topic prefix: low-power,100,100
macos-app-sandbox-file-access-boundary-test,software-development,testing-quality-release,Apple platform verification/release topic,100,100
macos-crash-diagnostic-log-redaction,software-development,testing-quality-release,Apple platform verification/release topic,100,100
macos-crash-report-symbolication-readiness,software-development,testing-quality-release,Apple platform verification/release topic,100,100
macos-dsym-build-identity-match,software-development,languages-frameworks,Apple platform development topic,100,100
macos-gatekeeper-first-launch-check,software-development,languages-frameworks,Apple platform development topic,100,100
macos-installer-package-content-inventory,software-development,testing-quality-release,Apple platform verification/release topic,100,100
macos-keychain-access-group-review,software-development,languages-frameworks,Apple platform development topic,100,100
macos-login-item-launch-agent-lifecycle-audit,software-development,languages-frameworks,Apple platform development topic,100,100
macos-nested-code-signature-order-audit,engineering-industry,electronics-hardware,topic prefix: macos-nested-code-signature,100,100
macos-notarization-submission-evidence-audit,software-development,testing-quality-release,Apple platform verification/release topic,100,100
macos-notarization-ticket-stapling-verification,software-development,testing-quality-release,Apple platform verification/release topic,100,100
macos-privacy-manifest-consistency-check,software-development,testing-quality-release,Apple platform verification/release topic,100,100
macos-screen-capture-consent-and-attribution-check,software-development,languages-frameworks,Apple platform development topic,100,100
macos-tcc-permission-attribution-test,software-development,testing-quality-release,Apple platform verification/release topic,100,100
macos-universal-binary-slice-validation,software-development,languages-frameworks,Apple platform development topic,100,100
macos-update-feed-integrity-review,software-development,testing-quality-release,Apple platform verification/release topic,100,100
macos-update-payload-signature-negative-test,software-development,testing-quality-release,Apple platform verification/release topic,100,100
macos-virtual-machine-guest-host-evidence-check,software-development,languages-frameworks,Apple platform development topic,100,100
macos-virtual-machine-snapshot-governance,software-development,languages-frameworks,Apple platform development topic,100,100
mailchimp-automation-capability-surface-map,business-operations,marketing-sales,topic prefix: mailchimp,100,100
mailchimp-automation-change-impact-assessment,business-operations,marketing-sales,topic prefix: mailchimp,100,100
mailchimp-automation-failure-triage-record,business-operations,marketing-sales,topic prefix: mailchimp,100,100
mailchimp-automation-input-output-contract,business-operations,marketing-sales,topic prefix: mailchimp,100,100
mailchimp-automation-integration-parity-trace,business-operations,marketing-sales,topic prefix: mailchimp,100,100
mailchimp-automation-performance-envelope,business-operations,marketing-sales,topic prefix: mailchimp,100,100
mailchimp-automation-permission-boundary-review,business-operations,marketing-sales,topic prefix: mailchimp,100,100
mailchimp-automation-release-handoff-record,business-operations,marketing-sales,topic prefix: mailchimp,100,100
mailchimp-automation-reproducibility-fixture-plan,business-operations,marketing-sales,topic prefix: mailchimp,100,100
mailchimp-automation-version-compatibility,business-operations,marketing-sales,topic prefix: mailchimp,100,100
makepad-2-0-dsl-capability-surface-map,software-development,languages-frameworks,topic prefix: makepad-2-0,100,100
makepad-2-0-dsl-change-impact-assessment,software-development,languages-frameworks,topic prefix: makepad-2-0,100,100
makepad-2-0-dsl-failure-triage-record,software-development,languages-frameworks,topic prefix: makepad-2-0,100,100
makepad-2-0-dsl-input-output-contract,software-development,languages-frameworks,topic prefix: makepad-2-0,100,100
makepad-2-0-dsl-integration-parity-trace,software-development,languages-frameworks,topic prefix: makepad-2-0,100,100
makepad-2-0-dsl-performance-envelope,software-development,languages-frameworks,topic prefix: makepad-2-0,100,100
makepad-2-0-dsl-permission-boundary-review,software-development,languages-frameworks,topic prefix: makepad-2-0,100,100
makepad-2-0-dsl-release-handoff-record,software-development,languages-frameworks,topic prefix: makepad-2-0,100,100
makepad-2-0-dsl-reproducibility-fixture-plan,software-development,languages-frameworks,topic prefix: makepad-2-0,100,100
makepad-2-0-dsl-version-compatibility,software-development,languages-frameworks,topic prefix: makepad-2-0,100,100
markdown-anchor-heading-change-repair,software-development,architecture-devtools,"metadata keywords: markdown-, anchor-heading",14,14
market-data-corporate-action-integrity-review,data-analytics,analytics-visualization,topic prefix: market-data,100,100
marketing-ideas,business-operations,marketing-sales,topic prefix: marketing,100,100
marketing-psychology,business-operations,marketing-sales,topic prefix: marketing,100,100
mass-spectrometry-data-quality,science-health-research,life-sciences,topic prefix: mass-spectrometry,100,100
materials-science-simulation-planning,engineering-industry,electronics-hardware,topic prefix: materials-science,100,100
mcp-conformance-and-interoperability-test-plan,ai-agent-systems,tools-integrations,metadata keywords: mcp-,5,5
mcp-deprecated-feature-migration-plan,ai-agent-systems,tools-integrations,metadata keywords: mcp-,5,5
mcp-http-authorization-and-registration-audit,ai-agent-systems,tools-integrations,metadata keywords: mcp-,5,5
mcp-multiroundtrip-input-flow-review,ai-agent-systems,tools-integrations,metadata keywords: mcp-,5,5
mcp-protocol-version-discovery-compatibility-review,ai-agent-systems,tools-integrations,metadata keywords: mcp-,5,5
mcp-resource-cache-subscription-boundary-review,ai-agent-systems,tools-integrations,metadata keywords: mcp-,5,5
mcp-server-development,ai-agent-systems,tools-integrations,topic prefix: mcp-server,100,100
mcp-server-integration-safety,ai-agent-systems,tools-integrations,topic prefix: mcp-server,100,100
mcp-skills-extension-interoperability-review,ai-agent-systems,tools-integrations,metadata keywords: mcp-,5,5
mcp-streamable-http-stateless-deployment-review,ai-agent-systems,tools-integrations,metadata keywords: mcp-,5,5
mcp-tasks-extension-lifecycle-review,ai-agent-systems,tools-integrations,metadata keywords: mcp-,5,5
measurement-instrument-calibration-review,engineering-industry,electronics-hardware,topic prefix: measurement-instrument,100,100
medical-claim-strength-calibration,science-health-research,statistics-evidence,topic prefix: medical-claim-strength,100,100
medical-evidence-synthesis,science-health-research,trials-research-methods,metadata keywords: evidence-synthesis,9,9
medical-imaging-alert-fatigue-and-priority-review,science-health-research,medical-imaging,topic prefix: medical-imaging,100,100
medical-imaging-annotation-sampling-and-audit-plan,science-health-research,medical-imaging,topic prefix: medical-imaging,100,100
medical-imaging-annotator-qualification-and-calibration,science-health-research,medical-imaging,topic prefix: medical-imaging,100,100
medical-imaging-benchmark-contamination-audit,science-health-research,medical-imaging,topic prefix: medical-imaging,100,100
medical-imaging-burned-in-text-detection-review,science-health-research,medical-imaging,topic prefix: medical-imaging,100,100
medical-imaging-calibration-under-prevalence-shift,science-health-research,medical-imaging,topic prefix: medical-imaging,100,100
medical-imaging-class-imbalance-metric-selection,science-health-research,medical-imaging,topic prefix: medical-imaging,100,100
medical-imaging-clinician-feedback-adjudication-workflow,science-health-research,medical-imaging,topic prefix: medical-imaging,100,100
medical-imaging-confidence-interval-and-sample-plan,science-health-research,medical-imaging,topic prefix: medical-imaging,100,100
medical-imaging-consent-scope-to-data-use-alignment,science-health-research,medical-imaging,topic prefix: medical-imaging,100,100
medical-imaging-data-pipeline-review,science-health-research,medical-imaging,topic prefix: medical-imaging,100,100
medical-imaging-dataset-release-manifest-integrity,science-health-research,medical-imaging,topic prefix: medical-imaging,100,100
medical-imaging-date-shift-longitudinal-integrity,science-health-research,medical-imaging,topic prefix: medical-imaging,100,100
medical-imaging-degraded-input-challenge-set,science-health-research,medical-imaging,topic prefix: medical-imaging,100,100
medical-imaging-deidentification-profile-declaration,science-health-research,medical-imaging,topic prefix: medical-imaging,100,100
medical-imaging-derived-series-lineage-register,science-health-research,medical-imaging,topic prefix: medical-imaging,100,100
medical-imaging-detection-localization-evaluation,science-health-research,medical-imaging,topic prefix: medical-imaging,100,100
medical-imaging-dicom-series-coherence-check,science-health-research,medical-imaging,topic prefix: medical-imaging,100,100
medical-imaging-dicom-to-nifti-geometry-audit,science-health-research,medical-imaging,topic prefix: medical-imaging,100,100
medical-imaging-dicom-transfer-preflight,science-health-research,medical-imaging,topic prefix: medical-imaging,100,100
medical-imaging-dicom-transfer-syntax-integrity,science-health-research,medical-imaging,topic prefix: medical-imaging,100,100
medical-imaging-domain-shift-stress-test-matrix,science-health-research,medical-imaging,topic prefix: medical-imaging,100,100
medical-imaging-evaluation-claim-to-evidence-trace,science-health-research,medical-imaging,topic prefix: medical-imaging,100,100
medical-imaging-external-site-validation-readiness,science-health-research,medical-imaging,topic prefix: medical-imaging,100,100
medical-imaging-feedback-label-governance,science-health-research,medical-imaging,topic prefix: medical-imaging,100,100
medical-imaging-follow-up-completeness-and-censoring,science-health-research,medical-imaging,topic prefix: medical-imaging,100,100
medical-imaging-header-schema-migration-audit,science-health-research,medical-imaging,topic prefix: medical-imaging,100,100
medical-imaging-human-subjects-review-readiness,science-health-research,medical-imaging,topic prefix: medical-imaging,100,100
medical-imaging-index-time-and-outcome-window-definition,science-health-research,medical-imaging,topic prefix: medical-imaging,100,100
medical-imaging-inference-access-and-audit-review,science-health-research,medical-imaging,topic prefix: medical-imaging,100,100
medical-imaging-intended-use-and-target-population-card,science-health-research,medical-imaging,topic prefix: medical-imaging,100,100
medical-imaging-inter-reader-variability-study-design,science-health-research,medical-imaging,topic prefix: medical-imaging,100,100
medical-imaging-label-ontology-code-mapping,science-health-research,medical-imaging,topic prefix: medical-imaging,100,100
medical-imaging-label-version-and-correction-history,science-health-research,medical-imaging,topic prefix: medical-imaging,100,100
medical-imaging-lesion-level-label-identity-audit,science-health-research,medical-imaging,topic prefix: medical-imaging,100,100
medical-imaging-lossy-compression-impact-assessment,science-health-research,medical-imaging,topic prefix: medical-imaging,100,100
medical-imaging-manual-fallback-and-fail-state-review,science-health-research,medical-imaging,topic prefix: medical-imaging,100,100
medical-imaging-missing-label-pattern-assessment,science-health-research,medical-imaging,topic prefix: medical-imaging,100,100
medical-imaging-missing-modality-robustness-check,science-health-research,medical-imaging,topic prefix: medical-imaging,100,100
medical-imaging-missing-slice-gap-assessment,science-health-research,medical-imaging,topic prefix: medical-imaging,100,100
medical-imaging-model-card-limitations-review,science-health-research,medical-imaging,topic prefix: medical-imaging,100,100
medical-imaging-model-change-scope-envelope,science-health-research,medical-imaging,topic prefix: medical-imaging,100,100
medical-imaging-model-decommissioning-and-archive,science-health-research,medical-imaging,topic prefix: medical-imaging,100,100
medical-imaging-model-rollback-and-fallback-drill,science-health-research,medical-imaging,topic prefix: medical-imaging,100,100
medical-imaging-model-update-impact-and-release-gate,science-health-research,medical-imaging,topic prefix: medical-imaging,100,100
medical-imaging-monitoring-alert-threshold-governance,science-health-research,medical-imaging,topic prefix: medical-imaging,100,100
medical-imaging-multicenter-cohort-inclusion-audit,science-health-research,medical-imaging,topic prefix: medical-imaging,100,100
medical-imaging-operating-point-tradeoff-analysis,science-health-research,medical-imaging,topic prefix: medical-imaging,100,100
medical-imaging-out-of-distribution-response-coverage,science-health-research,medical-imaging,topic prefix: medical-imaging,100,100
medical-imaging-output-communication-comprehension-test,science-health-research,medical-imaging,topic prefix: medical-imaging,100,100
medical-imaging-overlay-and-graphics-cleanup,science-health-research,medical-imaging,topic prefix: medical-imaging,100,100
medical-imaging-pacs-integration-contract-validation,science-health-research,medical-imaging,topic prefix: medical-imaging,100,100
medical-imaging-pathology-image-linkage-integrity,science-health-research,medical-imaging,topic prefix: medical-imaging,100,100
medical-imaging-patient-site-split-strategy-review,science-health-research,medical-imaging,topic prefix: medical-imaging,100,100
medical-imaging-pixel-metadata-identity-crosscheck,science-health-research,medical-imaging,topic prefix: medical-imaging,100,100
medical-imaging-pixel-value-rescale-provenance,science-health-research,medical-imaging,topic prefix: medical-imaging,100,100
medical-imaging-pixel-vs-lesion-unit-analysis,science-health-research,medical-imaging,topic prefix: medical-imaging,100,100
medical-imaging-post-deployment-population-shift-plan,science-health-research,medical-imaging,topic prefix: medical-imaging,100,100
medical-imaging-post-index-feature-leakage-audit,science-health-research,medical-imaging,topic prefix: medical-imaging,100,100
medical-imaging-prediction-provenance-and-model-version-log,science-health-research,medical-imaging,topic prefix: medical-imaging,100,100
medical-imaging-preprocessing-leakage-check,science-health-research,medical-imaging,topic prefix: medical-imaging,100,100
medical-imaging-private-tag-inventory-and-policy,science-health-research,medical-imaging,topic prefix: medical-imaging,100,100
medical-imaging-protocol-device-mix-inventory,science-health-research,medical-imaging,topic prefix: medical-imaging,100,100
medical-imaging-quality-artifact-failure-matrix,science-health-research,medical-imaging,topic prefix: medical-imaging,100,100
medical-imaging-reader-disagreement-adjudication-log,science-health-research,medical-imaging,topic prefix: medical-imaging,100,100
medical-imaging-reader-model-interaction-evaluation,science-health-research,medical-imaging,topic prefix: medical-imaging,100,100
medical-imaging-reader-study-session-bias-control,science-health-research,medical-imaging,topic prefix: medical-imaging,100,100
medical-imaging-reference-standard-selection-plan,science-health-research,medical-imaging,topic prefix: medical-imaging,100,100
medical-imaging-reidentification-risk-assessment,science-health-research,medical-imaging,topic prefix: medical-imaging,100,100
medical-imaging-repeat-series-duplicate-instance-detection,science-health-research,medical-imaging,topic prefix: medical-imaging,100,100
medical-imaging-report-derived-label-provenance,science-health-research,medical-imaging,topic prefix: medical-imaging,100,100
medical-imaging-report-text-label-extraction-validation,science-health-research,medical-imaging,topic prefix: medical-imaging,100,100
medical-imaging-resampling-interpolation-impact-review,science-health-research,medical-imaging,topic prefix: medical-imaging,100,100
medical-imaging-research-data-authorization-check,science-health-research,medical-imaging,topic prefix: medical-imaging,100,100
medical-imaging-safety-event-reporting-workflow,science-health-research,medical-imaging,topic prefix: medical-imaging,100,100
medical-imaging-scanner-stratified-performance-report,science-health-research,medical-imaging,topic prefix: medical-imaging,100,100
medical-imaging-scanner-vendor-shift-baseline,science-health-research,medical-imaging,topic prefix: medical-imaging,100,100
medical-imaging-segmentation-contour-continuity-review,science-health-research,medical-imaging,topic prefix: medical-imaging,100,100
medical-imaging-segmentation-mask-geometry-qc,science-health-research,medical-imaging,topic prefix: medical-imaging,100,100
medical-imaging-segmentation-metric-suitability-review,science-health-research,medical-imaging,topic prefix: medical-imaging,100,100
medical-imaging-silent-mode-evaluation-governance,science-health-research,medical-imaging,topic prefix: medical-imaging,100,100
medical-imaging-site-specific-reference-standard-review,science-health-research,medical-imaging,topic prefix: medical-imaging,100,100
medical-imaging-software-version-compatibility-audit,science-health-research,medical-imaging,topic prefix: medical-imaging,100,100
medical-imaging-structured-report-deidentification-scope,science-health-research,medical-imaging,topic prefix: medical-imaging,100,100
medical-imaging-study-level-inference-completeness,science-health-research,medical-imaging,topic prefix: medical-imaging,100,100
medical-imaging-study-series-eligibility-rule-review,science-health-research,medical-imaging,topic prefix: medical-imaging,100,100
medical-imaging-subgroup-definition-and-support-check,science-health-research,medical-imaging,topic prefix: medical-imaging,100,100
medical-imaging-subgroup-performance-uncertainty-report,science-health-research,medical-imaging,topic prefix: medical-imaging,100,100
medical-imaging-temporal-validation-freeze,science-health-research,medical-imaging,topic prefix: medical-imaging,100,100
medical-imaging-third-party-model-supply-chain-review,science-health-research,medical-imaging,topic prefix: medical-imaging,100,100
medical-imaging-train-test-patient-overlap-audit,science-health-research,medical-imaging,topic prefix: medical-imaging,100,100
medical-imaging-uid-pseudonymization-map-governance,science-health-research,medical-imaging,topic prefix: medical-imaging,100,100
medical-imaging-uncertainty-calibration-audit,science-health-research,medical-imaging,topic prefix: medical-imaging,100,100
medical-imaging-validation-set-tuning-exposure-audit,science-health-research,medical-imaging,topic prefix: medical-imaging,100,100
medical-imaging-volume-axis-orientation-validation,science-health-research,medical-imaging,topic prefix: medical-imaging,100,100
medical-imaging-weak-label-noise-characterization,science-health-research,medical-imaging,topic prefix: medical-imaging,100,100
medical-imaging-workflow-observation-protocol,science-health-research,medical-imaging,topic prefix: medical-imaging,100,100
medical-manuscript-consistency-audit,science-health-research,trials-research-methods,topic prefix: medical-manuscript,100,100
meeting-distiller-pro-capability-surface-map,business-operations,product-growth,topic prefix: meeting-distiller,100,100
meeting-distiller-pro-change-impact-assessment,business-operations,product-growth,topic prefix: meeting-distiller,100,100
meeting-distiller-pro-failure-triage-record,business-operations,product-growth,topic prefix: meeting-distiller,100,100
meeting-distiller-pro-input-output-contract,business-operations,product-growth,topic prefix: meeting-distiller,100,100
meeting-distiller-pro-integration-parity-trace,business-operations,product-growth,topic prefix: meeting-distiller,100,100
meeting-distiller-pro-performance-envelope,business-operations,product-growth,topic prefix: meeting-distiller,100,100
meeting-distiller-pro-permission-boundary-review,business-operations,product-growth,topic prefix: meeting-distiller,100,100
meeting-distiller-pro-release-handoff-record,business-operations,product-growth,topic prefix: meeting-distiller,100,100
meeting-distiller-pro-reproducibility-fixture-plan,business-operations,product-growth,topic prefix: meeting-distiller,100,100
meeting-distiller-pro-version-compatibility,business-operations,product-growth,topic prefix: meeting-distiller,100,100
memory-index-rebuild-consistency-check,ai-agent-systems,prompts-context-memory,topic prefix: memory-index,100,100
memory-safety-patterns,software-development,languages-frameworks,topic prefix: memory-safety,100,100
meta-analysis-feasibility,science-health-research,statistics-evidence,topic prefix: meta-analysis,100,100
metabolic-modeling-workflow,science-health-research,life-sciences,topic prefix: metabolic-modeling,100,100
mfg-ops-capa-approval-evidence-packet,engineering-industry,manufacturing-quality,topic prefix: mfg-ops,100,100
mfg-ops-capa-change-impact-trace,engineering-industry,manufacturing-quality,topic prefix: mfg-ops,100,100
mfg-ops-capa-closeout-handoff-ledger,engineering-industry,manufacturing-quality,topic prefix: mfg-ops,100,100
mfg-ops-capa-completeness-reconciliation,engineering-industry,manufacturing-quality,topic prefix: mfg-ops,100,100
mfg-ops-capa-exception-triage-queue,engineering-industry,manufacturing-quality,topic prefix: mfg-ops,100,100
mfg-ops-capa-recovery-readiness-drill,engineering-industry,manufacturing-quality,topic prefix: mfg-ops,100,100
mfg-ops-capa-scenario-sensitivity-matrix,engineering-industry,manufacturing-quality,topic prefix: mfg-ops,100,100
mfg-ops-capa-scope-intake-gate,engineering-industry,manufacturing-quality,topic prefix: mfg-ops,100,100
mfg-ops-capa-source-provenance-ledger,engineering-industry,manufacturing-quality,topic prefix: mfg-ops,100,100
mfg-ops-capa-threshold-rule-check,engineering-industry,manufacturing-quality,topic prefix: mfg-ops,100,100
mfg-ops-maintenance-approval-evidence-packet,engineering-industry,manufacturing-quality,topic prefix: mfg-ops,100,100
mfg-ops-maintenance-change-impact-trace,engineering-industry,manufacturing-quality,topic prefix: mfg-ops,100,100
mfg-ops-maintenance-closeout-handoff-ledger,engineering-industry,manufacturing-quality,topic prefix: mfg-ops,100,100
mfg-ops-maintenance-completeness-reconciliation,engineering-industry,manufacturing-quality,topic prefix: mfg-ops,100,100
mfg-ops-maintenance-exception-triage-queue,engineering-industry,manufacturing-quality,topic prefix: mfg-ops,100,100
mfg-ops-maintenance-recovery-readiness-drill,engineering-industry,manufacturing-quality,topic prefix: mfg-ops,100,100
mfg-ops-maintenance-scenario-sensitivity-matrix,engineering-industry,manufacturing-quality,topic prefix: mfg-ops,100,100
mfg-ops-maintenance-scope-intake-gate,engineering-industry,manufacturing-quality,topic prefix: mfg-ops,100,100
mfg-ops-maintenance-source-provenance-ledger,engineering-industry,manufacturing-quality,topic prefix: mfg-ops,100,100
mfg-ops-maintenance-threshold-rule-check,engineering-industry,manufacturing-quality,topic prefix: mfg-ops,100,100
mfg-ops-measurement-approval-evidence-packet,engineering-industry,manufacturing-quality,topic prefix: mfg-ops,100,100
mfg-ops-measurement-change-impact-trace,engineering-industry,manufacturing-quality,topic prefix: mfg-ops,100,100
mfg-ops-measurement-closeout-handoff-ledger,engineering-industry,manufacturing-quality,topic prefix: mfg-ops,100,100
mfg-ops-measurement-completeness-reconciliation,engineering-industry,manufacturing-quality,topic prefix: mfg-ops,100,100
mfg-ops-measurement-exception-triage-queue,engineering-industry,manufacturing-quality,topic prefix: mfg-ops,100,100
mfg-ops-measurement-recovery-readiness-drill,engineering-industry,manufacturing-quality,topic prefix: mfg-ops,100,100
mfg-ops-measurement-scenario-sensitivity-matrix,engineering-industry,manufacturing-quality,topic prefix: mfg-ops,100,100
mfg-ops-measurement-scope-intake-gate,engineering-industry,manufacturing-quality,topic prefix: mfg-ops,100,100
mfg-ops-measurement-source-provenance-ledger,engineering-industry,manufacturing-quality,topic prefix: mfg-ops,100,100
mfg-ops-measurement-threshold-rule-check,engineering-industry,manufacturing-quality,topic prefix: mfg-ops,100,100
mfg-ops-process-change-approval-evidence-packet,engineering-industry,manufacturing-quality,topic prefix: mfg-ops,100,100
mfg-ops-process-change-closeout-handoff-ledger,engineering-industry,manufacturing-quality,topic prefix: mfg-ops,100,100
mfg-ops-process-change-completeness-reconciliation,engineering-industry,manufacturing-quality,topic prefix: mfg-ops,100,100
mfg-ops-process-change-exception-triage-queue,engineering-industry,manufacturing-quality,topic prefix: mfg-ops,100,100
mfg-ops-process-change-recovery-readiness-drill,engineering-industry,manufacturing-quality,topic prefix: mfg-ops,100,100
mfg-ops-process-change-scenario-sensitivity-matrix,engineering-industry,manufacturing-quality,topic prefix: mfg-ops,100,100
mfg-ops-process-change-scope-intake-gate,engineering-industry,manufacturing-quality,topic prefix: mfg-ops,100,100
mfg-ops-process-change-source-provenance-ledger,engineering-industry,manufacturing-quality,topic prefix: mfg-ops,100,100
mfg-ops-process-change-threshold-rule-check,engineering-industry,manufacturing-quality,topic prefix: mfg-ops,100,100
mfg-ops-process-modification-impact-trace,engineering-industry,manufacturing-quality,topic prefix: mfg-ops,100,100
mfg-ops-process-risk-approval-evidence-packet,engineering-industry,manufacturing-quality,topic prefix: mfg-ops,100,100
mfg-ops-process-risk-change-impact-trace,engineering-industry,manufacturing-quality,topic prefix: mfg-ops,100,100
mfg-ops-process-risk-closeout-handoff-ledger,engineering-industry,manufacturing-quality,topic prefix: mfg-ops,100,100
mfg-ops-process-risk-completeness-reconciliation,engineering-industry,manufacturing-quality,topic prefix: mfg-ops,100,100
mfg-ops-process-risk-exception-triage-queue,engineering-industry,manufacturing-quality,topic prefix: mfg-ops,100,100
mfg-ops-process-risk-recovery-readiness-drill,engineering-industry,manufacturing-quality,topic prefix: mfg-ops,100,100
mfg-ops-process-risk-scenario-sensitivity-matrix,engineering-industry,manufacturing-quality,topic prefix: mfg-ops,100,100
mfg-ops-process-risk-scope-intake-gate,engineering-industry,manufacturing-quality,topic prefix: mfg-ops,100,100
mfg-ops-process-risk-source-provenance-ledger,engineering-industry,manufacturing-quality,topic prefix: mfg-ops,100,100
mfg-ops-process-risk-threshold-rule-check,engineering-industry,manufacturing-quality,topic prefix: mfg-ops,100,100
mfg-ops-qms-audit-approval-evidence-packet,engineering-industry,manufacturing-quality,topic prefix: mfg-ops,100,100
mfg-ops-qms-audit-change-impact-trace,engineering-industry,manufacturing-quality,topic prefix: mfg-ops,100,100
mfg-ops-qms-audit-closeout-handoff-ledger,engineering-industry,manufacturing-quality,topic prefix: mfg-ops,100,100
mfg-ops-qms-audit-completeness-reconciliation,engineering-industry,manufacturing-quality,topic prefix: mfg-ops,100,100
mfg-ops-qms-audit-exception-triage-queue,engineering-industry,manufacturing-quality,topic prefix: mfg-ops,100,100
mfg-ops-qms-audit-recovery-readiness-drill,engineering-industry,manufacturing-quality,topic prefix: mfg-ops,100,100
mfg-ops-qms-audit-scenario-sensitivity-matrix,engineering-industry,manufacturing-quality,topic prefix: mfg-ops,100,100
mfg-ops-qms-audit-scope-intake-gate,engineering-industry,manufacturing-quality,topic prefix: mfg-ops,100,100
mfg-ops-qms-audit-source-provenance-ledger,engineering-industry,manufacturing-quality,topic prefix: mfg-ops,100,100
mfg-ops-qms-audit-threshold-rule-check,engineering-industry,manufacturing-quality,topic prefix: mfg-ops,100,100
mfg-ops-spc-approval-evidence-packet,engineering-industry,manufacturing-quality,topic prefix: mfg-ops,100,100
mfg-ops-spc-change-impact-trace,engineering-industry,manufacturing-quality,topic prefix: mfg-ops,100,100
mfg-ops-spc-closeout-handoff-ledger,engineering-industry,manufacturing-quality,topic prefix: mfg-ops,100,100
mfg-ops-spc-completeness-reconciliation,engineering-industry,manufacturing-quality,topic prefix: mfg-ops,100,100
mfg-ops-spc-exception-triage-queue,engineering-industry,manufacturing-quality,topic prefix: mfg-ops,100,100
mfg-ops-spc-recovery-readiness-drill,engineering-industry,manufacturing-quality,topic prefix: mfg-ops,100,100
mfg-ops-spc-scenario-sensitivity-matrix,engineering-industry,manufacturing-quality,topic prefix: mfg-ops,100,100
mfg-ops-spc-scope-intake-gate,engineering-industry,manufacturing-quality,topic prefix: mfg-ops,100,100
mfg-ops-spc-source-provenance-ledger,engineering-industry,manufacturing-quality,topic prefix: mfg-ops,100,100
mfg-ops-spc-threshold-rule-check,engineering-industry,manufacturing-quality,topic prefix: mfg-ops,100,100
mfg-ops-supplier-quality-approval-evidence-packet,engineering-industry,manufacturing-quality,topic prefix: mfg-ops,100,100
mfg-ops-supplier-quality-change-impact-trace,engineering-industry,manufacturing-quality,topic prefix: mfg-ops,100,100
mfg-ops-supplier-quality-closeout-handoff-ledger,engineering-industry,manufacturing-quality,topic prefix: mfg-ops,100,100
mfg-ops-supplier-quality-completeness-reconciliation,engineering-industry,manufacturing-quality,topic prefix: mfg-ops,100,100
mfg-ops-supplier-quality-exception-triage-queue,engineering-industry,manufacturing-quality,topic prefix: mfg-ops,100,100
mfg-ops-supplier-quality-recovery-readiness-drill,engineering-industry,manufacturing-quality,topic prefix: mfg-ops,100,100
mfg-ops-supplier-quality-scenario-sensitivity-matrix,engineering-industry,manufacturing-quality,topic prefix: mfg-ops,100,100
mfg-ops-supplier-quality-scope-intake-gate,engineering-industry,manufacturing-quality,topic prefix: mfg-ops,100,100
mfg-ops-supplier-quality-source-provenance-ledger,engineering-industry,manufacturing-quality,topic prefix: mfg-ops,100,100
mfg-ops-supplier-quality-threshold-rule-check,engineering-industry,manufacturing-quality,topic prefix: mfg-ops,100,100
mfg-ops-traceability-approval-evidence-packet,engineering-industry,manufacturing-quality,topic prefix: mfg-ops,100,100
mfg-ops-traceability-change-impact-trace,engineering-industry,manufacturing-quality,topic prefix: mfg-ops,100,100
mfg-ops-traceability-closeout-handoff-ledger,engineering-industry,manufacturing-quality,topic prefix: mfg-ops,100,100
mfg-ops-traceability-completeness-reconciliation,engineering-industry,manufacturing-quality,topic prefix: mfg-ops,100,100
mfg-ops-traceability-exception-triage-queue,engineering-industry,manufacturing-quality,topic prefix: mfg-ops,100,100
mfg-ops-traceability-recovery-readiness-drill,engineering-industry,manufacturing-quality,topic prefix: mfg-ops,100,100
mfg-ops-traceability-scenario-sensitivity-matrix,engineering-industry,manufacturing-quality,topic prefix: mfg-ops,100,100
mfg-ops-traceability-scope-intake-gate,engineering-industry,manufacturing-quality,topic prefix: mfg-ops,100,100
mfg-ops-traceability-source-provenance-ledger,engineering-industry,manufacturing-quality,topic prefix: mfg-ops,100,100
mfg-ops-traceability-threshold-rule-check,engineering-industry,manufacturing-quality,topic prefix: mfg-ops,100,100
mfg-ops-yield-approval-evidence-packet,engineering-industry,manufacturing-quality,topic prefix: mfg-ops,100,100
mfg-ops-yield-change-impact-trace,engineering-industry,manufacturing-quality,topic prefix: mfg-ops,100,100
mfg-ops-yield-closeout-handoff-ledger,engineering-industry,manufacturing-quality,topic prefix: mfg-ops,100,100
mfg-ops-yield-completeness-reconciliation,engineering-industry,manufacturing-quality,topic prefix: mfg-ops,100,100
mfg-ops-yield-exception-triage-queue,engineering-industry,manufacturing-quality,topic prefix: mfg-ops,100,100
mfg-ops-yield-recovery-readiness-drill,engineering-industry,manufacturing-quality,topic prefix: mfg-ops,100,100
mfg-ops-yield-scenario-sensitivity-matrix,engineering-industry,manufacturing-quality,topic prefix: mfg-ops,100,100
mfg-ops-yield-scope-intake-gate,engineering-industry,manufacturing-quality,topic prefix: mfg-ops,100,100
mfg-ops-yield-source-provenance-ledger,engineering-industry,manufacturing-quality,topic prefix: mfg-ops,100,100
mfg-ops-yield-threshold-rule-check,engineering-industry,manufacturing-quality,topic prefix: mfg-ops,100,100
microsoft-foundry-agent-observability,ai-agent-systems,evaluation-observability,"metadata keywords: agent-observability, observability",14,9
minimal-test-reproducer-sculptor,software-development,testing-quality-release,metadata keywords: test-,5,5
mixed-signal-interface-verification-plan,engineering-industry,electronics-hardware,topic prefix: mixed-signal,100,100
ml-data-ops-baseline-comparison-approval-evidence-packet,data-analytics,analytics-visualization,tabular ML analytics/evaluation topic,100,100
ml-data-ops-baseline-comparison-change-impact-trace,data-analytics,analytics-visualization,tabular ML analytics/evaluation topic,100,100
ml-data-ops-baseline-comparison-closeout-handoff-ledger,data-analytics,analytics-visualization,tabular ML analytics/evaluation topic,100,100
ml-data-ops-baseline-comparison-completeness-reconciliation,data-analytics,analytics-visualization,tabular ML analytics/evaluation topic,100,100
ml-data-ops-baseline-comparison-exception-triage-queue,data-analytics,analytics-visualization,tabular ML analytics/evaluation topic,100,100
ml-data-ops-baseline-comparison-recovery-readiness-drill,data-analytics,analytics-visualization,tabular ML analytics/evaluation topic,100,100
ml-data-ops-baseline-comparison-scenario-sensitivity-matrix,data-analytics,analytics-visualization,tabular ML analytics/evaluation topic,100,100
ml-data-ops-baseline-comparison-scope-intake-gate,data-analytics,analytics-visualization,tabular ML analytics/evaluation topic,100,100
ml-data-ops-baseline-comparison-source-provenance-ledger,data-analytics,analytics-visualization,tabular ML analytics/evaluation topic,100,100
ml-data-ops-baseline-comparison-threshold-rule-check,data-analytics,analytics-visualization,tabular ML analytics/evaluation topic,100,100
ml-data-ops-calibration-review-approval-evidence-packet,data-analytics,analytics-visualization,tabular ML analytics/evaluation topic,100,100
ml-data-ops-calibration-review-change-impact-trace,data-analytics,analytics-visualization,tabular ML analytics/evaluation topic,100,100
ml-data-ops-calibration-review-closeout-handoff-ledger,data-analytics,analytics-visualization,tabular ML analytics/evaluation topic,100,100
ml-data-ops-calibration-review-completeness-reconciliation,data-analytics,analytics-visualization,tabular ML analytics/evaluation topic,100,100
ml-data-ops-calibration-review-exception-triage-queue,data-analytics,analytics-visualization,tabular ML analytics/evaluation topic,100,100
ml-data-ops-calibration-review-recovery-readiness-drill,data-analytics,analytics-visualization,tabular ML analytics/evaluation topic,100,100
ml-data-ops-calibration-review-scenario-sensitivity-matrix,data-analytics,analytics-visualization,tabular ML analytics/evaluation topic,100,100
ml-data-ops-calibration-review-scope-intake-gate,data-analytics,analytics-visualization,tabular ML analytics/evaluation topic,100,100
ml-data-ops-calibration-review-source-provenance-ledger,data-analytics,analytics-visualization,tabular ML analytics/evaluation topic,100,100
ml-data-ops-calibration-review-threshold-rule-check,data-analytics,analytics-visualization,tabular ML analytics/evaluation topic,100,100
ml-data-ops-drift-monitoring-approval-evidence-packet,data-analytics,analytics-visualization,tabular ML analytics/evaluation topic,100,100
ml-data-ops-drift-monitoring-change-impact-trace,data-analytics,analytics-visualization,tabular ML analytics/evaluation topic,100,100
ml-data-ops-drift-monitoring-closeout-handoff-ledger,data-analytics,analytics-visualization,tabular ML analytics/evaluation topic,100,100
ml-data-ops-drift-monitoring-completeness-reconciliation,data-analytics,analytics-visualization,tabular ML analytics/evaluation topic,100,100
ml-data-ops-drift-monitoring-exception-triage-queue,data-analytics,analytics-visualization,tabular ML analytics/evaluation topic,100,100
ml-data-ops-drift-monitoring-recovery-readiness-drill,data-analytics,analytics-visualization,tabular ML analytics/evaluation topic,100,100
ml-data-ops-drift-monitoring-scenario-sensitivity-matrix,data-analytics,analytics-visualization,tabular ML analytics/evaluation topic,100,100
ml-data-ops-drift-monitoring-scope-intake-gate,data-analytics,analytics-visualization,tabular ML analytics/evaluation topic,100,100
ml-data-ops-drift-monitoring-source-provenance-ledger,data-analytics,analytics-visualization,tabular ML analytics/evaluation topic,100,100
ml-data-ops-drift-monitoring-threshold-rule-check,data-analytics,analytics-visualization,tabular ML analytics/evaluation topic,100,100
ml-data-ops-experiment-reproduction-approval-evidence-packet,data-analytics,analytics-visualization,tabular ML analytics/evaluation topic,100,100
ml-data-ops-experiment-reproduction-change-impact-trace,data-analytics,analytics-visualization,tabular ML analytics/evaluation topic,100,100
ml-data-ops-experiment-reproduction-closeout-handoff-ledger,data-analytics,analytics-visualization,tabular ML analytics/evaluation topic,100,100
ml-data-ops-experiment-reproduction-completeness-reconciliation,data-analytics,analytics-visualization,tabular ML analytics/evaluation topic,100,100
ml-data-ops-experiment-reproduction-exception-triage-queue,data-analytics,analytics-visualization,tabular ML analytics/evaluation topic,100,100
ml-data-ops-experiment-reproduction-recovery-readiness-drill,data-analytics,analytics-visualization,tabular ML analytics/evaluation topic,100,100
ml-data-ops-experiment-reproduction-scenario-sensitivity-matrix,data-analytics,analytics-visualization,tabular ML analytics/evaluation topic,100,100
ml-data-ops-experiment-reproduction-scope-intake-gate,data-analytics,analytics-visualization,tabular ML analytics/evaluation topic,100,100
ml-data-ops-experiment-reproduction-source-provenance-ledger,data-analytics,analytics-visualization,tabular ML analytics/evaluation topic,100,100
ml-data-ops-experiment-reproduction-threshold-rule-check,data-analytics,analytics-visualization,tabular ML analytics/evaluation topic,100,100
ml-data-ops-feature-parity-approval-evidence-packet,data-analytics,data-quality-governance,tabular ML data quality/lineage topic,100,100
ml-data-ops-feature-parity-change-impact-trace,data-analytics,data-quality-governance,tabular ML data quality/lineage topic,100,100
ml-data-ops-feature-parity-closeout-handoff-ledger,data-analytics,data-quality-governance,tabular ML data quality/lineage topic,100,100
ml-data-ops-feature-parity-completeness-reconciliation,data-analytics,data-quality-governance,tabular ML data quality/lineage topic,100,100
ml-data-ops-feature-parity-exception-triage-queue,data-analytics,data-quality-governance,tabular ML data quality/lineage topic,100,100
ml-data-ops-feature-parity-recovery-readiness-drill,data-analytics,data-quality-governance,tabular ML data quality/lineage topic,100,100
ml-data-ops-feature-parity-scenario-sensitivity-matrix,data-analytics,data-quality-governance,tabular ML data quality/lineage topic,100,100
ml-data-ops-feature-parity-scope-intake-gate,data-analytics,data-quality-governance,tabular ML data quality/lineage topic,100,100
ml-data-ops-feature-parity-source-provenance-ledger,data-analytics,data-quality-governance,tabular ML data quality/lineage topic,100,100
ml-data-ops-feature-parity-threshold-rule-check,data-analytics,data-quality-governance,tabular ML data quality/lineage topic,100,100
ml-data-ops-metric-uncertainty-approval-evidence-packet,data-analytics,analytics-visualization,tabular ML analytics/evaluation topic,100,100
ml-data-ops-metric-uncertainty-change-impact-trace,data-analytics,analytics-visualization,tabular ML analytics/evaluation topic,100,100
ml-data-ops-metric-uncertainty-closeout-handoff-ledger,data-analytics,analytics-visualization,tabular ML analytics/evaluation topic,100,100
ml-data-ops-metric-uncertainty-completeness-reconciliation,data-analytics,analytics-visualization,tabular ML analytics/evaluation topic,100,100
ml-data-ops-metric-uncertainty-exception-triage-queue,data-analytics,analytics-visualization,tabular ML analytics/evaluation topic,100,100
ml-data-ops-metric-uncertainty-recovery-readiness-drill,data-analytics,analytics-visualization,tabular ML analytics/evaluation topic,100,100
ml-data-ops-metric-uncertainty-scenario-sensitivity-matrix,data-analytics,analytics-visualization,tabular ML analytics/evaluation topic,100,100
ml-data-ops-metric-uncertainty-scope-intake-gate,data-analytics,analytics-visualization,tabular ML analytics/evaluation topic,100,100
ml-data-ops-metric-uncertainty-source-provenance-ledger,data-analytics,analytics-visualization,tabular ML analytics/evaluation topic,100,100
ml-data-ops-metric-uncertainty-threshold-rule-check,data-analytics,analytics-visualization,tabular ML analytics/evaluation topic,100,100
ml-data-ops-snapshot-lineage-approval-evidence-packet,data-analytics,data-quality-governance,tabular ML data quality/lineage topic,100,100
ml-data-ops-snapshot-lineage-change-impact-trace,data-analytics,data-quality-governance,tabular ML data quality/lineage topic,100,100
ml-data-ops-snapshot-lineage-closeout-handoff-ledger,data-analytics,data-quality-governance,tabular ML data quality/lineage topic,100,100
ml-data-ops-snapshot-lineage-completeness-reconciliation,data-analytics,data-quality-governance,tabular ML data quality/lineage topic,100,100
ml-data-ops-snapshot-lineage-exception-triage-queue,data-analytics,data-quality-governance,tabular ML data quality/lineage topic,100,100
ml-data-ops-snapshot-lineage-recovery-readiness-drill,data-analytics,data-quality-governance,tabular ML data quality/lineage topic,100,100
ml-data-ops-snapshot-lineage-scenario-sensitivity-matrix,data-analytics,data-quality-governance,tabular ML data quality/lineage topic,100,100
ml-data-ops-snapshot-lineage-scope-intake-gate,data-analytics,data-quality-governance,tabular ML data quality/lineage topic,100,100
ml-data-ops-snapshot-lineage-source-provenance-ledger,data-analytics,data-quality-governance,tabular ML data quality/lineage topic,100,100
ml-data-ops-snapshot-lineage-threshold-rule-check,data-analytics,data-quality-governance,tabular ML data quality/lineage topic,100,100
ml-data-ops-split-leakage-approval-evidence-packet,data-analytics,data-quality-governance,tabular ML data quality/lineage topic,100,100
ml-data-ops-split-leakage-change-impact-trace,data-analytics,data-quality-governance,tabular ML data quality/lineage topic,100,100
ml-data-ops-split-leakage-closeout-handoff-ledger,data-analytics,data-quality-governance,tabular ML data quality/lineage topic,100,100
ml-data-ops-split-leakage-completeness-reconciliation,data-analytics,data-quality-governance,tabular ML data quality/lineage topic,100,100
ml-data-ops-split-leakage-exception-triage-queue,data-analytics,data-quality-governance,tabular ML data quality/lineage topic,100,100
ml-data-ops-split-leakage-recovery-readiness-drill,data-analytics,data-quality-governance,tabular ML data quality/lineage topic,100,100
ml-data-ops-split-leakage-scenario-sensitivity-matrix,data-analytics,data-quality-governance,tabular ML data quality/lineage topic,100,100
ml-data-ops-split-leakage-scope-intake-gate,data-analytics,data-quality-governance,tabular ML data quality/lineage topic,100,100
ml-data-ops-split-leakage-source-provenance-ledger,data-analytics,data-quality-governance,tabular ML data quality/lineage topic,100,100
ml-data-ops-split-leakage-threshold-rule-check,data-analytics,data-quality-governance,tabular ML data quality/lineage topic,100,100
ml-data-ops-subgroup-coverage-approval-evidence-packet,data-analytics,analytics-visualization,tabular ML analytics/evaluation topic,100,100
ml-data-ops-subgroup-coverage-change-impact-trace,data-analytics,analytics-visualization,tabular ML analytics/evaluation topic,100,100
ml-data-ops-subgroup-coverage-closeout-handoff-ledger,data-analytics,analytics-visualization,tabular ML analytics/evaluation topic,100,100
ml-data-ops-subgroup-coverage-completeness-reconciliation,data-analytics,analytics-visualization,tabular ML analytics/evaluation topic,100,100
ml-data-ops-subgroup-coverage-exception-triage-queue,data-analytics,analytics-visualization,tabular ML analytics/evaluation topic,100,100
ml-data-ops-subgroup-coverage-recovery-readiness-drill,data-analytics,analytics-visualization,tabular ML analytics/evaluation topic,100,100
ml-data-ops-subgroup-coverage-scenario-sensitivity-matrix,data-analytics,analytics-visualization,tabular ML analytics/evaluation topic,100,100
ml-data-ops-subgroup-coverage-scope-intake-gate,data-analytics,analytics-visualization,tabular ML analytics/evaluation topic,100,100
ml-data-ops-subgroup-coverage-source-provenance-ledger,data-analytics,analytics-visualization,tabular ML analytics/evaluation topic,100,100
ml-data-ops-subgroup-coverage-threshold-rule-check,data-analytics,analytics-visualization,tabular ML analytics/evaluation topic,100,100
ml-data-ops-target-quality-approval-evidence-packet,data-analytics,data-quality-governance,tabular ML data quality/lineage topic,100,100
ml-data-ops-target-quality-change-impact-trace,data-analytics,data-quality-governance,tabular ML data quality/lineage topic,100,100
ml-data-ops-target-quality-closeout-handoff-ledger,data-analytics,data-quality-governance,tabular ML data quality/lineage topic,100,100
ml-data-ops-target-quality-completeness-reconciliation,data-analytics,data-quality-governance,tabular ML data quality/lineage topic,100,100
ml-data-ops-target-quality-exception-triage-queue,data-analytics,data-quality-governance,tabular ML data quality/lineage topic,100,100
ml-data-ops-target-quality-recovery-readiness-drill,data-analytics,data-quality-governance,tabular ML data quality/lineage topic,100,100
ml-data-ops-target-quality-scenario-sensitivity-matrix,data-analytics,data-quality-governance,tabular ML data quality/lineage topic,100,100
ml-data-ops-target-quality-scope-intake-gate,data-analytics,data-quality-governance,tabular ML data quality/lineage topic,100,100
ml-data-ops-target-quality-source-provenance-ledger,data-analytics,data-quality-governance,tabular ML data quality/lineage topic,100,100
ml-data-ops-target-quality-threshold-rule-check,data-analytics,data-quality-governance,tabular ML data quality/lineage topic,100,100
mobile-app-development,software-development,frontend,"metadata keywords: react-, react/, react-native",7,7
molecular-docking-study-planning,science-health-research,life-sciences,topic prefix: molecular-docking,100,100
molecular-dynamics-simulation-review,science-health-research,life-sciences,topic prefix: molecular,100,100
mqtt-session-and-delivery-semantics-review,engineering-industry,electronics-hardware,topic prefix: mqtt-session,100,100
mtls-configuration-capability-surface-map,cloud-infrastructure-security,security-privacy,topic prefix: mtls,100,100
mtls-configuration-change-impact-assessment,cloud-infrastructure-security,security-privacy,topic prefix: mtls,100,100
mtls-configuration-failure-triage-record,cloud-infrastructure-security,security-privacy,topic prefix: mtls,100,100
mtls-configuration-input-output-contract,cloud-infrastructure-security,security-privacy,topic prefix: mtls,100,100
mtls-configuration-integration-parity-trace,cloud-infrastructure-security,security-privacy,topic prefix: mtls,100,100
mtls-configuration-performance-envelope,cloud-infrastructure-security,security-privacy,topic prefix: mtls,100,100
mtls-configuration-permission-boundary-review,cloud-infrastructure-security,security-privacy,topic prefix: mtls,100,100
mtls-configuration-release-handoff-record,cloud-infrastructure-security,security-privacy,topic prefix: mtls,100,100
mtls-configuration-reproducibility-fixture-plan,cloud-infrastructure-security,security-privacy,topic prefix: mtls,100,100
mtls-configuration-version-compatibility,cloud-infrastructure-security,security-privacy,topic prefix: mtls,100,100
multi-agent-coordination,ai-agent-systems,agent-architecture-orchestration,topic prefix: multi-agent,100,100
multi-camera-time-synchronization-review,engineering-industry,electronics-hardware,topic prefix: multi-camera,100,100
multi-chunk-fetch-completeness-ledger,ai-agent-systems,prompts-context-memory,topic prefix: multi-chunk-fetch,100,100
multi-session-project-blueprinting,ai-agent-systems,agent-architecture-orchestration,topic prefix: multi-session-project,100,100
music-to-video,creative-media-design,audio-video,topic prefix: music,100,100
neon-postgres-branches-capability-surface-map,data-analytics,databases-storage,"metadata keywords: postgres, neon-",10,10
neon-postgres-branches-change-impact-assessment,data-analytics,databases-storage,"metadata keywords: postgres, neon-",10,10
neon-postgres-branches-failure-triage-record,data-analytics,databases-storage,"metadata keywords: postgres, neon-",10,10
neon-postgres-branches-input-output-contract,data-analytics,databases-storage,"metadata keywords: postgres, neon-",10,10
neon-postgres-branches-integration-parity-trace,data-analytics,databases-storage,"metadata keywords: postgres, neon-",10,10
neon-postgres-branches-performance-envelope,data-analytics,databases-storage,"metadata keywords: postgres, neon-",10,10
neon-postgres-branches-permission-boundary-review,data-analytics,databases-storage,"metadata keywords: postgres, neon-",10,10
neon-postgres-branches-release-handoff-record,data-analytics,databases-storage,"metadata keywords: postgres, neon-",10,10
neon-postgres-branches-reproducibility-fixture-plan,data-analytics,databases-storage,"metadata keywords: postgres, neon-",10,10
neon-postgres-branches-version-compatibility,data-analytics,databases-storage,"metadata keywords: postgres, neon-",10,10
network-science-analysis,cloud-infrastructure-security,networking-edge,topic prefix: network,100,100
network-stack-development,cloud-infrastructure-security,networking-edge,topic prefix: network,100,100
neural-network-development,ai-agent-systems,agent-architecture-orchestration,topic prefix: neural-network-development,100,100
nonlinear-dynamical-stability-analysis,science-health-research,physical-earth-sciences,topic prefix: nonlinear-dynamical,100,100
nosql-expert-capability-surface-map,data-analytics,databases-storage,topic prefix: nosql,100,100
nosql-expert-change-impact-assessment,data-analytics,databases-storage,topic prefix: nosql,100,100
nosql-expert-failure-triage-record,data-analytics,databases-storage,topic prefix: nosql,100,100
nosql-expert-input-output-contract,data-analytics,databases-storage,topic prefix: nosql,100,100
nosql-expert-integration-parity-trace,data-analytics,databases-storage,topic prefix: nosql,100,100
nosql-expert-performance-envelope,data-analytics,databases-storage,topic prefix: nosql,100,100
nosql-expert-permission-boundary-review,data-analytics,databases-storage,topic prefix: nosql,100,100
nosql-expert-release-handoff-record,data-analytics,databases-storage,topic prefix: nosql,100,100
nosql-expert-reproducibility-fixture-plan,data-analytics,databases-storage,topic prefix: nosql,100,100
nosql-expert-version-compatibility,data-analytics,databases-storage,topic prefix: nosql,100,100
nvidia-container-compatibility-audit,cloud-infrastructure-security,containers-kubernetes,topic prefix: nvidia-container,100,100
nvidia-cuda-performance-workflow,software-development,languages-frameworks,metadata keywords: cuda-,5,5
nvidia-physical-ai-simulation-workflow,engineering-industry,robotics-controls,topic prefix: nvidia-physical-ai,100,100
observational-study-reporting,science-health-research,trials-research-methods,topic prefix: observational-study,100,100
obsidian-bases-capability-surface-map,business-operations,product-growth,topic prefix: obsidian,100,100
obsidian-bases-change-impact-assessment,business-operations,product-growth,topic prefix: obsidian,100,100
obsidian-bases-failure-triage-record,business-operations,product-growth,topic prefix: obsidian,100,100
obsidian-bases-input-output-contract,business-operations,product-growth,topic prefix: obsidian,100,100
obsidian-bases-integration-parity-trace,business-operations,product-growth,topic prefix: obsidian,100,100
obsidian-bases-performance-envelope,business-operations,product-growth,topic prefix: obsidian,100,100
obsidian-bases-permission-boundary-review,business-operations,product-growth,topic prefix: obsidian,100,100
obsidian-bases-release-handoff-record,business-operations,product-growth,topic prefix: obsidian,100,100
obsidian-bases-reproducibility-fixture-plan,business-operations,product-growth,topic prefix: obsidian,100,100
obsidian-bases-version-compatibility,business-operations,product-growth,topic prefix: obsidian,100,100
obsidian-cli-capability-surface-map,business-operations,product-growth,topic prefix: obsidian,100,100
obsidian-cli-change-impact-assessment,business-operations,product-growth,topic prefix: obsidian,100,100
obsidian-cli-failure-triage-record,business-operations,product-growth,topic prefix: obsidian,100,100
obsidian-cli-input-output-contract,business-operations,product-growth,topic prefix: obsidian,100,100
obsidian-cli-integration-parity-trace,business-operations,product-growth,topic prefix: obsidian,100,100
obsidian-cli-performance-envelope,business-operations,product-growth,topic prefix: obsidian,100,100
obsidian-cli-permission-boundary-review,business-operations,product-growth,topic prefix: obsidian,100,100
obsidian-cli-release-handoff-record,business-operations,product-growth,topic prefix: obsidian,100,100
obsidian-cli-reproducibility-fixture-plan,business-operations,product-growth,topic prefix: obsidian,100,100
obsidian-cli-version-compatibility,business-operations,product-growth,topic prefix: obsidian,100,100
obsidian-markdown-capability-surface-map,business-operations,product-growth,topic prefix: obsidian,100,100
obsidian-markdown-change-impact-assessment,business-operations,product-growth,topic prefix: obsidian,100,100
obsidian-markdown-failure-triage-record,business-operations,product-growth,topic prefix: obsidian,100,100
obsidian-markdown-input-output-contract,business-operations,product-growth,topic prefix: obsidian,100,100
obsidian-markdown-integration-parity-trace,business-operations,product-growth,topic prefix: obsidian,100,100
obsidian-markdown-performance-envelope,business-operations,product-growth,topic prefix: obsidian,100,100
obsidian-markdown-permission-boundary-review,business-operations,product-growth,topic prefix: obsidian,100,100
obsidian-markdown-release-handoff-record,business-operations,product-growth,topic prefix: obsidian,100,100
obsidian-markdown-reproducibility-fixture-plan,business-operations,product-growth,topic prefix: obsidian,100,100
obsidian-markdown-version-compatibility,business-operations,product-growth,topic prefix: obsidian,100,100
ode-stiffness-and-solver-selection,science-health-research,physical-earth-sciences,metadata keywords: ode-,5,5
omics-data-batch-effect-approval-evidence-packet,science-health-research,life-sciences,topic prefix: omics-data,100,100
omics-data-batch-effect-change-impact-trace,science-health-research,life-sciences,topic prefix: omics-data,100,100
omics-data-batch-effect-closeout-handoff-ledger,science-health-research,life-sciences,topic prefix: omics-data,100,100
omics-data-batch-effect-completeness-reconciliation,science-health-research,life-sciences,topic prefix: omics-data,100,100
omics-data-batch-effect-exception-triage-queue,science-health-research,life-sciences,topic prefix: omics-data,100,100
omics-data-batch-effect-recovery-readiness-drill,science-health-research,life-sciences,topic prefix: omics-data,100,100
omics-data-batch-effect-scenario-sensitivity-matrix,science-health-research,life-sciences,topic prefix: omics-data,100,100
omics-data-batch-effect-scope-intake-gate,science-health-research,life-sciences,topic prefix: omics-data,100,100
omics-data-batch-effect-source-provenance-ledger,science-health-research,life-sciences,topic prefix: omics-data,100,100
omics-data-batch-effect-threshold-rule-check,science-health-research,life-sciences,topic prefix: omics-data,100,100
omics-data-contrast-design-approval-evidence-packet,science-health-research,life-sciences,topic prefix: omics-data,100,100
omics-data-contrast-design-change-impact-trace,science-health-research,life-sciences,topic prefix: omics-data,100,100
omics-data-contrast-design-closeout-handoff-ledger,science-health-research,life-sciences,topic prefix: omics-data,100,100
omics-data-contrast-design-completeness-reconciliation,science-health-research,life-sciences,topic prefix: omics-data,100,100
omics-data-contrast-design-exception-triage-queue,science-health-research,life-sciences,topic prefix: omics-data,100,100
omics-data-contrast-design-recovery-readiness-drill,science-health-research,life-sciences,topic prefix: omics-data,100,100
omics-data-contrast-design-scenario-sensitivity-matrix,science-health-research,life-sciences,topic prefix: omics-data,100,100
omics-data-contrast-design-scope-intake-gate,science-health-research,life-sciences,topic prefix: omics-data,100,100
omics-data-contrast-design-source-provenance-ledger,science-health-research,life-sciences,topic prefix: omics-data,100,100
omics-data-contrast-design-threshold-rule-check,science-health-research,life-sciences,topic prefix: omics-data,100,100
omics-data-deposit-package-approval-evidence-packet,science-health-research,life-sciences,topic prefix: omics-data,100,100
omics-data-deposit-package-change-impact-trace,science-health-research,life-sciences,topic prefix: omics-data,100,100
omics-data-deposit-package-closeout-handoff-ledger,science-health-research,life-sciences,topic prefix: omics-data,100,100
omics-data-deposit-package-completeness-reconciliation,science-health-research,life-sciences,topic prefix: omics-data,100,100
omics-data-deposit-package-exception-triage-queue,science-health-research,life-sciences,topic prefix: omics-data,100,100
omics-data-deposit-package-recovery-readiness-drill,science-health-research,life-sciences,topic prefix: omics-data,100,100
omics-data-deposit-package-scenario-sensitivity-matrix,science-health-research,life-sciences,topic prefix: omics-data,100,100
omics-data-deposit-package-scope-intake-gate,science-health-research,life-sciences,topic prefix: omics-data,100,100
omics-data-deposit-package-source-provenance-ledger,science-health-research,life-sciences,topic prefix: omics-data,100,100
omics-data-deposit-package-threshold-rule-check,science-health-research,life-sciences,topic prefix: omics-data,100,100
omics-data-enrichment-universe-approval-evidence-packet,science-health-research,life-sciences,topic prefix: omics-data,100,100
omics-data-enrichment-universe-change-impact-trace,science-health-research,life-sciences,topic prefix: omics-data,100,100
omics-data-enrichment-universe-closeout-handoff-ledger,science-health-research,life-sciences,topic prefix: omics-data,100,100
omics-data-enrichment-universe-completeness-reconciliation,science-health-research,life-sciences,topic prefix: omics-data,100,100
omics-data-enrichment-universe-exception-triage-queue,science-health-research,life-sciences,topic prefix: omics-data,100,100
omics-data-enrichment-universe-recovery-readiness-drill,science-health-research,life-sciences,topic prefix: omics-data,100,100
omics-data-enrichment-universe-scenario-sensitivity-matrix,science-health-research,life-sciences,topic prefix: omics-data,100,100
omics-data-enrichment-universe-scope-intake-gate,science-health-research,life-sciences,topic prefix: omics-data,100,100
omics-data-enrichment-universe-source-provenance-ledger,science-health-research,life-sciences,topic prefix: omics-data,100,100
omics-data-enrichment-universe-threshold-rule-check,science-health-research,life-sciences,topic prefix: omics-data,100,100
omics-data-metagenomic-controls-approval-evidence-packet,science-health-research,life-sciences,topic prefix: omics-data,100,100
omics-data-metagenomic-controls-change-impact-trace,science-health-research,life-sciences,topic prefix: omics-data,100,100
omics-data-metagenomic-controls-closeout-handoff-ledger,science-health-research,life-sciences,topic prefix: omics-data,100,100
omics-data-metagenomic-controls-completeness-reconciliation,science-health-research,life-sciences,topic prefix: omics-data,100,100
omics-data-metagenomic-controls-exception-triage-queue,science-health-research,life-sciences,topic prefix: omics-data,100,100
omics-data-metagenomic-controls-recovery-readiness-drill,science-health-research,life-sciences,topic prefix: omics-data,100,100
omics-data-metagenomic-controls-scenario-sensitivity-matrix,science-health-research,life-sciences,topic prefix: omics-data,100,100
omics-data-metagenomic-controls-scope-intake-gate,science-health-research,life-sciences,topic prefix: omics-data,100,100
omics-data-metagenomic-controls-source-provenance-ledger,science-health-research,life-sciences,topic prefix: omics-data,100,100
omics-data-metagenomic-controls-threshold-rule-check,science-health-research,life-sciences,topic prefix: omics-data,100,100
omics-data-multiomics-join-approval-evidence-packet,science-health-research,life-sciences,topic prefix: omics-data,100,100
omics-data-multiomics-join-change-impact-trace,science-health-research,life-sciences,topic prefix: omics-data,100,100
omics-data-multiomics-join-closeout-handoff-ledger,science-health-research,life-sciences,topic prefix: omics-data,100,100
omics-data-multiomics-join-completeness-reconciliation,science-health-research,life-sciences,topic prefix: omics-data,100,100
omics-data-multiomics-join-exception-triage-queue,science-health-research,life-sciences,topic prefix: omics-data,100,100
omics-data-multiomics-join-recovery-readiness-drill,science-health-research,life-sciences,topic prefix: omics-data,100,100
omics-data-multiomics-join-scenario-sensitivity-matrix,science-health-research,life-sciences,topic prefix: omics-data,100,100
omics-data-multiomics-join-scope-intake-gate,science-health-research,life-sciences,topic prefix: omics-data,100,100
omics-data-multiomics-join-source-provenance-ledger,science-health-research,life-sciences,topic prefix: omics-data,100,100
omics-data-multiomics-join-threshold-rule-check,science-health-research,life-sciences,topic prefix: omics-data,100,100
omics-data-proteomics-search-space-approval-evidence-packet,science-health-research,life-sciences,topic prefix: omics-data,100,100
omics-data-proteomics-search-space-change-impact-trace,science-health-research,life-sciences,topic prefix: omics-data,100,100
omics-data-proteomics-search-space-closeout-handoff-ledger,science-health-research,life-sciences,topic prefix: omics-data,100,100
omics-data-proteomics-search-space-completeness-reconciliation,science-health-research,life-sciences,topic prefix: omics-data,100,100
omics-data-proteomics-search-space-exception-triage-queue,science-health-research,life-sciences,topic prefix: omics-data,100,100
omics-data-proteomics-search-space-recovery-readiness-drill,science-health-research,life-sciences,topic prefix: omics-data,100,100
omics-data-proteomics-search-space-scenario-sensitivity-matrix,science-health-research,life-sciences,topic prefix: omics-data,100,100
omics-data-proteomics-search-space-scope-intake-gate,science-health-research,life-sciences,topic prefix: omics-data,100,100
omics-data-proteomics-search-space-source-provenance-ledger,science-health-research,life-sciences,topic prefix: omics-data,100,100
omics-data-proteomics-search-space-threshold-rule-check,science-health-research,life-sciences,topic prefix: omics-data,100,100
omics-data-reference-provenance-approval-evidence-packet,science-health-research,life-sciences,topic prefix: omics-data,100,100
omics-data-reference-provenance-change-impact-trace,science-health-research,life-sciences,topic prefix: omics-data,100,100
omics-data-reference-provenance-closeout-handoff-ledger,science-health-research,life-sciences,topic prefix: omics-data,100,100
omics-data-reference-provenance-completeness-reconciliation,science-health-research,life-sciences,topic prefix: omics-data,100,100
omics-data-reference-provenance-exception-triage-queue,science-health-research,life-sciences,topic prefix: omics-data,100,100
omics-data-reference-provenance-recovery-readiness-drill,science-health-research,life-sciences,topic prefix: omics-data,100,100
omics-data-reference-provenance-scenario-sensitivity-matrix,science-health-research,life-sciences,topic prefix: omics-data,100,100
omics-data-reference-provenance-scope-intake-gate,science-health-research,life-sciences,topic prefix: omics-data,100,100
omics-data-reference-provenance-source-provenance-ledger,science-health-research,life-sciences,topic prefix: omics-data,100,100
omics-data-reference-provenance-threshold-rule-check,science-health-research,life-sciences,topic prefix: omics-data,100,100
omics-data-sample-sheet-approval-evidence-packet,science-health-research,life-sciences,topic prefix: omics-data,100,100
omics-data-sample-sheet-change-impact-trace,science-health-research,life-sciences,topic prefix: omics-data,100,100
omics-data-sample-sheet-closeout-handoff-ledger,science-health-research,life-sciences,topic prefix: omics-data,100,100
omics-data-sample-sheet-completeness-reconciliation,science-health-research,life-sciences,topic prefix: omics-data,100,100
omics-data-sample-sheet-exception-triage-queue,science-health-research,life-sciences,topic prefix: omics-data,100,100
omics-data-sample-sheet-recovery-readiness-drill,science-health-research,life-sciences,topic prefix: omics-data,100,100
omics-data-sample-sheet-scenario-sensitivity-matrix,science-health-research,life-sciences,topic prefix: omics-data,100,100
omics-data-sample-sheet-scope-intake-gate,science-health-research,life-sciences,topic prefix: omics-data,100,100
omics-data-sample-sheet-source-provenance-ledger,science-health-research,life-sciences,topic prefix: omics-data,100,100
omics-data-sample-sheet-threshold-rule-check,science-health-research,life-sciences,topic prefix: omics-data,100,100
omics-data-single-cell-qc-approval-evidence-packet,science-health-research,life-sciences,topic prefix: omics-data,100,100
omics-data-single-cell-qc-change-impact-trace,science-health-research,life-sciences,topic prefix: omics-data,100,100
omics-data-single-cell-qc-closeout-handoff-ledger,science-health-research,life-sciences,topic prefix: omics-data,100,100
omics-data-single-cell-qc-completeness-reconciliation,science-health-research,life-sciences,topic prefix: omics-data,100,100
omics-data-single-cell-qc-exception-triage-queue,science-health-research,life-sciences,topic prefix: omics-data,100,100
omics-data-single-cell-qc-recovery-readiness-drill,science-health-research,life-sciences,topic prefix: omics-data,100,100
omics-data-single-cell-qc-scenario-sensitivity-matrix,science-health-research,life-sciences,topic prefix: omics-data,100,100
omics-data-single-cell-qc-scope-intake-gate,science-health-research,life-sciences,topic prefix: omics-data,100,100
omics-data-single-cell-qc-source-provenance-ledger,science-health-research,life-sciences,topic prefix: omics-data,100,100
omics-data-single-cell-qc-threshold-rule-check,science-health-research,life-sciences,topic prefix: omics-data,100,100
omniverse-scene-integration-review,creative-media-design,image-3d,topic prefix: omniverse-scene,100,100
onboarding-conversion-optimization,business-operations,people-operations,topic prefix: onboarding,100,100
one-drive-automation-capability-surface-map,business-operations,product-growth,topic prefix: one-drive,100,100
one-drive-automation-change-impact-assessment,business-operations,product-growth,topic prefix: one-drive,100,100
one-drive-automation-failure-triage-record,business-operations,product-growth,topic prefix: one-drive,100,100
one-drive-automation-input-output-contract,business-operations,product-growth,topic prefix: one-drive,100,100
one-drive-automation-integration-parity-trace,business-operations,product-growth,topic prefix: one-drive,100,100
one-drive-automation-performance-envelope,business-operations,product-growth,topic prefix: one-drive,100,100
one-drive-automation-permission-boundary-review,business-operations,product-growth,topic prefix: one-drive,100,100
one-drive-automation-release-handoff-record,business-operations,product-growth,topic prefix: one-drive,100,100
one-drive-automation-reproducibility-fixture-plan,business-operations,product-growth,topic prefix: one-drive,100,100
one-drive-automation-version-compatibility,business-operations,product-growth,topic prefix: one-drive,100,100
operating-system-development,cloud-infrastructure-security,devops-reliability,topic prefix: operating-system,100,100
orbital-element-propagation-check,engineering-industry,electronics-hardware,topic prefix: orbital-element,100,100
pagination-filter-deep-link-roundtrip,software-development,frontend,topic prefix: pagination-filter,100,100
paper-trading-sandbox-readiness-review,business-operations,finance-accounting,metadata keywords: trading-,5,5
parallel-findall,ai-agent-systems,tools-integrations,topic prefix: parallel-findall,100,100
parallel-web-search,ai-agent-systems,tools-integrations,topic prefix: parallel-web,100,100
parallel-worker-artifact-manifest-reconciliation,ai-agent-systems,agent-architecture-orchestration,topic prefix: parallel-worker,100,100
partial-completion-state-reconciliation,ai-agent-systems,agent-architecture-orchestration,topic prefix: partial-completion-state,100,100
payload-accommodation-interface-review,engineering-industry,electronics-hardware,metadata keywords: spacecraft,2,2
pcb-design-assembly-test-approval-evidence-packet,engineering-industry,electronics-hardware,topic prefix: pcb-design,100,100
pcb-design-assembly-test-change-impact-trace,engineering-industry,electronics-hardware,topic prefix: pcb-design,100,100
pcb-design-assembly-test-closeout-handoff-ledger,engineering-industry,electronics-hardware,topic prefix: pcb-design,100,100
pcb-design-assembly-test-completeness-reconciliation,engineering-industry,electronics-hardware,topic prefix: pcb-design,100,100
pcb-design-assembly-test-exception-triage-queue,engineering-industry,electronics-hardware,topic prefix: pcb-design,100,100
pcb-design-assembly-test-recovery-readiness-drill,engineering-industry,electronics-hardware,topic prefix: pcb-design,100,100
pcb-design-assembly-test-scenario-sensitivity-matrix,engineering-industry,electronics-hardware,topic prefix: pcb-design,100,100
pcb-design-assembly-test-scope-intake-gate,engineering-industry,electronics-hardware,topic prefix: pcb-design,100,100
pcb-design-assembly-test-source-provenance-ledger,engineering-industry,electronics-hardware,topic prefix: pcb-design,100,100
pcb-design-assembly-test-threshold-rule-check,engineering-industry,electronics-hardware,topic prefix: pcb-design,100,100
pcb-design-bom-alternate-approval-evidence-packet,engineering-industry,electronics-hardware,topic prefix: pcb-design,100,100
pcb-design-bom-alternate-change-impact-trace,engineering-industry,electronics-hardware,topic prefix: pcb-design,100,100
pcb-design-bom-alternate-closeout-handoff-ledger,engineering-industry,electronics-hardware,topic prefix: pcb-design,100,100
pcb-design-bom-alternate-completeness-reconciliation,engineering-industry,electronics-hardware,topic prefix: pcb-design,100,100
pcb-design-bom-alternate-exception-triage-queue,engineering-industry,electronics-hardware,topic prefix: pcb-design,100,100
pcb-design-bom-alternate-recovery-readiness-drill,engineering-industry,electronics-hardware,topic prefix: pcb-design,100,100
pcb-design-bom-alternate-scenario-sensitivity-matrix,engineering-industry,electronics-hardware,topic prefix: pcb-design,100,100
pcb-design-bom-alternate-scope-intake-gate,engineering-industry,electronics-hardware,topic prefix: pcb-design,100,100
pcb-design-bom-alternate-source-provenance-ledger,engineering-industry,electronics-hardware,topic prefix: pcb-design,100,100
pcb-design-bom-alternate-threshold-rule-check,engineering-industry,electronics-hardware,topic prefix: pcb-design,100,100
pcb-design-fabrication-export-approval-evidence-packet,engineering-industry,electronics-hardware,topic prefix: pcb-design,100,100
pcb-design-fabrication-export-change-impact-trace,engineering-industry,electronics-hardware,topic prefix: pcb-design,100,100
pcb-design-fabrication-export-closeout-handoff-ledger,engineering-industry,electronics-hardware,topic prefix: pcb-design,100,100
pcb-design-fabrication-export-completeness-reconciliation,engineering-industry,electronics-hardware,topic prefix: pcb-design,100,100
pcb-design-fabrication-export-exception-triage-queue,engineering-industry,electronics-hardware,topic prefix: pcb-design,100,100
pcb-design-fabrication-export-recovery-readiness-drill,engineering-industry,electronics-hardware,topic prefix: pcb-design,100,100
pcb-design-fabrication-export-scenario-sensitivity-matrix,engineering-industry,electronics-hardware,topic prefix: pcb-design,100,100
pcb-design-fabrication-export-scope-intake-gate,engineering-industry,electronics-hardware,topic prefix: pcb-design,100,100
pcb-design-fabrication-export-source-provenance-ledger,engineering-industry,electronics-hardware,topic prefix: pcb-design,100,100
pcb-design-fabrication-export-threshold-rule-check,engineering-industry,electronics-hardware,topic prefix: pcb-design,100,100
pcb-design-footprint-geometry-approval-evidence-packet,engineering-industry,electronics-hardware,topic prefix: pcb-design,100,100
pcb-design-footprint-geometry-change-impact-trace,engineering-industry,electronics-hardware,topic prefix: pcb-design,100,100
pcb-design-footprint-geometry-closeout-handoff-ledger,engineering-industry,electronics-hardware,topic prefix: pcb-design,100,100
pcb-design-footprint-geometry-completeness-reconciliation,engineering-industry,electronics-hardware,topic prefix: pcb-design,100,100
pcb-design-footprint-geometry-exception-triage-queue,engineering-industry,electronics-hardware,topic prefix: pcb-design,100,100
pcb-design-footprint-geometry-recovery-readiness-drill,engineering-industry,electronics-hardware,topic prefix: pcb-design,100,100
pcb-design-footprint-geometry-scenario-sensitivity-matrix,engineering-industry,electronics-hardware,topic prefix: pcb-design,100,100
pcb-design-footprint-geometry-scope-intake-gate,engineering-industry,electronics-hardware,topic prefix: pcb-design,100,100
pcb-design-footprint-geometry-source-provenance-ledger,engineering-industry,electronics-hardware,topic prefix: pcb-design,100,100
pcb-design-footprint-geometry-threshold-rule-check,engineering-industry,electronics-hardware,topic prefix: pcb-design,100,100
pcb-design-library-symbol-map-approval-evidence-packet,engineering-industry,electronics-hardware,topic prefix: pcb-design,100,100
pcb-design-library-symbol-map-change-impact-trace,engineering-industry,electronics-hardware,topic prefix: pcb-design,100,100
pcb-design-library-symbol-map-closeout-handoff-ledger,engineering-industry,electronics-hardware,topic prefix: pcb-design,100,100
pcb-design-library-symbol-map-completeness-reconciliation,engineering-industry,electronics-hardware,topic prefix: pcb-design,100,100
pcb-design-library-symbol-map-exception-triage-queue,engineering-industry,electronics-hardware,topic prefix: pcb-design,100,100
pcb-design-library-symbol-map-recovery-readiness-drill,engineering-industry,electronics-hardware,topic prefix: pcb-design,100,100
pcb-design-library-symbol-map-scenario-sensitivity-matrix,engineering-industry,electronics-hardware,topic prefix: pcb-design,100,100
pcb-design-library-symbol-map-scope-intake-gate,engineering-industry,electronics-hardware,topic prefix: pcb-design,100,100
pcb-design-library-symbol-map-source-provenance-ledger,engineering-industry,electronics-hardware,topic prefix: pcb-design,100,100
pcb-design-library-symbol-map-threshold-rule-check,engineering-industry,electronics-hardware,topic prefix: pcb-design,100,100
pcb-design-netlist-intent-approval-evidence-packet,engineering-industry,electronics-hardware,topic prefix: pcb-design,100,100
pcb-design-netlist-intent-change-impact-trace,engineering-industry,electronics-hardware,topic prefix: pcb-design,100,100
pcb-design-netlist-intent-closeout-handoff-ledger,engineering-industry,electronics-hardware,topic prefix: pcb-design,100,100
pcb-design-netlist-intent-completeness-reconciliation,engineering-industry,electronics-hardware,topic prefix: pcb-design,100,100
pcb-design-netlist-intent-exception-triage-queue,engineering-industry,electronics-hardware,topic prefix: pcb-design,100,100
pcb-design-netlist-intent-recovery-readiness-drill,engineering-industry,electronics-hardware,topic prefix: pcb-design,100,100
pcb-design-netlist-intent-scenario-sensitivity-matrix,engineering-industry,electronics-hardware,topic prefix: pcb-design,100,100
pcb-design-netlist-intent-scope-intake-gate,engineering-industry,electronics-hardware,topic prefix: pcb-design,100,100
pcb-design-netlist-intent-source-provenance-ledger,engineering-industry,electronics-hardware,topic prefix: pcb-design,100,100
pcb-design-netlist-intent-threshold-rule-check,engineering-industry,electronics-hardware,topic prefix: pcb-design,100,100
pcb-design-placement-keepout-approval-evidence-packet,engineering-industry,electronics-hardware,topic prefix: pcb-design,100,100
pcb-design-placement-keepout-change-impact-trace,engineering-industry,electronics-hardware,topic prefix: pcb-design,100,100
pcb-design-placement-keepout-closeout-handoff-ledger,engineering-industry,electronics-hardware,topic prefix: pcb-design,100,100
pcb-design-placement-keepout-completeness-reconciliation,engineering-industry,electronics-hardware,topic prefix: pcb-design,100,100
pcb-design-placement-keepout-exception-triage-queue,engineering-industry,electronics-hardware,topic prefix: pcb-design,100,100
pcb-design-placement-keepout-recovery-readiness-drill,engineering-industry,electronics-hardware,topic prefix: pcb-design,100,100
pcb-design-placement-keepout-scenario-sensitivity-matrix,engineering-industry,electronics-hardware,topic prefix: pcb-design,100,100
pcb-design-placement-keepout-scope-intake-gate,engineering-industry,electronics-hardware,topic prefix: pcb-design,100,100
pcb-design-placement-keepout-source-provenance-ledger,engineering-industry,electronics-hardware,topic prefix: pcb-design,100,100
pcb-design-placement-keepout-threshold-rule-check,engineering-industry,electronics-hardware,topic prefix: pcb-design,100,100
pcb-design-return-path-approval-evidence-packet,engineering-industry,electronics-hardware,topic prefix: pcb-design,100,100
pcb-design-return-path-change-impact-trace,engineering-industry,electronics-hardware,topic prefix: pcb-design,100,100
pcb-design-return-path-closeout-handoff-ledger,engineering-industry,electronics-hardware,topic prefix: pcb-design,100,100
pcb-design-return-path-completeness-reconciliation,engineering-industry,electronics-hardware,topic prefix: pcb-design,100,100
pcb-design-return-path-exception-triage-queue,engineering-industry,electronics-hardware,topic prefix: pcb-design,100,100
pcb-design-return-path-recovery-readiness-drill,engineering-industry,electronics-hardware,topic prefix: pcb-design,100,100
pcb-design-return-path-scenario-sensitivity-matrix,engineering-industry,electronics-hardware,topic prefix: pcb-design,100,100
pcb-design-return-path-scope-intake-gate,engineering-industry,electronics-hardware,topic prefix: pcb-design,100,100
pcb-design-return-path-source-provenance-ledger,engineering-industry,electronics-hardware,topic prefix: pcb-design,100,100
pcb-design-return-path-threshold-rule-check,engineering-industry,electronics-hardware,topic prefix: pcb-design,100,100
pcb-design-rule-exception-approval-evidence-packet,engineering-industry,electronics-hardware,topic prefix: pcb-design,100,100
pcb-design-rule-exception-change-impact-trace,engineering-industry,electronics-hardware,topic prefix: pcb-design,100,100
pcb-design-rule-exception-closeout-handoff-ledger,engineering-industry,electronics-hardware,topic prefix: pcb-design,100,100
pcb-design-rule-exception-completeness-reconciliation,engineering-industry,electronics-hardware,topic prefix: pcb-design,100,100
pcb-design-rule-exception-exception-triage-queue,engineering-industry,electronics-hardware,topic prefix: pcb-design,100,100
pcb-design-rule-exception-recovery-readiness-drill,engineering-industry,electronics-hardware,topic prefix: pcb-design,100,100
pcb-design-rule-exception-scenario-sensitivity-matrix,engineering-industry,electronics-hardware,topic prefix: pcb-design,100,100
pcb-design-rule-exception-scope-intake-gate,engineering-industry,electronics-hardware,topic prefix: pcb-design,100,100
pcb-design-rule-exception-source-provenance-ledger,engineering-industry,electronics-hardware,topic prefix: pcb-design,100,100
pcb-design-rule-exception-threshold-rule-check,engineering-industry,electronics-hardware,topic prefix: pcb-design,100,100
pcb-design-stackup-constraint-approval-evidence-packet,engineering-industry,electronics-hardware,topic prefix: pcb-design,100,100
pcb-design-stackup-constraint-change-impact-trace,engineering-industry,electronics-hardware,topic prefix: pcb-design,100,100
pcb-design-stackup-constraint-closeout-handoff-ledger,engineering-industry,electronics-hardware,topic prefix: pcb-design,100,100
pcb-design-stackup-constraint-completeness-reconciliation,engineering-industry,electronics-hardware,topic prefix: pcb-design,100,100
pcb-design-stackup-constraint-exception-triage-queue,engineering-industry,electronics-hardware,topic prefix: pcb-design,100,100
pcb-design-stackup-constraint-recovery-readiness-drill,engineering-industry,electronics-hardware,topic prefix: pcb-design,100,100
pcb-design-stackup-constraint-scenario-sensitivity-matrix,engineering-industry,electronics-hardware,topic prefix: pcb-design,100,100
pcb-design-stackup-constraint-scope-intake-gate,engineering-industry,electronics-hardware,topic prefix: pcb-design,100,100
pcb-design-stackup-constraint-source-provenance-ledger,engineering-industry,electronics-hardware,topic prefix: pcb-design,100,100
pcb-design-stackup-constraint-threshold-rule-check,engineering-industry,electronics-hardware,topic prefix: pcb-design,100,100
pcb-layout-fabrication-review,engineering-industry,electronics-hardware,topic prefix: pcb,100,100
pci-compliance-capability-surface-map,cloud-infrastructure-security,security-privacy,topic prefix: pci-compliance,100,100
pci-compliance-change-impact-assessment,cloud-infrastructure-security,security-privacy,topic prefix: pci-compliance,100,100
pci-compliance-failure-triage-record,cloud-infrastructure-security,security-privacy,topic prefix: pci-compliance,100,100
pci-compliance-input-output-contract,cloud-infrastructure-security,security-privacy,topic prefix: pci-compliance,100,100
pci-compliance-integration-parity-trace,cloud-infrastructure-security,security-privacy,topic prefix: pci-compliance,100,100
pci-compliance-performance-envelope,cloud-infrastructure-security,security-privacy,topic prefix: pci-compliance,100,100
pci-compliance-permission-boundary-review,cloud-infrastructure-security,security-privacy,topic prefix: pci-compliance,100,100
pci-compliance-release-handoff-record,cloud-infrastructure-security,security-privacy,topic prefix: pci-compliance,100,100
pci-compliance-reproducibility-fixture-plan,cloud-infrastructure-security,security-privacy,topic prefix: pci-compliance,100,100
pci-compliance-version-compatibility,cloud-infrastructure-security,security-privacy,topic prefix: pci-compliance,100,100
pde-boundary-condition-consistency-review,science-health-research,physical-earth-sciences,metadata keywords: pde-,5,5
pentest-kali,cloud-infrastructure-security,security-privacy,topic prefix: pentest,100,100
pentest-tools,cloud-infrastructure-security,security-privacy,topic prefix: pentest,100,100
people-ops-benefits-admin-approval-evidence-packet,business-operations,people-operations,topic prefix: people-ops,100,100
people-ops-benefits-admin-change-impact-trace,business-operations,people-operations,topic prefix: people-ops,100,100
people-ops-benefits-admin-closeout-handoff-ledger,business-operations,people-operations,topic prefix: people-ops,100,100
people-ops-benefits-admin-completeness-reconciliation,business-operations,people-operations,topic prefix: people-ops,100,100
people-ops-benefits-admin-exception-triage-queue,business-operations,people-operations,topic prefix: people-ops,100,100
people-ops-benefits-admin-recovery-readiness-drill,business-operations,people-operations,topic prefix: people-ops,100,100
people-ops-benefits-admin-scenario-sensitivity-matrix,business-operations,people-operations,topic prefix: people-ops,100,100
people-ops-benefits-admin-scope-intake-gate,business-operations,people-operations,topic prefix: people-ops,100,100
people-ops-benefits-admin-source-provenance-ledger,business-operations,people-operations,topic prefix: people-ops,100,100
people-ops-benefits-admin-threshold-rule-check,business-operations,people-operations,topic prefix: people-ops,100,100
people-ops-employee-relations-approval-evidence-packet,business-operations,people-operations,topic prefix: people-ops,100,100
people-ops-employee-relations-change-impact-trace,business-operations,people-operations,topic prefix: people-ops,100,100
people-ops-employee-relations-closeout-handoff-ledger,business-operations,people-operations,topic prefix: people-ops,100,100
people-ops-employee-relations-completeness-reconciliation,business-operations,people-operations,topic prefix: people-ops,100,100
people-ops-employee-relations-exception-triage-queue,business-operations,people-operations,topic prefix: people-ops,100,100
people-ops-employee-relations-recovery-readiness-drill,business-operations,people-operations,topic prefix: people-ops,100,100
people-ops-employee-relations-scenario-sensitivity-matrix,business-operations,people-operations,topic prefix: people-ops,100,100
people-ops-employee-relations-scope-intake-gate,business-operations,people-operations,topic prefix: people-ops,100,100
people-ops-employee-relations-source-provenance-ledger,business-operations,people-operations,topic prefix: people-ops,100,100
people-ops-employee-relations-threshold-rule-check,business-operations,people-operations,topic prefix: people-ops,100,100
people-ops-learning-approval-evidence-packet,business-operations,people-operations,topic prefix: people-ops,100,100
people-ops-learning-change-impact-trace,business-operations,people-operations,topic prefix: people-ops,100,100
people-ops-learning-closeout-handoff-ledger,business-operations,people-operations,topic prefix: people-ops,100,100
people-ops-learning-completeness-reconciliation,business-operations,people-operations,topic prefix: people-ops,100,100
people-ops-learning-exception-triage-queue,business-operations,people-operations,topic prefix: people-ops,100,100
people-ops-learning-recovery-readiness-drill,business-operations,people-operations,topic prefix: people-ops,100,100
people-ops-learning-scenario-sensitivity-matrix,business-operations,people-operations,topic prefix: people-ops,100,100
people-ops-learning-scope-intake-gate,business-operations,people-operations,topic prefix: people-ops,100,100
people-ops-learning-source-provenance-ledger,business-operations,people-operations,topic prefix: people-ops,100,100
people-ops-learning-threshold-rule-check,business-operations,people-operations,topic prefix: people-ops,100,100
people-ops-leave-access-approval-evidence-packet,business-operations,people-operations,topic prefix: people-ops,100,100
people-ops-leave-access-change-impact-trace,business-operations,people-operations,topic prefix: people-ops,100,100
people-ops-leave-access-closeout-handoff-ledger,business-operations,people-operations,topic prefix: people-ops,100,100
people-ops-leave-access-completeness-reconciliation,business-operations,people-operations,topic prefix: people-ops,100,100
people-ops-leave-access-exception-triage-queue,business-operations,people-operations,topic prefix: people-ops,100,100
people-ops-leave-access-recovery-readiness-drill,business-operations,people-operations,topic prefix: people-ops,100,100
people-ops-leave-access-scenario-sensitivity-matrix,business-operations,people-operations,topic prefix: people-ops,100,100
people-ops-leave-access-scope-intake-gate,business-operations,people-operations,topic prefix: people-ops,100,100
people-ops-leave-access-source-provenance-ledger,business-operations,people-operations,topic prefix: people-ops,100,100
people-ops-leave-access-threshold-rule-check,business-operations,people-operations,topic prefix: people-ops,100,100
people-ops-offboarding-approval-evidence-packet,business-operations,people-operations,topic prefix: people-ops,100,100
people-ops-offboarding-change-impact-trace,business-operations,people-operations,topic prefix: people-ops,100,100
people-ops-offboarding-closeout-handoff-ledger,business-operations,people-operations,topic prefix: people-ops,100,100
people-ops-offboarding-completeness-reconciliation,business-operations,people-operations,topic prefix: people-ops,100,100
people-ops-offboarding-exception-triage-queue,business-operations,people-operations,topic prefix: people-ops,100,100
people-ops-offboarding-recovery-readiness-drill,business-operations,people-operations,topic prefix: people-ops,100,100
people-ops-offboarding-scenario-sensitivity-matrix,business-operations,people-operations,topic prefix: people-ops,100,100
people-ops-offboarding-scope-intake-gate,business-operations,people-operations,topic prefix: people-ops,100,100
people-ops-offboarding-source-provenance-ledger,business-operations,people-operations,topic prefix: people-ops,100,100
people-ops-offboarding-threshold-rule-check,business-operations,people-operations,topic prefix: people-ops,100,100
people-ops-offer-admin-approval-evidence-packet,business-operations,people-operations,topic prefix: people-ops,100,100
people-ops-offer-admin-change-impact-trace,business-operations,people-operations,topic prefix: people-ops,100,100
people-ops-offer-admin-closeout-handoff-ledger,business-operations,people-operations,topic prefix: people-ops,100,100
people-ops-offer-admin-completeness-reconciliation,business-operations,people-operations,topic prefix: people-ops,100,100
people-ops-offer-admin-exception-triage-queue,business-operations,people-operations,topic prefix: people-ops,100,100
people-ops-offer-admin-recovery-readiness-drill,business-operations,people-operations,topic prefix: people-ops,100,100
people-ops-offer-admin-scenario-sensitivity-matrix,business-operations,people-operations,topic prefix: people-ops,100,100
people-ops-offer-admin-scope-intake-gate,business-operations,people-operations,topic prefix: people-ops,100,100
people-ops-offer-admin-source-provenance-ledger,business-operations,people-operations,topic prefix: people-ops,100,100
people-ops-offer-admin-threshold-rule-check,business-operations,people-operations,topic prefix: people-ops,100,100
people-ops-onboarding-approval-evidence-packet,business-operations,people-operations,topic prefix: people-ops,100,100
people-ops-onboarding-change-impact-trace,business-operations,people-operations,topic prefix: people-ops,100,100
people-ops-onboarding-closeout-handoff-ledger,business-operations,people-operations,topic prefix: people-ops,100,100
people-ops-onboarding-completeness-reconciliation,business-operations,people-operations,topic prefix: people-ops,100,100
people-ops-onboarding-exception-triage-queue,business-operations,people-operations,topic prefix: people-ops,100,100
people-ops-onboarding-recovery-readiness-drill,business-operations,people-operations,topic prefix: people-ops,100,100
people-ops-onboarding-scenario-sensitivity-matrix,business-operations,people-operations,topic prefix: people-ops,100,100
people-ops-onboarding-scope-intake-gate,business-operations,people-operations,topic prefix: people-ops,100,100
people-ops-onboarding-source-provenance-ledger,business-operations,people-operations,topic prefix: people-ops,100,100
people-ops-onboarding-threshold-rule-check,business-operations,people-operations,topic prefix: people-ops,100,100
people-ops-recruiting-approval-evidence-packet,business-operations,people-operations,topic prefix: people-ops,100,100
people-ops-recruiting-change-impact-trace,business-operations,people-operations,topic prefix: people-ops,100,100
people-ops-recruiting-closeout-handoff-ledger,business-operations,people-operations,topic prefix: people-ops,100,100
people-ops-recruiting-completeness-reconciliation,business-operations,people-operations,topic prefix: people-ops,100,100
people-ops-recruiting-exception-triage-queue,business-operations,people-operations,topic prefix: people-ops,100,100
people-ops-recruiting-recovery-readiness-drill,business-operations,people-operations,topic prefix: people-ops,100,100
people-ops-recruiting-scenario-sensitivity-matrix,business-operations,people-operations,topic prefix: people-ops,100,100
people-ops-recruiting-scope-intake-gate,business-operations,people-operations,topic prefix: people-ops,100,100
people-ops-recruiting-source-provenance-ledger,business-operations,people-operations,topic prefix: people-ops,100,100
people-ops-recruiting-threshold-rule-check,business-operations,people-operations,topic prefix: people-ops,100,100
people-ops-role-intake-approval-evidence-packet,business-operations,people-operations,topic prefix: people-ops,100,100
people-ops-role-intake-change-impact-trace,business-operations,people-operations,topic prefix: people-ops,100,100
people-ops-role-intake-closeout-handoff-ledger,business-operations,people-operations,topic prefix: people-ops,100,100
people-ops-role-intake-completeness-reconciliation,business-operations,people-operations,topic prefix: people-ops,100,100
people-ops-role-intake-exception-triage-queue,business-operations,people-operations,topic prefix: people-ops,100,100
people-ops-role-intake-recovery-readiness-drill,business-operations,people-operations,topic prefix: people-ops,100,100
people-ops-role-intake-scenario-sensitivity-matrix,business-operations,people-operations,topic prefix: people-ops,100,100
people-ops-role-intake-scope-intake-gate,business-operations,people-operations,topic prefix: people-ops,100,100
people-ops-role-intake-source-provenance-ledger,business-operations,people-operations,topic prefix: people-ops,100,100
people-ops-role-intake-threshold-rule-check,business-operations,people-operations,topic prefix: people-ops,100,100
people-ops-workforce-plan-approval-evidence-packet,business-operations,people-operations,topic prefix: people-ops,100,100
people-ops-workforce-plan-change-impact-trace,business-operations,people-operations,topic prefix: people-ops,100,100
people-ops-workforce-plan-closeout-handoff-ledger,business-operations,people-operations,topic prefix: people-ops,100,100
people-ops-workforce-plan-completeness-reconciliation,business-operations,people-operations,topic prefix: people-ops,100,100
people-ops-workforce-plan-exception-triage-queue,business-operations,people-operations,topic prefix: people-ops,100,100
people-ops-workforce-plan-recovery-readiness-drill,business-operations,people-operations,topic prefix: people-ops,100,100
people-ops-workforce-plan-scenario-sensitivity-matrix,business-operations,people-operations,topic prefix: people-ops,100,100
people-ops-workforce-plan-scope-intake-gate,business-operations,people-operations,topic prefix: people-ops,100,100
people-ops-workforce-plan-source-provenance-ledger,business-operations,people-operations,topic prefix: people-ops,100,100
people-ops-workforce-plan-threshold-rule-check,business-operations,people-operations,topic prefix: people-ops,100,100
per-iteration-tool-budget-before-dispatch,ai-agent-systems,evaluation-observability,topic prefix: per-iteration-tool-budget,100,100
performance-benchmarking-and-regression-detection,software-development,testing-quality-release,"metadata keywords: regression, benchmarking",10,10
physical-ai-sensor-data-validation,engineering-industry,electronics-hardware,metadata keywords: sensor,5,3
physical-law-dimensional-analysis,science-health-research,physical-earth-sciences,topic prefix: physical-law,100,100
physics-computation-floating-point-error-audit,science-health-research,physical-earth-sciences,topic prefix: physics,100,100
physics-data-assimilation-observability-review,science-health-research,physical-earth-sciences,topic prefix: physics,100,100
physics-derivation-step-audit,science-health-research,physical-earth-sciences,topic prefix: physics,100,100
physics-engine-development,science-health-research,physical-earth-sciences,topic prefix: physics,100,100
physics-informed-neural-network-formulation,science-health-research,physical-earth-sciences,topic prefix: physics,100,100
physics-parameter-sensitivity-design,science-health-research,physical-earth-sciences,topic prefix: physics,100,100
physics-simulation-validation-plan,science-health-research,physical-earth-sciences,topic prefix: physics,100,100
physics-symbolic-numerical-cross-check,science-health-research,physical-earth-sciences,topic prefix: physics,100,100
pico-question-formulation,science-health-research,trials-research-methods,topic prefix: pico-question,100,100
pinn-collocation-residual-diagnostics,science-health-research,physical-earth-sciences,topic prefix: pinn-collocation,100,100
place-route-congestion-triage,creative-media-design,visual-graphic-design,topic prefix: place-route,100,100
planetscale-schema-recommendations-agent-loop,ai-agent-systems,tools-integrations,topic prefix: planetscale-schema,100,100
plotly-capability-surface-map,data-analytics,analytics-visualization,topic prefix: plotly,100,100
plotly-change-impact-assessment,data-analytics,analytics-visualization,topic prefix: plotly,100,100
plotly-failure-triage-record,data-analytics,analytics-visualization,topic prefix: plotly,100,100
plotly-input-output-contract,data-analytics,analytics-visualization,topic prefix: plotly,100,100
plotly-integration-parity-trace,data-analytics,analytics-visualization,topic prefix: plotly,100,100
plotly-performance-envelope,data-analytics,analytics-visualization,topic prefix: plotly,100,100
plotly-permission-boundary-review,data-analytics,analytics-visualization,topic prefix: plotly,100,100
plotly-release-handoff-record,data-analytics,analytics-visualization,topic prefix: plotly,100,100
plotly-reproducibility-fixture-plan,data-analytics,analytics-visualization,topic prefix: plotly,100,100
plotly-version-compatibility,data-analytics,analytics-visualization,topic prefix: plotly,100,100
podcast-generation-workflow,creative-media-design,audio-video,topic prefix: podcast,100,100
polars-capability-surface-map,data-analytics,data-engineering,topic prefix: polars,100,100
polars-change-impact-assessment,data-analytics,data-engineering,topic prefix: polars,100,100
polars-failure-triage-record,data-analytics,data-engineering,topic prefix: polars,100,100
polars-input-output-contract,data-analytics,data-engineering,topic prefix: polars,100,100
polars-integration-parity-trace,data-analytics,data-engineering,topic prefix: polars,100,100
polars-performance-envelope,data-analytics,data-engineering,topic prefix: polars,100,100
polars-permission-boundary-review,data-analytics,data-engineering,topic prefix: polars,100,100
polars-release-handoff-record,data-analytics,data-engineering,topic prefix: polars,100,100
polars-reproducibility-fixture-plan,data-analytics,data-engineering,topic prefix: polars,100,100
polars-version-compatibility,data-analytics,data-engineering,topic prefix: polars,100,100
policy-as-code-capability-surface-map,cloud-infrastructure-security,security-privacy,topic prefix: policy-as-code,100,100
policy-as-code-change-impact-assessment,cloud-infrastructure-security,security-privacy,topic prefix: policy-as-code,100,100
policy-as-code-failure-triage-record,cloud-infrastructure-security,security-privacy,topic prefix: policy-as-code,100,100
policy-as-code-input-output-contract,cloud-infrastructure-security,security-privacy,topic prefix: policy-as-code,100,100
policy-as-code-integration-parity-trace,cloud-infrastructure-security,security-privacy,topic prefix: policy-as-code,100,100
policy-as-code-performance-envelope,cloud-infrastructure-security,security-privacy,topic prefix: policy-as-code,100,100
policy-as-code-permission-boundary-review,cloud-infrastructure-security,security-privacy,topic prefix: policy-as-code,100,100
policy-as-code-release-handoff-record,cloud-infrastructure-security,security-privacy,topic prefix: policy-as-code,100,100
policy-as-code-reproducibility-fixture-plan,cloud-infrastructure-security,security-privacy,topic prefix: policy-as-code,100,100
policy-as-code-version-compatibility,cloud-infrastructure-security,security-privacy,topic prefix: policy-as-code,100,100
portfolio-exposure-and-risk-limit-audit,business-operations,product-growth,metadata keywords: portfolio-,5,5
post-layout-parasitic-impact-audit,engineering-industry,electronics-hardware,topic prefix: post-layout,100,100
pr-to-video,creative-media-design,audio-video,metadata keywords: video,5,5
premiere-audio-video-sync-review,creative-media-design,audio-video,topic prefix: premiere,100,100
premiere-color-correction-workflow,creative-media-design,audio-video,topic prefix: premiere,100,100
premiere-loudness-normalization,creative-media-design,audio-video,topic prefix: premiere,100,100
premiere-production-archive-restore-approval-evidence-packet,creative-media-design,audio-video,topic prefix: premiere,100,100
premiere-production-archive-restore-change-impact-trace,creative-media-design,audio-video,topic prefix: premiere,100,100
premiere-production-archive-restore-closeout-handoff-ledger,creative-media-design,audio-video,topic prefix: premiere,100,100
premiere-production-archive-restore-completeness-reconciliation,creative-media-design,audio-video,topic prefix: premiere,100,100
premiere-production-archive-restore-exception-triage-queue,creative-media-design,audio-video,topic prefix: premiere,100,100
premiere-production-archive-restore-recovery-readiness-drill,creative-media-design,audio-video,topic prefix: premiere,100,100
premiere-production-archive-restore-scenario-sensitivity-matrix,creative-media-design,audio-video,topic prefix: premiere,100,100
premiere-production-archive-restore-scope-intake-gate,creative-media-design,audio-video,topic prefix: premiere,100,100
premiere-production-archive-restore-source-provenance-ledger,creative-media-design,audio-video,topic prefix: premiere,100,100
premiere-production-archive-restore-threshold-rule-check,creative-media-design,audio-video,topic prefix: premiere,100,100
premiere-production-caption-package-approval-evidence-packet,creative-media-design,audio-video,topic prefix: premiere,100,100
premiere-production-caption-package-change-impact-trace,creative-media-design,audio-video,topic prefix: premiere,100,100
premiere-production-caption-package-closeout-handoff-ledger,creative-media-design,audio-video,topic prefix: premiere,100,100
premiere-production-caption-package-completeness-reconciliation,creative-media-design,audio-video,topic prefix: premiere,100,100
premiere-production-caption-package-exception-triage-queue,creative-media-design,audio-video,topic prefix: premiere,100,100
premiere-production-caption-package-recovery-readiness-drill,creative-media-design,audio-video,topic prefix: premiere,100,100
premiere-production-caption-package-scenario-sensitivity-matrix,creative-media-design,audio-video,topic prefix: premiere,100,100
premiere-production-caption-package-scope-intake-gate,creative-media-design,audio-video,topic prefix: premiere,100,100
premiere-production-caption-package-source-provenance-ledger,creative-media-design,audio-video,topic prefix: premiere,100,100
premiere-production-caption-package-threshold-rule-check,creative-media-design,audio-video,topic prefix: premiere,100,100
premiere-production-collaboration-state-approval-evidence-packet,creative-media-design,audio-video,topic prefix: premiere,100,100
premiere-production-collaboration-state-change-impact-trace,creative-media-design,audio-video,topic prefix: premiere,100,100
premiere-production-collaboration-state-closeout-handoff-ledger,creative-media-design,audio-video,topic prefix: premiere,100,100
premiere-production-collaboration-state-completeness-reconciliation,creative-media-design,audio-video,topic prefix: premiere,100,100
premiere-production-collaboration-state-exception-triage-queue,creative-media-design,audio-video,topic prefix: premiere,100,100
premiere-production-collaboration-state-recovery-readiness-drill,creative-media-design,audio-video,topic prefix: premiere,100,100
premiere-production-collaboration-state-scenario-sensitivity-matrix,creative-media-design,audio-video,topic prefix: premiere,100,100
premiere-production-collaboration-state-scope-intake-gate,creative-media-design,audio-video,topic prefix: premiere,100,100
premiere-production-collaboration-state-source-provenance-ledger,creative-media-design,audio-video,topic prefix: premiere,100,100
premiere-production-collaboration-state-threshold-rule-check,creative-media-design,audio-video,topic prefix: premiere,100,100
premiere-production-dynamic-link-approval-evidence-packet,creative-media-design,audio-video,topic prefix: premiere,100,100
premiere-production-dynamic-link-change-impact-trace,creative-media-design,audio-video,topic prefix: premiere,100,100
premiere-production-dynamic-link-closeout-handoff-ledger,creative-media-design,audio-video,topic prefix: premiere,100,100
premiere-production-dynamic-link-completeness-reconciliation,creative-media-design,audio-video,topic prefix: premiere,100,100
premiere-production-dynamic-link-exception-triage-queue,creative-media-design,audio-video,topic prefix: premiere,100,100
premiere-production-dynamic-link-recovery-readiness-drill,creative-media-design,audio-video,topic prefix: premiere,100,100
premiere-production-dynamic-link-scenario-sensitivity-matrix,creative-media-design,audio-video,topic prefix: premiere,100,100
premiere-production-dynamic-link-scope-intake-gate,creative-media-design,audio-video,topic prefix: premiere,100,100
premiere-production-dynamic-link-source-provenance-ledger,creative-media-design,audio-video,topic prefix: premiere,100,100
premiere-production-dynamic-link-threshold-rule-check,creative-media-design,audio-video,topic prefix: premiere,100,100
premiere-production-media-ingest-approval-evidence-packet,creative-media-design,audio-video,topic prefix: premiere,100,100
premiere-production-media-ingest-change-impact-trace,creative-media-design,audio-video,topic prefix: premiere,100,100
premiere-production-media-ingest-closeout-handoff-ledger,creative-media-design,audio-video,topic prefix: premiere,100,100
premiere-production-media-ingest-completeness-reconciliation,creative-media-design,audio-video,topic prefix: premiere,100,100
premiere-production-media-ingest-exception-triage-queue,creative-media-design,audio-video,topic prefix: premiere,100,100
premiere-production-media-ingest-recovery-readiness-drill,creative-media-design,audio-video,topic prefix: premiere,100,100
premiere-production-media-ingest-scenario-sensitivity-matrix,creative-media-design,audio-video,topic prefix: premiere,100,100
premiere-production-media-ingest-scope-intake-gate,creative-media-design,audio-video,topic prefix: premiere,100,100
premiere-production-media-ingest-source-provenance-ledger,creative-media-design,audio-video,topic prefix: premiere,100,100
premiere-production-media-ingest-threshold-rule-check,creative-media-design,audio-video,topic prefix: premiere,100,100
premiere-production-multicam-mapping-approval-evidence-packet,creative-media-design,audio-video,topic prefix: premiere,100,100
premiere-production-multicam-mapping-change-impact-trace,creative-media-design,audio-video,topic prefix: premiere,100,100
premiere-production-multicam-mapping-closeout-handoff-ledger,creative-media-design,audio-video,topic prefix: premiere,100,100
premiere-production-multicam-mapping-completeness-reconciliation,creative-media-design,audio-video,topic prefix: premiere,100,100
premiere-production-multicam-mapping-exception-triage-queue,creative-media-design,audio-video,topic prefix: premiere,100,100
premiere-production-multicam-mapping-recovery-readiness-drill,creative-media-design,audio-video,topic prefix: premiere,100,100
premiere-production-multicam-mapping-scenario-sensitivity-matrix,creative-media-design,audio-video,topic prefix: premiere,100,100
premiere-production-multicam-mapping-scope-intake-gate,creative-media-design,audio-video,topic prefix: premiere,100,100
premiere-production-multicam-mapping-source-provenance-ledger,creative-media-design,audio-video,topic prefix: premiere,100,100
premiere-production-multicam-mapping-threshold-rule-check,creative-media-design,audio-video,topic prefix: premiere,100,100
premiere-production-package-completeness-approval-evidence-packet,creative-media-design,audio-video,topic prefix: premiere,100,100
premiere-production-package-completeness-change-impact-trace,creative-media-design,audio-video,topic prefix: premiere,100,100
premiere-production-package-completeness-closeout-handoff-ledger,creative-media-design,audio-video,topic prefix: premiere,100,100
premiere-production-package-completeness-completeness-reconciliation,creative-media-design,audio-video,topic prefix: premiere,100,100
premiere-production-package-completeness-exception-triage-queue,creative-media-design,audio-video,topic prefix: premiere,100,100
premiere-production-package-completeness-recovery-readiness-drill,creative-media-design,audio-video,topic prefix: premiere,100,100
premiere-production-package-completeness-scenario-sensitivity-matrix,creative-media-design,audio-video,topic prefix: premiere,100,100
premiere-production-package-completeness-scope-intake-gate,creative-media-design,audio-video,topic prefix: premiere,100,100
premiere-production-package-completeness-source-provenance-ledger,creative-media-design,audio-video,topic prefix: premiere,100,100
premiere-production-package-completeness-threshold-rule-check,creative-media-design,audio-video,topic prefix: premiere,100,100
premiere-production-proxy-pairing-approval-evidence-packet,creative-media-design,audio-video,topic prefix: premiere,100,100
premiere-production-proxy-pairing-change-impact-trace,creative-media-design,audio-video,topic prefix: premiere,100,100
premiere-production-proxy-pairing-closeout-handoff-ledger,creative-media-design,audio-video,topic prefix: premiere,100,100
premiere-production-proxy-pairing-completeness-reconciliation,creative-media-design,audio-video,topic prefix: premiere,100,100
premiere-production-proxy-pairing-exception-triage-queue,creative-media-design,audio-video,topic prefix: premiere,100,100
premiere-production-proxy-pairing-recovery-readiness-drill,creative-media-design,audio-video,topic prefix: premiere,100,100
premiere-production-proxy-pairing-scenario-sensitivity-matrix,creative-media-design,audio-video,topic prefix: premiere,100,100
premiere-production-proxy-pairing-scope-intake-gate,creative-media-design,audio-video,topic prefix: premiere,100,100
premiere-production-proxy-pairing-source-provenance-ledger,creative-media-design,audio-video,topic prefix: premiere,100,100
premiere-production-proxy-pairing-threshold-rule-check,creative-media-design,audio-video,topic prefix: premiere,100,100
premiere-production-relink-recovery-approval-evidence-packet,creative-media-design,audio-video,topic prefix: premiere,100,100
premiere-production-relink-recovery-change-impact-trace,creative-media-design,audio-video,topic prefix: premiere,100,100
premiere-production-relink-recovery-closeout-handoff-ledger,creative-media-design,audio-video,topic prefix: premiere,100,100
premiere-production-relink-recovery-completeness-reconciliation,creative-media-design,audio-video,topic prefix: premiere,100,100
premiere-production-relink-recovery-exception-triage-queue,creative-media-design,audio-video,topic prefix: premiere,100,100
premiere-production-relink-recovery-recovery-readiness-drill,creative-media-design,audio-video,topic prefix: premiere,100,100
premiere-production-relink-recovery-scenario-sensitivity-matrix,creative-media-design,audio-video,topic prefix: premiere,100,100
premiere-production-relink-recovery-scope-intake-gate,creative-media-design,audio-video,topic prefix: premiere,100,100
premiere-production-relink-recovery-source-provenance-ledger,creative-media-design,audio-video,topic prefix: premiere,100,100
premiere-production-relink-recovery-threshold-rule-check,creative-media-design,audio-video,topic prefix: premiere,100,100
premiere-production-sequence-contract-approval-evidence-packet,creative-media-design,audio-video,topic prefix: premiere,100,100
premiere-production-sequence-contract-change-impact-trace,creative-media-design,audio-video,topic prefix: premiere,100,100
premiere-production-sequence-contract-closeout-handoff-ledger,creative-media-design,audio-video,topic prefix: premiere,100,100
premiere-production-sequence-contract-completeness-reconciliation,creative-media-design,audio-video,topic prefix: premiere,100,100
premiere-production-sequence-contract-exception-triage-queue,creative-media-design,audio-video,topic prefix: premiere,100,100
premiere-production-sequence-contract-recovery-readiness-drill,creative-media-design,audio-video,topic prefix: premiere,100,100
premiere-production-sequence-contract-scenario-sensitivity-matrix,creative-media-design,audio-video,topic prefix: premiere,100,100
premiere-production-sequence-contract-scope-intake-gate,creative-media-design,audio-video,topic prefix: premiere,100,100
premiere-production-sequence-contract-source-provenance-ledger,creative-media-design,audio-video,topic prefix: premiere,100,100
premiere-production-sequence-contract-threshold-rule-check,creative-media-design,audio-video,topic prefix: premiere,100,100
premiere-project-automation,creative-media-design,audio-video,topic prefix: premiere,100,100
preprint-surveillance,science-health-research,trials-research-methods,topic prefix: preprint-surveillance,100,100
preview-deployment-source-build-parity-check,software-development,architecture-devtools,topic prefix: preview-deployment-source,100,100
privacy-by-design-capability-surface-map,cloud-infrastructure-security,security-privacy,topic prefix: privacy,100,100
privacy-by-design-change-impact-assessment,cloud-infrastructure-security,security-privacy,topic prefix: privacy,100,100
privacy-by-design-failure-triage-record,cloud-infrastructure-security,security-privacy,topic prefix: privacy,100,100
privacy-by-design-input-output-contract,cloud-infrastructure-security,security-privacy,topic prefix: privacy,100,100
privacy-by-design-integration-parity-trace,cloud-infrastructure-security,security-privacy,topic prefix: privacy,100,100
privacy-by-design-performance-envelope,cloud-infrastructure-security,security-privacy,topic prefix: privacy,100,100
privacy-by-design-permission-boundary-review,cloud-infrastructure-security,security-privacy,topic prefix: privacy,100,100
privacy-by-design-release-handoff-record,cloud-infrastructure-security,security-privacy,topic prefix: privacy,100,100
privacy-by-design-reproducibility-fixture-plan,cloud-infrastructure-security,security-privacy,topic prefix: privacy,100,100
privacy-by-design-version-compatibility,cloud-infrastructure-security,security-privacy,topic prefix: privacy,100,100
privacy-mask-capability-surface-map,cloud-infrastructure-security,security-privacy,topic prefix: privacy,100,100
privacy-mask-change-impact-assessment,cloud-infrastructure-security,security-privacy,topic prefix: privacy,100,100
privacy-mask-failure-triage-record,cloud-infrastructure-security,security-privacy,topic prefix: privacy,100,100
privacy-mask-input-output-contract,cloud-infrastructure-security,security-privacy,topic prefix: privacy,100,100
privacy-mask-integration-parity-trace,cloud-infrastructure-security,security-privacy,topic prefix: privacy,100,100
privacy-mask-performance-envelope,cloud-infrastructure-security,security-privacy,topic prefix: privacy,100,100
privacy-mask-permission-boundary-review,cloud-infrastructure-security,security-privacy,topic prefix: privacy,100,100
privacy-mask-release-handoff-record,cloud-infrastructure-security,security-privacy,topic prefix: privacy,100,100
privacy-mask-reproducibility-fixture-plan,cloud-infrastructure-security,security-privacy,topic prefix: privacy,100,100
privacy-mask-version-compatibility,cloud-infrastructure-security,security-privacy,topic prefix: privacy,100,100
product-ops-discovery-approval-evidence-packet,business-operations,product-growth,topic prefix: product-ops,100,100
product-ops-discovery-change-impact-trace,business-operations,product-growth,topic prefix: product-ops,100,100
product-ops-discovery-closeout-handoff-ledger,business-operations,product-growth,topic prefix: product-ops,100,100
product-ops-discovery-completeness-reconciliation,business-operations,product-growth,topic prefix: product-ops,100,100
product-ops-discovery-exception-triage-queue,business-operations,product-growth,topic prefix: product-ops,100,100
product-ops-discovery-recovery-readiness-drill,business-operations,product-growth,topic prefix: product-ops,100,100
product-ops-discovery-scenario-sensitivity-matrix,business-operations,product-growth,topic prefix: product-ops,100,100
product-ops-discovery-scope-intake-gate,business-operations,product-growth,topic prefix: product-ops,100,100
product-ops-discovery-source-provenance-ledger,business-operations,product-growth,topic prefix: product-ops,100,100
product-ops-discovery-threshold-rule-check,business-operations,product-growth,topic prefix: product-ops,100,100
product-ops-experiments-approval-evidence-packet,business-operations,product-growth,topic prefix: product-ops,100,100
product-ops-experiments-change-impact-trace,business-operations,product-growth,topic prefix: product-ops,100,100
product-ops-experiments-closeout-handoff-ledger,business-operations,product-growth,topic prefix: product-ops,100,100
product-ops-experiments-completeness-reconciliation,business-operations,product-growth,topic prefix: product-ops,100,100
product-ops-experiments-exception-triage-queue,business-operations,product-growth,topic prefix: product-ops,100,100
product-ops-experiments-recovery-readiness-drill,business-operations,product-growth,topic prefix: product-ops,100,100
product-ops-experiments-scenario-sensitivity-matrix,business-operations,product-growth,topic prefix: product-ops,100,100
product-ops-experiments-scope-intake-gate,business-operations,product-growth,topic prefix: product-ops,100,100
product-ops-experiments-source-provenance-ledger,business-operations,product-growth,topic prefix: product-ops,100,100
product-ops-experiments-threshold-rule-check,business-operations,product-growth,topic prefix: product-ops,100,100
product-ops-feedback-approval-evidence-packet,business-operations,product-growth,topic prefix: product-ops,100,100
product-ops-feedback-change-impact-trace,business-operations,product-growth,topic prefix: product-ops,100,100
product-ops-feedback-closeout-handoff-ledger,business-operations,product-growth,topic prefix: product-ops,100,100
product-ops-feedback-completeness-reconciliation,business-operations,product-growth,topic prefix: product-ops,100,100
product-ops-feedback-exception-triage-queue,business-operations,product-growth,topic prefix: product-ops,100,100
product-ops-feedback-recovery-readiness-drill,business-operations,product-growth,topic prefix: product-ops,100,100
product-ops-feedback-scenario-sensitivity-matrix,business-operations,product-growth,topic prefix: product-ops,100,100
product-ops-feedback-scope-intake-gate,business-operations,product-growth,topic prefix: product-ops,100,100
product-ops-feedback-source-provenance-ledger,business-operations,product-growth,topic prefix: product-ops,100,100
product-ops-feedback-threshold-rule-check,business-operations,product-growth,topic prefix: product-ops,100,100
product-ops-platform-approval-evidence-packet,business-operations,product-growth,topic prefix: product-ops,100,100
product-ops-platform-change-impact-trace,business-operations,product-growth,topic prefix: product-ops,100,100
product-ops-platform-closeout-handoff-ledger,business-operations,product-growth,topic prefix: product-ops,100,100
product-ops-platform-completeness-reconciliation,business-operations,product-growth,topic prefix: product-ops,100,100
product-ops-platform-exception-triage-queue,business-operations,product-growth,topic prefix: product-ops,100,100
product-ops-platform-recovery-readiness-drill,business-operations,product-growth,topic prefix: product-ops,100,100
product-ops-platform-scenario-sensitivity-matrix,business-operations,product-growth,topic prefix: product-ops,100,100
product-ops-platform-scope-intake-gate,business-operations,product-growth,topic prefix: product-ops,100,100
product-ops-platform-source-provenance-ledger,business-operations,product-growth,topic prefix: product-ops,100,100
product-ops-platform-threshold-rule-check,business-operations,product-growth,topic prefix: product-ops,100,100
product-ops-pricing-approval-evidence-packet,business-operations,product-growth,topic prefix: product-ops,100,100
product-ops-pricing-change-impact-trace,business-operations,product-growth,topic prefix: product-ops,100,100
product-ops-pricing-closeout-handoff-ledger,business-operations,product-growth,topic prefix: product-ops,100,100
product-ops-pricing-completeness-reconciliation,business-operations,product-growth,topic prefix: product-ops,100,100
product-ops-pricing-exception-triage-queue,business-operations,product-growth,topic prefix: product-ops,100,100
product-ops-pricing-recovery-readiness-drill,business-operations,product-growth,topic prefix: product-ops,100,100
product-ops-pricing-scenario-sensitivity-matrix,business-operations,product-growth,topic prefix: product-ops,100,100
product-ops-pricing-scope-intake-gate,business-operations,product-growth,topic prefix: product-ops,100,100
product-ops-pricing-source-provenance-ledger,business-operations,product-growth,topic prefix: product-ops,100,100
product-ops-pricing-threshold-rule-check,business-operations,product-growth,topic prefix: product-ops,100,100
product-ops-release-approval-evidence-packet,business-operations,product-growth,topic prefix: product-ops,100,100
product-ops-release-change-impact-trace,business-operations,product-growth,topic prefix: product-ops,100,100
product-ops-release-closeout-handoff-ledger,business-operations,product-growth,topic prefix: product-ops,100,100
product-ops-release-completeness-reconciliation,business-operations,product-growth,topic prefix: product-ops,100,100
product-ops-release-exception-triage-queue,business-operations,product-growth,topic prefix: product-ops,100,100
product-ops-release-recovery-readiness-drill,business-operations,product-growth,topic prefix: product-ops,100,100
product-ops-release-scenario-sensitivity-matrix,business-operations,product-growth,topic prefix: product-ops,100,100
product-ops-release-scope-intake-gate,business-operations,product-growth,topic prefix: product-ops,100,100
product-ops-release-source-provenance-ledger,business-operations,product-growth,topic prefix: product-ops,100,100
product-ops-release-threshold-rule-check,business-operations,product-growth,topic prefix: product-ops,100,100
product-ops-requirements-approval-evidence-packet,business-operations,product-growth,topic prefix: product-ops,100,100
product-ops-requirements-change-impact-trace,business-operations,product-growth,topic prefix: product-ops,100,100
product-ops-requirements-closeout-handoff-ledger,business-operations,product-growth,topic prefix: product-ops,100,100
product-ops-requirements-completeness-reconciliation,business-operations,product-growth,topic prefix: product-ops,100,100
product-ops-requirements-exception-triage-queue,business-operations,product-growth,topic prefix: product-ops,100,100
product-ops-requirements-recovery-readiness-drill,business-operations,product-growth,topic prefix: product-ops,100,100
product-ops-requirements-scenario-sensitivity-matrix,business-operations,product-growth,topic prefix: product-ops,100,100
product-ops-requirements-scope-intake-gate,business-operations,product-growth,topic prefix: product-ops,100,100
product-ops-requirements-source-provenance-ledger,business-operations,product-growth,topic prefix: product-ops,100,100
product-ops-requirements-threshold-rule-check,business-operations,product-growth,topic prefix: product-ops,100,100
product-ops-roadmap-approval-evidence-packet,business-operations,product-growth,topic prefix: product-ops,100,100
product-ops-roadmap-change-impact-trace,business-operations,product-growth,topic prefix: product-ops,100,100
product-ops-roadmap-closeout-handoff-ledger,business-operations,product-growth,topic prefix: product-ops,100,100
product-ops-roadmap-completeness-reconciliation,business-operations,product-growth,topic prefix: product-ops,100,100
product-ops-roadmap-exception-triage-queue,business-operations,product-growth,topic prefix: product-ops,100,100
product-ops-roadmap-recovery-readiness-drill,business-operations,product-growth,topic prefix: product-ops,100,100
product-ops-roadmap-scenario-sensitivity-matrix,business-operations,product-growth,topic prefix: product-ops,100,100
product-ops-roadmap-scope-intake-gate,business-operations,product-growth,topic prefix: product-ops,100,100
product-ops-roadmap-source-provenance-ledger,business-operations,product-growth,topic prefix: product-ops,100,100
product-ops-roadmap-threshold-rule-check,business-operations,product-growth,topic prefix: product-ops,100,100
product-ops-sunset-approval-evidence-packet,business-operations,product-growth,topic prefix: product-ops,100,100
product-ops-sunset-change-impact-trace,business-operations,product-growth,topic prefix: product-ops,100,100
product-ops-sunset-closeout-handoff-ledger,business-operations,product-growth,topic prefix: product-ops,100,100
product-ops-sunset-completeness-reconciliation,business-operations,product-growth,topic prefix: product-ops,100,100
product-ops-sunset-exception-triage-queue,business-operations,product-growth,topic prefix: product-ops,100,100
product-ops-sunset-recovery-readiness-drill,business-operations,product-growth,topic prefix: product-ops,100,100
product-ops-sunset-scenario-sensitivity-matrix,business-operations,product-growth,topic prefix: product-ops,100,100
product-ops-sunset-scope-intake-gate,business-operations,product-growth,topic prefix: product-ops,100,100
product-ops-sunset-source-provenance-ledger,business-operations,product-growth,topic prefix: product-ops,100,100
product-ops-sunset-threshold-rule-check,business-operations,product-growth,topic prefix: product-ops,100,100
product-ops-telemetry-approval-evidence-packet,business-operations,product-growth,topic prefix: product-ops,100,100
product-ops-telemetry-change-impact-trace,business-operations,product-growth,topic prefix: product-ops,100,100
product-ops-telemetry-closeout-handoff-ledger,business-operations,product-growth,topic prefix: product-ops,100,100
product-ops-telemetry-completeness-reconciliation,business-operations,product-growth,topic prefix: product-ops,100,100
product-ops-telemetry-exception-triage-queue,business-operations,product-growth,topic prefix: product-ops,100,100
product-ops-telemetry-recovery-readiness-drill,business-operations,product-growth,topic prefix: product-ops,100,100
product-ops-telemetry-scenario-sensitivity-matrix,business-operations,product-growth,topic prefix: product-ops,100,100
product-ops-telemetry-scope-intake-gate,business-operations,product-growth,topic prefix: product-ops,100,100
product-ops-telemetry-source-provenance-ledger,business-operations,product-growth,topic prefix: product-ops,100,100
product-ops-telemetry-threshold-rule-check,business-operations,product-growth,topic prefix: product-ops,100,100
product-photography,creative-media-design,image-3d,topic prefix: product-photography,100,100
programming-language-development,software-development,languages-frameworks,"metadata keywords: language-, compiler-, runtime-",9,9
progress-ledger-acceptance-claim-closure-check,ai-agent-systems,evaluation-observability,topic prefix: progress-ledger,100,100
proteomics-quantification-review,science-health-research,life-sciences,topic prefix: proteomics,100,100
publication-bias-assessment,science-health-research,trials-research-methods,topic prefix: publication-bias,100,100
pull-request-test-failure-change-attribution,software-development,testing-quality-release,topic prefix: pull-request-test,100,100
pydantic-model-validation,software-development,languages-frameworks,metadata keywords: pydantic-,5,5
qaoa-problem-encoding-review,science-health-research,physical-earth-sciences,topic prefix: qaoa,100,100
qemu-kernel-lab-experiment-design,software-development,languages-frameworks,metadata keywords: qemu-,5,5
quantum-algorithm-exploration,science-health-research,physical-earth-sciences,topic prefix: quantum,100,100
quantum-algorithm-speedup-claim-review,science-health-research,physical-earth-sciences,topic prefix: quantum,100,100
quantum-amplitude-estimation-assumption-audit,science-health-research,physical-earth-sciences,topic prefix: quantum,100,100
quantum-circuit-initialization-and-reset-review,science-health-research,physical-earth-sciences,topic prefix: quantum,100,100
quantum-circuit-noise-benchmark-reproducibility,science-health-research,physical-earth-sciences,topic prefix: quantum,100,100
quantum-circuit-resource-estimation,science-health-research,physical-earth-sciences,topic prefix: quantum,100,100
quantum-circuit-unitary-equivalence-review,science-health-research,physical-earth-sciences,topic prefix: quantum,100,100
quantum-cryptographic-transition-risk-brief,science-health-research,physical-earth-sciences,topic prefix: quantum,100,100
quantum-device-calibration-drift-assessment,science-health-research,physical-earth-sciences,topic prefix: quantum,100,100
quantum-error-correction-distance-budget,science-health-research,physical-earth-sciences,topic prefix: quantum,100,100
quantum-error-mitigation-bias-review,science-health-research,physical-earth-sciences,topic prefix: quantum,100,100
quantum-gradient-estimator-variance-analysis,science-health-research,physical-earth-sciences,topic prefix: quantum,100,100
quantum-hamiltonian-simulation-error-budget,science-health-research,physical-earth-sciences,topic prefix: quantum,100,100
quantum-kernel-embedding-cost-audit,science-health-research,physical-earth-sciences,topic prefix: quantum,100,100
quantum-linear-systems-condition-number-review,science-health-research,physical-earth-sciences,topic prefix: quantum,100,100
quantum-logical-to-physical-mapping-review,science-health-research,physical-earth-sciences,topic prefix: quantum,100,100
quantum-measurement-basis-and-observable-audit,science-health-research,physical-earth-sciences,topic prefix: quantum,100,100
quantum-noise-model-sensitivity-analysis,science-health-research,physical-earth-sciences,topic prefix: quantum,100,100
quantum-pde-discretization-compatibility-review,science-health-research,physical-earth-sciences,topic prefix: quantum,100,100
quantum-phase-estimation-resource-review,science-health-research,physical-earth-sciences,topic prefix: quantum,100,100
quantum-readout-error-calibration-review,science-health-research,physical-earth-sciences,topic prefix: quantum,100,100
quantum-shot-budget-planning,science-health-research,physical-earth-sciences,topic prefix: quantum,100,100
quantum-simulator-backend-selection,science-health-research,physical-earth-sciences,topic prefix: quantum,100,100
quantum-simulator-memory-footprint-budget,science-health-research,physical-earth-sciences,topic prefix: quantum,100,100
quantum-state-preparation-resource-audit,science-health-research,physical-earth-sciences,topic prefix: quantum,100,100
quantum-syndrome-decoder-evaluation,science-health-research,physical-earth-sciences,topic prefix: quantum,100,100
quantum-transpilation-connectivity-audit,science-health-research,physical-earth-sciences,topic prefix: quantum,100,100
quantum-workflow-reproducibility-manifest,science-health-research,physical-earth-sciences,topic prefix: quantum,100,100
rag-retrieval-quality-evaluation,ai-agent-systems,prompts-context-memory,"metadata keywords: retrieval, rag-",10,10
randomized-trial-protocol-review,science-health-research,trials-research-methods,topic prefix: randomized,100,100
react-flow-custom-node-development,software-development,frontend,"metadata keywords: react-, react/",10,10
react-modernization-capability-surface-map,software-development,frontend,"metadata keywords: react-, react/, component-",12,10
react-modernization-change-impact-assessment,software-development,frontend,"metadata keywords: react-, react/, component-",12,10
react-modernization-failure-triage-record,software-development,frontend,"metadata keywords: react-, react/, component-",12,10
react-modernization-input-output-contract,software-development,frontend,"metadata keywords: react-, react/, component-",12,10
react-modernization-integration-parity-trace,software-development,frontend,"metadata keywords: react-, react/, component-",12,10
react-modernization-performance-envelope,software-development,frontend,"metadata keywords: react-, react/, component-",12,10
react-modernization-permission-boundary-review,software-development,frontend,"metadata keywords: react-, react/, component-",12,10
react-modernization-release-handoff-record,software-development,frontend,"metadata keywords: react-, react/, component-",12,10
react-modernization-reproducibility-fixture-plan,software-development,frontend,"metadata keywords: react-, react/, component-",12,10
react-modernization-version-compatibility,software-development,frontend,"metadata keywords: react-, react/, component-",12,10
react-native-architecture-capability-surface-map,software-development,frontend,topic prefix: react-native,100,100
react-native-architecture-change-impact-assessment,software-development,frontend,topic prefix: react-native,100,100
react-native-architecture-failure-triage-record,software-development,frontend,topic prefix: react-native,100,100
react-native-architecture-input-output-contract,software-development,frontend,topic prefix: react-native,100,100
react-native-architecture-integration-parity-trace,software-development,frontend,topic prefix: react-native,100,100
react-native-architecture-performance-envelope,software-development,frontend,topic prefix: react-native,100,100
react-native-architecture-permission-boundary-review,software-development,frontend,topic prefix: react-native,100,100
react-native-architecture-release-handoff-record,software-development,frontend,topic prefix: react-native,100,100
react-native-architecture-reproducibility-fixture-plan,software-development,frontend,topic prefix: react-native,100,100
react-native-architecture-version-compatibility,software-development,frontend,topic prefix: react-native,100,100
react-state-management-capability-surface-map,software-development,frontend,"metadata keywords: react-, react/, ui-",12,12
react-state-management-change-impact-assessment,software-development,frontend,"metadata keywords: react-, react/, ui-",12,12
react-state-management-failure-triage-record,software-development,frontend,"metadata keywords: react-, react/, ui-",12,12
react-state-management-input-output-contract,software-development,frontend,"metadata keywords: react-, react/, ui-",12,12
react-state-management-integration-parity-trace,software-development,frontend,"metadata keywords: react-, react/, ui-",12,12
react-state-management-performance-envelope,software-development,frontend,"metadata keywords: react-, react/, ui-",12,12
react-state-management-permission-boundary-review,software-development,frontend,"metadata keywords: react-, react/, ui-",12,12
react-state-management-release-handoff-record,software-development,frontend,"metadata keywords: react-, react/, ui-",12,12
react-state-management-reproducibility-fixture-plan,software-development,frontend,"metadata keywords: react-, react/, ui-",12,12
react-state-management-version-compatibility,software-development,frontend,"metadata keywords: react-, react/, ui-",12,12
react-ui-patterns-capability-surface-map,software-development,frontend,"metadata keywords: react-, react/, ui-",15,15
react-ui-patterns-change-impact-assessment,software-development,frontend,"metadata keywords: react-, react/, ui-",15,15
react-ui-patterns-failure-triage-record,software-development,frontend,"metadata keywords: react-, react/, ui-",15,15
react-ui-patterns-input-output-contract,software-development,frontend,"metadata keywords: react-, react/, ui-",15,15
react-ui-patterns-integration-parity-trace,software-development,frontend,"metadata keywords: react-, react/, ui-",15,15
react-ui-patterns-performance-envelope,software-development,frontend,"metadata keywords: react-, react/, ui-",15,15
react-ui-patterns-permission-boundary-review,software-development,frontend,"metadata keywords: react-, react/, ui-",15,15
react-ui-patterns-release-handoff-record,software-development,frontend,"metadata keywords: react-, react/, ui-",15,15
react-ui-patterns-reproducibility-fixture-plan,software-development,frontend,"metadata keywords: react-, react/, ui-",15,15
react-ui-patterns-version-compatibility,software-development,frontend,"metadata keywords: react-, react/, ui-",15,15
read-only-to-write-capability-escalation-review,ai-agent-systems,safety-governance,topic prefix: read-only-to-write,100,100
readme-command-instruction-replay-check,software-development,architecture-devtools,metadata keywords: readme-,5,5
real-world-evidence-study-design,science-health-research,trials-research-methods,metadata keywords: study-design,9,9
redirected-source-canonical-url-audit,ai-agent-systems,prompts-context-memory,topic prefix: redirected-source,100,100
reduced-motion-interaction-parity-test,creative-media-design,ux-interaction-design,topic prefix: reduced-motion,100,100
reference-integrity-audit,science-health-research,trials-research-methods,topic prefix: reference-integrity,100,100
regex-engine-development,software-development,languages-frameworks,topic prefix: regex-engine,100,100
release-candidate-evidence-bundle-hash-audit,software-development,testing-quality-release,metadata keywords: test-,2,2
release-note-bullet-to-change-set-trace,software-development,testing-quality-release,topic prefix: release-note,100,100
release-readiness-and-rollback,software-development,testing-quality-release,topic prefix: release-readiness,100,100
remote-mac-build-agent-isolation-review,cloud-infrastructure-security,security-privacy,topic prefix: remote-mac-build-agent,100,100
remote-sensing-satellite-workflow,data-analytics,spreadsheets-geospatial,topic prefix: remote-sensing,100,100
repo-native-test-command-discovery,software-development,testing-quality-release,topic prefix: repo-native-test,100,100
repository-catalog-link-target-smokecheck,software-development,architecture-devtools,"metadata keywords: repository-, documentation-",7,7
repository-claim-to-file-evidence-reconciliation,software-development,architecture-devtools,metadata keywords: repository-,5,5
repository-visible-surface-to-entrypoint-map,software-development,architecture-devtools,metadata keywords: repository-,5,5
requirement-row-to-test-identifier-coverage-audit,software-development,testing-quality-release,"metadata keywords: test-, coverage-",10,10
requirements-interview-and-specification,software-development,architecture-devtools,topic prefix: requirements-interview,100,100
research-gap-analysis,science-health-research,trials-research-methods,topic prefix: research-gap,100,100
research-protocol-registration,science-health-research,trials-research-methods,topic prefix: research-protocol,100,100
reset-domain-crossing-verification-plan,engineering-industry,electronics-hardware,metadata keywords: rtl-,2,2
responsive-image-crop-outlier-reproduction,creative-media-design,image-3d,metadata keywords: image-,5,5
responsive-overflow-breakpoint-localizer,software-development,frontend,metadata keywords: responsive-,5,5
resume-session-permission-revalidation,ai-agent-systems,safety-governance,topic prefix: resume-session-permission,100,100
retail-ops-catalog-approval-evidence-packet,business-operations,retail-hospitality,topic prefix: retail-ops,100,100
retail-ops-catalog-change-impact-trace,business-operations,retail-hospitality,topic prefix: retail-ops,100,100
retail-ops-catalog-closeout-handoff-ledger,business-operations,retail-hospitality,topic prefix: retail-ops,100,100
retail-ops-catalog-completeness-reconciliation,business-operations,retail-hospitality,topic prefix: retail-ops,100,100
retail-ops-catalog-exception-triage-queue,business-operations,retail-hospitality,topic prefix: retail-ops,100,100
retail-ops-catalog-recovery-readiness-drill,business-operations,retail-hospitality,topic prefix: retail-ops,100,100
retail-ops-catalog-scenario-sensitivity-matrix,business-operations,retail-hospitality,topic prefix: retail-ops,100,100
retail-ops-catalog-scope-intake-gate,business-operations,retail-hospitality,topic prefix: retail-ops,100,100
retail-ops-catalog-source-provenance-ledger,business-operations,retail-hospitality,topic prefix: retail-ops,100,100
retail-ops-catalog-threshold-rule-check,business-operations,retail-hospitality,topic prefix: retail-ops,100,100
retail-ops-fraud-review-approval-evidence-packet,business-operations,retail-hospitality,topic prefix: retail-ops,100,100
retail-ops-fraud-review-change-impact-trace,business-operations,retail-hospitality,topic prefix: retail-ops,100,100
retail-ops-fraud-review-closeout-handoff-ledger,business-operations,retail-hospitality,topic prefix: retail-ops,100,100
retail-ops-fraud-review-completeness-reconciliation,business-operations,retail-hospitality,topic prefix: retail-ops,100,100
retail-ops-fraud-review-exception-triage-queue,business-operations,retail-hospitality,topic prefix: retail-ops,100,100
retail-ops-fraud-review-recovery-readiness-drill,business-operations,retail-hospitality,topic prefix: retail-ops,100,100
retail-ops-fraud-review-scenario-sensitivity-matrix,business-operations,retail-hospitality,topic prefix: retail-ops,100,100
retail-ops-fraud-review-scope-intake-gate,business-operations,retail-hospitality,topic prefix: retail-ops,100,100
retail-ops-fraud-review-source-provenance-ledger,business-operations,retail-hospitality,topic prefix: retail-ops,100,100
retail-ops-fraud-review-threshold-rule-check,business-operations,retail-hospitality,topic prefix: retail-ops,100,100
retail-ops-fulfillment-approval-evidence-packet,business-operations,retail-hospitality,topic prefix: retail-ops,100,100
retail-ops-fulfillment-change-impact-trace,business-operations,retail-hospitality,topic prefix: retail-ops,100,100
retail-ops-fulfillment-closeout-handoff-ledger,business-operations,retail-hospitality,topic prefix: retail-ops,100,100
retail-ops-fulfillment-completeness-reconciliation,business-operations,retail-hospitality,topic prefix: retail-ops,100,100
retail-ops-fulfillment-exception-triage-queue,business-operations,retail-hospitality,topic prefix: retail-ops,100,100
retail-ops-fulfillment-recovery-readiness-drill,business-operations,retail-hospitality,topic prefix: retail-ops,100,100
retail-ops-fulfillment-scenario-sensitivity-matrix,business-operations,retail-hospitality,topic prefix: retail-ops,100,100
retail-ops-fulfillment-scope-intake-gate,business-operations,retail-hospitality,topic prefix: retail-ops,100,100
retail-ops-fulfillment-source-provenance-ledger,business-operations,retail-hospitality,topic prefix: retail-ops,100,100
retail-ops-fulfillment-threshold-rule-check,business-operations,retail-hospitality,topic prefix: retail-ops,100,100
retail-ops-inventory-approval-evidence-packet,business-operations,retail-hospitality,topic prefix: retail-ops,100,100
retail-ops-inventory-change-impact-trace,business-operations,retail-hospitality,topic prefix: retail-ops,100,100
retail-ops-inventory-closeout-handoff-ledger,business-operations,retail-hospitality,topic prefix: retail-ops,100,100
retail-ops-inventory-completeness-reconciliation,business-operations,retail-hospitality,topic prefix: retail-ops,100,100
retail-ops-inventory-exception-triage-queue,business-operations,retail-hospitality,topic prefix: retail-ops,100,100
retail-ops-inventory-recovery-readiness-drill,business-operations,retail-hospitality,topic prefix: retail-ops,100,100
retail-ops-inventory-scenario-sensitivity-matrix,business-operations,retail-hospitality,topic prefix: retail-ops,100,100
retail-ops-inventory-scope-intake-gate,business-operations,retail-hospitality,topic prefix: retail-ops,100,100
retail-ops-inventory-source-provenance-ledger,business-operations,retail-hospitality,topic prefix: retail-ops,100,100
retail-ops-inventory-threshold-rule-check,business-operations,retail-hospitality,topic prefix: retail-ops,100,100
retail-ops-loyalty-approval-evidence-packet,business-operations,retail-hospitality,topic prefix: retail-ops,100,100
retail-ops-loyalty-change-impact-trace,business-operations,retail-hospitality,topic prefix: retail-ops,100,100
retail-ops-loyalty-closeout-handoff-ledger,business-operations,retail-hospitality,topic prefix: retail-ops,100,100
retail-ops-loyalty-completeness-reconciliation,business-operations,retail-hospitality,topic prefix: retail-ops,100,100
retail-ops-loyalty-exception-triage-queue,business-operations,retail-hospitality,topic prefix: retail-ops,100,100
retail-ops-loyalty-recovery-readiness-drill,business-operations,retail-hospitality,topic prefix: retail-ops,100,100
retail-ops-loyalty-scenario-sensitivity-matrix,business-operations,retail-hospitality,topic prefix: retail-ops,100,100
retail-ops-loyalty-scope-intake-gate,business-operations,retail-hospitality,topic prefix: retail-ops,100,100
retail-ops-loyalty-source-provenance-ledger,business-operations,retail-hospitality,topic prefix: retail-ops,100,100
retail-ops-loyalty-threshold-rule-check,business-operations,retail-hospitality,topic prefix: retail-ops,100,100
retail-ops-marketplace-approval-evidence-packet,business-operations,retail-hospitality,topic prefix: retail-ops,100,100
retail-ops-marketplace-change-impact-trace,business-operations,retail-hospitality,topic prefix: retail-ops,100,100
retail-ops-marketplace-closeout-handoff-ledger,business-operations,retail-hospitality,topic prefix: retail-ops,100,100
retail-ops-marketplace-completeness-reconciliation,business-operations,retail-hospitality,topic prefix: retail-ops,100,100
retail-ops-marketplace-exception-triage-queue,business-operations,retail-hospitality,topic prefix: retail-ops,100,100
retail-ops-marketplace-recovery-readiness-drill,business-operations,retail-hospitality,topic prefix: retail-ops,100,100
retail-ops-marketplace-scenario-sensitivity-matrix,business-operations,retail-hospitality,topic prefix: retail-ops,100,100
retail-ops-marketplace-scope-intake-gate,business-operations,retail-hospitality,topic prefix: retail-ops,100,100
retail-ops-marketplace-source-provenance-ledger,business-operations,retail-hospitality,topic prefix: retail-ops,100,100
retail-ops-marketplace-threshold-rule-check,business-operations,retail-hospitality,topic prefix: retail-ops,100,100
retail-ops-merchandising-approval-evidence-packet,business-operations,retail-hospitality,topic prefix: retail-ops,100,100
retail-ops-merchandising-change-impact-trace,business-operations,retail-hospitality,topic prefix: retail-ops,100,100
retail-ops-merchandising-closeout-handoff-ledger,business-operations,retail-hospitality,topic prefix: retail-ops,100,100
retail-ops-merchandising-completeness-reconciliation,business-operations,retail-hospitality,topic prefix: retail-ops,100,100
retail-ops-merchandising-exception-triage-queue,business-operations,retail-hospitality,topic prefix: retail-ops,100,100
retail-ops-merchandising-recovery-readiness-drill,business-operations,retail-hospitality,topic prefix: retail-ops,100,100
retail-ops-merchandising-scenario-sensitivity-matrix,business-operations,retail-hospitality,topic prefix: retail-ops,100,100
retail-ops-merchandising-scope-intake-gate,business-operations,retail-hospitality,topic prefix: retail-ops,100,100
retail-ops-merchandising-source-provenance-ledger,business-operations,retail-hospitality,topic prefix: retail-ops,100,100
retail-ops-merchandising-threshold-rule-check,business-operations,retail-hospitality,topic prefix: retail-ops,100,100
retail-ops-pricing-approval-evidence-packet,business-operations,retail-hospitality,topic prefix: retail-ops,100,100
retail-ops-pricing-change-impact-trace,business-operations,retail-hospitality,topic prefix: retail-ops,100,100
retail-ops-pricing-closeout-handoff-ledger,business-operations,retail-hospitality,topic prefix: retail-ops,100,100
retail-ops-pricing-completeness-reconciliation,business-operations,retail-hospitality,topic prefix: retail-ops,100,100
retail-ops-pricing-exception-triage-queue,business-operations,retail-hospitality,topic prefix: retail-ops,100,100
retail-ops-pricing-recovery-readiness-drill,business-operations,retail-hospitality,topic prefix: retail-ops,100,100
retail-ops-pricing-scenario-sensitivity-matrix,business-operations,retail-hospitality,topic prefix: retail-ops,100,100
retail-ops-pricing-scope-intake-gate,business-operations,retail-hospitality,topic prefix: retail-ops,100,100
retail-ops-pricing-source-provenance-ledger,business-operations,retail-hospitality,topic prefix: retail-ops,100,100
retail-ops-pricing-threshold-rule-check,business-operations,retail-hospitality,topic prefix: retail-ops,100,100
retail-ops-returns-approval-evidence-packet,business-operations,retail-hospitality,topic prefix: retail-ops,100,100
retail-ops-returns-change-impact-trace,business-operations,retail-hospitality,topic prefix: retail-ops,100,100
retail-ops-returns-closeout-handoff-ledger,business-operations,retail-hospitality,topic prefix: retail-ops,100,100
retail-ops-returns-completeness-reconciliation,business-operations,retail-hospitality,topic prefix: retail-ops,100,100
retail-ops-returns-exception-triage-queue,business-operations,retail-hospitality,topic prefix: retail-ops,100,100
retail-ops-returns-recovery-readiness-drill,business-operations,retail-hospitality,topic prefix: retail-ops,100,100
retail-ops-returns-scenario-sensitivity-matrix,business-operations,retail-hospitality,topic prefix: retail-ops,100,100
retail-ops-returns-scope-intake-gate,business-operations,retail-hospitality,topic prefix: retail-ops,100,100
retail-ops-returns-source-provenance-ledger,business-operations,retail-hospitality,topic prefix: retail-ops,100,100
retail-ops-returns-threshold-rule-check,business-operations,retail-hospitality,topic prefix: retail-ops,100,100
retail-ops-store-ops-approval-evidence-packet,business-operations,retail-hospitality,topic prefix: retail-ops,100,100
retail-ops-store-ops-change-impact-trace,business-operations,retail-hospitality,topic prefix: retail-ops,100,100
retail-ops-store-ops-closeout-handoff-ledger,business-operations,retail-hospitality,topic prefix: retail-ops,100,100
retail-ops-store-ops-completeness-reconciliation,business-operations,retail-hospitality,topic prefix: retail-ops,100,100
retail-ops-store-ops-exception-triage-queue,business-operations,retail-hospitality,topic prefix: retail-ops,100,100
retail-ops-store-ops-recovery-readiness-drill,business-operations,retail-hospitality,topic prefix: retail-ops,100,100
retail-ops-store-ops-scenario-sensitivity-matrix,business-operations,retail-hospitality,topic prefix: retail-ops,100,100
retail-ops-store-ops-scope-intake-gate,business-operations,retail-hospitality,topic prefix: retail-ops,100,100
retail-ops-store-ops-source-provenance-ledger,business-operations,retail-hospitality,topic prefix: retail-ops,100,100
retail-ops-store-ops-threshold-rule-check,business-operations,retail-hospitality,topic prefix: retail-ops,100,100
riscv-linux-board-bringup-plan,cloud-infrastructure-security,devops-reliability,metadata keywords: linux-,5,5
risk-of-bias-assessment,creative-media-design,writing-publishing,topic prefix: risk-of-bias,100,100
rna-seq-differential-expression-review,science-health-research,life-sciences,topic prefix: rna-seq,100,100
robotics-simulation-scenario-design,engineering-industry,robotics-controls,topic prefix: robotics,100,100
robotics-telemetry-analysis,engineering-industry,robotics-controls,topic prefix: robotics,100,100
rtl-lint-triage,engineering-industry,electronics-hardware,metadata keywords: rtl-,5,5
rtsp-stream-quality-diagnosis,creative-media-design,audio-video,topic prefix: rtsp-stream,100,100
runbook-mock-state-procedure-rehearsal,cloud-infrastructure-security,devops-reliability,topic prefix: runbook,100,100
runtime-log-error-burst-deduplicator,cloud-infrastructure-security,devops-reliability,topic prefix: runtime-log,100,100
rust-agentic-development-workflow,software-development,languages-frameworks,metadata keywords: rust-,5,5
rust-performance-profiling,software-development,languages-frameworks,metadata keywords: rust-,5,3
rust-unsafe-ffi-safety-review,software-development,languages-frameworks,metadata keywords: rust-,5,5
safe-output-count-and-target-policy-check,ai-agent-systems,safety-governance,topic prefix: safe-output,100,100
sales-enablement-capability-surface-map,business-operations,marketing-sales,topic prefix: sales-enablement,100,100
sales-enablement-change-impact-assessment,business-operations,marketing-sales,topic prefix: sales-enablement,100,100
sales-enablement-failure-triage-record,business-operations,marketing-sales,topic prefix: sales-enablement,100,100
sales-enablement-input-output-contract,business-operations,marketing-sales,topic prefix: sales-enablement,100,100
sales-enablement-integration-parity-trace,business-operations,marketing-sales,topic prefix: sales-enablement,100,100
sales-enablement-performance-envelope,business-operations,marketing-sales,topic prefix: sales-enablement,100,100
sales-enablement-permission-boundary-review,business-operations,marketing-sales,topic prefix: sales-enablement,100,100
sales-enablement-release-handoff-record,business-operations,marketing-sales,topic prefix: sales-enablement,100,100
sales-enablement-reproducibility-fixture-plan,business-operations,marketing-sales,topic prefix: sales-enablement,100,100
sales-enablement-version-compatibility,business-operations,marketing-sales,topic prefix: sales-enablement,100,100
same-error-fingerprint-stop-rule-enforcer,ai-agent-systems,evaluation-observability,topic prefix: same-error-fingerprint,100,100
sample-size-power-planning,science-health-research,statistics-evidence,topic prefix: sample-size,100,100
satellite-cloud-mask-review,cloud-infrastructure-security,cloud-platforms,metadata keywords: cloud-,5,5
scan-test-dft-architecture-planning,engineering-industry,electronics-hardware,metadata keywords: dft-,5,5
scheduled-agent-noop-threshold-review,ai-agent-systems,evaluation-observability,topic prefix: scheduled-agent,100,100
schema-change-consumer-impact-walkthrough,data-analytics,data-quality-governance,topic prefix: schema-change,100,100
science-ml-reproducibility,science-health-research,trials-research-methods,topic prefix: science-ml,100,100
scientific-dataset-discovery,science-health-research,trials-research-methods,topic prefix: scientific-dataset,100,100
scientific-environment-locking,science-health-research,trials-research-methods,topic prefix: scientific-environment,100,100
scientific-literature-review,science-health-research,trials-research-methods,metadata keywords: literature-review,9,9
scientific-result-reproducibility-audit,science-health-research,trials-research-methods,topic prefix: scientific-result,100,100
scientific-statistical-analysis,science-health-research,statistics-evidence,metadata keywords: statistical,5,5
scientific-time-series-analysis,science-health-research,trials-research-methods,topic prefix: scientific-time-series,100,100
scientific-visualization-quality-review,science-health-research,statistics-evidence,topic prefix: scientific-visualization,100,100
scientific-writing-capability-surface-map,science-health-research,trials-research-methods,topic prefix: scientific-writing,100,100
scientific-writing-change-impact-assessment,science-health-research,trials-research-methods,topic prefix: scientific-writing,100,100
scientific-writing-failure-triage-record,science-health-research,trials-research-methods,topic prefix: scientific-writing,100,100
scientific-writing-input-output-contract,science-health-research,trials-research-methods,topic prefix: scientific-writing,100,100
scientific-writing-integration-parity-trace,science-health-research,trials-research-methods,topic prefix: scientific-writing,100,100
scientific-writing-performance-envelope,science-health-research,trials-research-methods,topic prefix: scientific-writing,100,100
scientific-writing-permission-boundary-review,science-health-research,trials-research-methods,topic prefix: scientific-writing,100,100
scientific-writing-release-handoff-record,science-health-research,trials-research-methods,topic prefix: scientific-writing,100,100
scientific-writing-reproducibility-fixture-plan,science-health-research,trials-research-methods,topic prefix: scientific-writing,100,100
scientific-writing-version-compatibility,science-health-research,trials-research-methods,topic prefix: scientific-writing,100,100
screenshot-diff-region-to-dom-trace,creative-media-design,ux-interaction-design,topic prefix: screenshot-diff,100,100
search-engine-development,software-development,backend-apis,topic prefix: search-engine-development,100,100
security-account-takeover-containment-review,cloud-infrastructure-security,security-privacy,topic prefix: security,100,100
security-active-passive-assessment-boundary,cloud-infrastructure-security,security-privacy,topic prefix: security,100,100
security-assessment-privacy-impact-screen,cloud-infrastructure-security,security-privacy,topic prefix: security,100,100
security-assessment-report-audience-detail-control,cloud-infrastructure-security,security-privacy,topic prefix: security,100,100
security-assessment-scope-authorization-register,cloud-infrastructure-security,security-privacy,topic prefix: security,100,100
security-asvs-versioned-requirement-mapping,cloud-infrastructure-security,security-privacy,topic prefix: security,100,100
security-authentication-policy-drift-audit,cloud-infrastructure-security,security-privacy,topic prefix: security,100,100
security-backup-restore-integrity-exercise,cloud-infrastructure-security,security-privacy,topic prefix: security,100,100
security-clock-sync-for-incident-correlation,cloud-infrastructure-security,security-privacy,topic prefix: security,100,100
security-cloud-audit-event-timeline,cloud-infrastructure-security,security-privacy,topic prefix: security,100,100
security-cloud-audit-log-coverage-mapping,cloud-infrastructure-security,security-privacy,topic prefix: security,100,100
security-cloud-resource-quarantine-review,cloud-infrastructure-security,security-privacy,topic prefix: security,100,100
security-control-test-sampling-plan,cloud-infrastructure-security,security-privacy,topic prefix: security,100,100
security-data-exposure-scope-estimation,cloud-infrastructure-security,security-privacy,topic prefix: security,100,100
security-detection-coverage-gap-to-test-case,cloud-infrastructure-security,security-privacy,topic prefix: security,100,100
security-detection-rule-evidence-and-noise-review,cloud-infrastructure-security,security-privacy,topic prefix: security,100,100
security-dns-change-ownership-and-risk-review,cloud-infrastructure-security,security-privacy,topic prefix: security,100,100
security-egress-exception-expiration-audit,cloud-infrastructure-security,security-privacy,topic prefix: security,100,100
security-email-phishing-report-triage,cloud-infrastructure-security,security-privacy,topic prefix: security,100,100
security-emergency-stop-and-escalation-drill,cloud-infrastructure-security,security-privacy,topic prefix: security,100,100
security-endpoint-isolation-approval-gate,cloud-infrastructure-security,security-privacy,topic prefix: security,100,100
security-event-timezone-normalization,cloud-infrastructure-security,security-privacy,topic prefix: security,100,100
security-evidence-custody-register,cloud-infrastructure-security,security-privacy,topic prefix: security,100,100
security-evidence-hash-integrity-check,cloud-infrastructure-security,security-privacy,topic prefix: security,100,100
security-evidence-lifecycle-governance,cloud-infrastructure-security,security-privacy,topic prefix: security,100,100
security-finding-disclosure-routing,cloud-infrastructure-security,security-privacy,topic prefix: security,100,100
security-firewall-rule-change-justification-review,cloud-infrastructure-security,security-privacy,topic prefix: security,100,100
security-fix-regression-test-quality-gate,cloud-infrastructure-security,security-privacy,topic prefix: security,100,100
security-forensic-collection-authorization-gate,cloud-infrastructure-security,security-privacy,topic prefix: security,100,100
security-hardening-baseline-deviation-triage,cloud-infrastructure-security,security-privacy,topic prefix: security,100,100
security-identity-anomaly-investigation,cloud-infrastructure-security,security-privacy,topic prefix: security,100,100
security-incident-alert-triage,cloud-infrastructure-security,security-privacy,topic prefix: security,100,100
security-incident-decision-log-and-timeline,cloud-infrastructure-security,security-privacy,topic prefix: security,100,100
security-incident-role-and-authority-matrix,cloud-infrastructure-security,security-privacy,topic prefix: security,100,100
security-incident-severity-priority-calibration,cloud-infrastructure-security,security-privacy,topic prefix: security,100,100
security-incident-status-brief,cloud-infrastructure-security,security-privacy,topic prefix: security,100,100
security-legal-privacy-notification-handoff,cloud-infrastructure-security,security-privacy,topic prefix: security,100,100
security-log-source-integrity-preservation,cloud-infrastructure-security,security-privacy,topic prefix: security,100,100
security-malware-alert-triage-no-execution,cloud-infrastructure-security,security-privacy,topic prefix: security,100,100
security-mfa-coverage-and-exception-review,cloud-infrastructure-security,security-privacy,topic prefix: security,100,100
security-network-flow-evidence-correlation,cloud-infrastructure-security,security-privacy,topic prefix: security,100,100
security-network-segmentation-test-evidence-review,cloud-infrastructure-security,security-privacy,topic prefix: security,100,100
security-post-incident-lessons-and-improvement-tracking,cloud-infrastructure-security,security-privacy,topic prefix: security,100,100
security-privileged-access-periodic-review,cloud-infrastructure-security,security-privacy,topic prefix: security,100,100
security-privileged-account-containment-review,cloud-infrastructure-security,security-privacy,topic prefix: security,100,100
security-production-probing-impact-budget,cloud-infrastructure-security,security-privacy,topic prefix: security,100,100
security-ransomware-restore-readiness-tabletop,cloud-infrastructure-security,security-privacy,topic prefix: security,100,100
security-recovery-and-residual-access-validation,cloud-infrastructure-security,security-privacy,topic prefix: security,100,100
security-remediation-diff-scope-review,cloud-infrastructure-security,security-privacy,topic prefix: security,100,100
security-rules-of-engagement-matrix,cloud-infrastructure-security,security-privacy,topic prefix: security,100,100
security-sandbox-equivalence-and-isolation-review,cloud-infrastructure-security,security-privacy,topic prefix: security,100,100
security-scan-rate-and-concurrency-plan,cloud-infrastructure-security,security-privacy,topic prefix: security,100,100
security-scope-expiry-and-renewal-check,cloud-infrastructure-security,security-privacy,topic prefix: security,100,100
security-secret-exposure-response-and-revocation,cloud-infrastructure-security,security-privacy,topic prefix: security,100,100
security-service-account-owner-and-expiry-audit,cloud-infrastructure-security,security-privacy,topic prefix: security,100,100
security-ssdf-practice-evidence-map,cloud-infrastructure-security,security-privacy,topic prefix: security,100,100
security-synthetic-identity-test-account-plan,cloud-infrastructure-security,security-privacy,topic prefix: security,100,100
security-target-ownership-verification,cloud-infrastructure-security,security-privacy,topic prefix: security,100,100
security-target-resolution-drift-guard,cloud-infrastructure-security,security-privacy,topic prefix: security,100,100
security-test-artifact-cleanup-verification,cloud-infrastructure-security,security-privacy,topic prefix: security,100,100
security-test-backout-and-service-recovery-plan,cloud-infrastructure-security,security-privacy,topic prefix: security,100,100
security-test-credential-lifecycle-review,cloud-infrastructure-security,security-privacy,topic prefix: security,100,100
security-test-observability-owner-notice,cloud-infrastructure-security,security-privacy,topic prefix: security,100,100
security-test-tool-provenance-and-version-review,cloud-infrastructure-security,security-privacy,topic prefix: security,100,100
security-test-window-and-change-freeze-coordination,cloud-infrastructure-security,security-privacy,topic prefix: security,100,100
security-third-party-incident-intake-review,cloud-infrastructure-security,security-privacy,topic prefix: security,100,100
security-third-party-service-dependency-map,cloud-infrastructure-security,security-privacy,topic prefix: security,100,100
security-third-party-test-consent-review,cloud-infrastructure-security,security-privacy,topic prefix: security,100,100
security-threat-model-change-trigger-review,cloud-infrastructure-security,security-privacy,topic prefix: security,100,100
security-tls-certificate-expiry-readiness,cloud-infrastructure-security,security-privacy,topic prefix: security,100,100
security-tls-configuration-versioned-assessment,cloud-infrastructure-security,security-privacy,topic prefix: security,100,100
semiconductor-chip-design-verification,engineering-industry,electronics-hardware,topic prefix: semiconductor,100,100
semiconductor-equipment-data-quality,engineering-industry,electronics-hardware,topic prefix: semiconductor,100,100
semiconductor-knowledge-graph-ontology-design,engineering-industry,electronics-hardware,topic prefix: semiconductor,100,100
semiconductor-process-control-monitoring,engineering-industry,electronics-hardware,topic prefix: semiconductor,100,100
semiconductor-wafer-yield-analysis,engineering-industry,electronics-hardware,topic prefix: semiconductor,100,100
sensitivity-analysis-planning,science-health-research,statistics-evidence,topic prefix: sensitivity-analysis,100,100
sensor-stream-clock-alignment-audit,engineering-industry,electronics-hardware,topic prefix: sensor,100,100
seo-audit,business-operations,marketing-sales,metadata keywords: seo-,5,5
seo-hreflang-capability-surface-map,business-operations,marketing-sales,metadata keywords: seo-,5,5
seo-hreflang-change-impact-assessment,business-operations,marketing-sales,metadata keywords: seo-,5,5
seo-hreflang-failure-triage-record,business-operations,marketing-sales,metadata keywords: seo-,5,5
seo-hreflang-input-output-contract,business-operations,marketing-sales,metadata keywords: seo-,5,5
seo-hreflang-integration-parity-trace,business-operations,marketing-sales,metadata keywords: seo-,5,5
seo-hreflang-performance-envelope,business-operations,marketing-sales,metadata keywords: seo-,5,5
seo-hreflang-permission-boundary-review,business-operations,marketing-sales,metadata keywords: seo-,5,5
seo-hreflang-release-handoff-record,business-operations,marketing-sales,metadata keywords: seo-,5,5
seo-hreflang-reproducibility-fixture-plan,business-operations,marketing-sales,metadata keywords: seo-,5,5
seo-hreflang-version-compatibility,business-operations,marketing-sales,metadata keywords: seo-,5,5
seo-images-capability-surface-map,business-operations,marketing-sales,metadata keywords: seo-,5,2
seo-images-change-impact-assessment,business-operations,marketing-sales,metadata keywords: seo-,5,2
seo-images-failure-triage-record,business-operations,marketing-sales,metadata keywords: seo-,5,2
seo-images-input-output-contract,business-operations,marketing-sales,metadata keywords: seo-,5,2
seo-images-integration-parity-trace,business-operations,marketing-sales,metadata keywords: seo-,5,2
seo-images-performance-envelope,business-operations,marketing-sales,metadata keywords: seo-,5,2
seo-images-permission-boundary-review,business-operations,marketing-sales,metadata keywords: seo-,5,2
seo-images-release-handoff-record,business-operations,marketing-sales,metadata keywords: seo-,5,2
seo-images-reproducibility-fixture-plan,business-operations,marketing-sales,metadata keywords: seo-,5,2
seo-images-version-compatibility,business-operations,marketing-sales,metadata keywords: seo-,5,2
seo-programmatic-capability-surface-map,business-operations,marketing-sales,metadata keywords: seo-,5,5
seo-programmatic-change-impact-assessment,business-operations,marketing-sales,metadata keywords: seo-,5,5
seo-programmatic-failure-triage-record,business-operations,marketing-sales,metadata keywords: seo-,5,5
seo-programmatic-input-output-contract,business-operations,marketing-sales,metadata keywords: seo-,5,5
seo-programmatic-integration-parity-trace,business-operations,marketing-sales,metadata keywords: seo-,5,5
seo-programmatic-performance-envelope,business-operations,marketing-sales,metadata keywords: seo-,5,5
seo-programmatic-permission-boundary-review,business-operations,marketing-sales,metadata keywords: seo-,5,5
seo-programmatic-release-handoff-record,business-operations,marketing-sales,metadata keywords: seo-,5,5
seo-programmatic-reproducibility-fixture-plan,business-operations,marketing-sales,metadata keywords: seo-,5,5
seo-programmatic-version-compatibility,business-operations,marketing-sales,metadata keywords: seo-,5,5
shared-agent-memory-acl-boundary-review,ai-agent-systems,prompts-context-memory,topic prefix: shared-agent-memory,100,100
shell-development,software-development,languages-frameworks,topic prefix: shell-development,100,100
side-effect-idempotency-key-replay-proof,ai-agent-systems,safety-governance,topic prefix: side-effect,100,100
silicon-bringup-test-planning,engineering-industry,electronics-hardware,topic prefix: silicon,100,100
sim-to-real-gap-analysis,engineering-industry,robotics-controls,topic prefix: sim-to-real,100,100
single-cell-cluster-annotation-review,science-health-research,life-sciences,topic prefix: single-cell,100,100
single-cell-rna-analysis,science-health-research,life-sciences,topic prefix: single-cell,100,100
skeleton-to-content-layout-shift-capture,software-development,frontend,metadata keywords: layout-shift,9,9
skill-authoring-and-maintenance,ai-agent-systems,agent-architecture-orchestration,topic prefix: skill-authoring,100,100
skill-change-to-evaluation-impact-map,ai-agent-systems,evaluation-observability,topic prefix: skill-change-to-evaluation,100,100
skill-discovery-and-supply-chain-review,ai-agent-systems,tools-integrations,topic prefix: skill-discovery,100,100
skill-frontmatter-host-parser-compatibility-check,ai-agent-systems,tools-integrations,topic prefix: skill-frontmatter,100,100
skill-tool-capability-fallback-routing-test,ai-agent-systems,tools-integrations,topic prefix: skill-tool-capability,100,100
skill-trigger-confusable-pair-test,ai-agent-systems,evaluation-observability,topic prefix: skill-trigger,100,100
skill-workflow-exit-evidence-contract-test,ai-agent-systems,evaluation-observability,topic prefix: skill-workflow-exit,100,100
snowflake-development-capability-surface-map,data-analytics,databases-storage,topic prefix: snowflake,100,100
snowflake-development-change-impact-assessment,data-analytics,databases-storage,topic prefix: snowflake,100,100
snowflake-development-failure-triage-record,data-analytics,databases-storage,topic prefix: snowflake,100,100
snowflake-development-input-output-contract,data-analytics,databases-storage,topic prefix: snowflake,100,100
snowflake-development-integration-parity-trace,data-analytics,databases-storage,topic prefix: snowflake,100,100
snowflake-development-performance-envelope,data-analytics,databases-storage,topic prefix: snowflake,100,100
snowflake-development-permission-boundary-review,data-analytics,databases-storage,topic prefix: snowflake,100,100
snowflake-development-release-handoff-record,data-analytics,databases-storage,topic prefix: snowflake,100,100
snowflake-development-reproducibility-fixture-plan,data-analytics,databases-storage,topic prefix: snowflake,100,100
snowflake-development-version-compatibility,data-analytics,databases-storage,topic prefix: snowflake,100,100
soc-memory-map-contract-review,software-development,languages-frameworks,topic prefix: soc-memory-map,100,100
source-grounded-research,ai-agent-systems,prompts-context-memory,topic prefix: source-grounded,100,100
spacecraft-antenna-coverage-review,engineering-industry,electronics-hardware,topic prefix: spacecraft,100,100
spacecraft-assembly-integration-test-readiness,engineering-industry,electronics-hardware,topic prefix: spacecraft,100,100
spacecraft-attitude-sensor-selection,engineering-industry,electronics-hardware,topic prefix: spacecraft,100,100
spacecraft-commissioning-sequence-design,engineering-industry,electronics-hardware,topic prefix: spacecraft,100,100
spacecraft-data-rate-and-storage-budget,engineering-industry,electronics-hardware,topic prefix: spacecraft,100,100
spacecraft-delta-v-reserve-accounting,engineering-industry,electronics-hardware,topic prefix: spacecraft,100,100
spacecraft-eclipse-energy-budget-review,engineering-industry,electronics-hardware,topic prefix: spacecraft,100,100
spacecraft-end-of-life-passivation-review,engineering-industry,electronics-hardware,topic prefix: spacecraft,100,100
spacecraft-fault-detection-isolation-recovery-review,engineering-industry,electronics-hardware,topic prefix: spacecraft,100,100
spacecraft-ground-pass-scheduling,engineering-industry,electronics-hardware,topic prefix: spacecraft,100,100
spacecraft-launch-load-envelope-review,engineering-industry,electronics-hardware,topic prefix: spacecraft,100,100
spacecraft-mass-budget-margin-audit,engineering-industry,electronics-hardware,topic prefix: spacecraft,100,100
spacecraft-radiation-dose-screening,engineering-industry,electronics-hardware,topic prefix: spacecraft,100,100
spacecraft-rf-link-margin-review,engineering-industry,electronics-hardware,topic prefix: spacecraft,100,100
spacecraft-single-event-effects-review,engineering-industry,electronics-hardware,topic prefix: spacecraft,100,100
spacecraft-structural-load-case-traceability,engineering-industry,electronics-hardware,topic prefix: spacecraft,100,100
spacecraft-thermal-coating-sensitivity-review,engineering-industry,electronics-hardware,topic prefix: spacecraft,100,100
spacecraft-thermal-vacuum-test-matrix,engineering-industry,electronics-hardware,topic prefix: spacecraft,100,100
spacecraft-wheel-desaturation-assessment,engineering-industry,electronics-hardware,topic prefix: spacecraft,100,100
species-distribution-model-validation,science-health-research,life-sciences,topic prefix: species-distribution,100,100
species-occurrence-data-harmonization,science-health-research,life-sciences,topic prefix: species-occurrence,100,100
spice-circuit-simulation,engineering-industry,electronics-hardware,"metadata keywords: circuit, spice-",10,10
spline-3d-integration-capability-surface-map,software-development,frontend,"metadata keywords: spline-, accessibility",7,5
spline-3d-integration-change-impact-assessment,software-development,frontend,"metadata keywords: spline-, accessibility",7,5
spline-3d-integration-failure-triage-record,software-development,frontend,"metadata keywords: spline-, accessibility",7,5
spline-3d-integration-input-output-contract,software-development,frontend,"metadata keywords: spline-, accessibility",7,5
spline-3d-integration-integration-parity-trace,software-development,frontend,"metadata keywords: spline-, accessibility",7,5
spline-3d-integration-performance-envelope,software-development,frontend,"metadata keywords: spline-, accessibility",7,5
spline-3d-integration-permission-boundary-review,software-development,frontend,"metadata keywords: spline-, accessibility",7,5
spline-3d-integration-release-handoff-record,software-development,frontend,"metadata keywords: spline-, accessibility",7,5
spline-3d-integration-reproducibility-fixture-plan,software-development,frontend,"metadata keywords: spline-, accessibility",7,5
spline-3d-integration-version-compatibility,software-development,frontend,"metadata keywords: spline-, accessibility",7,5
spreadsheet-formula-dependent-cell-impact-trace,data-analytics,spreadsheets-geospatial,topic prefix: spreadsheet,100,100
spreadsheet-validation-boundary-case-generator,data-analytics,spreadsheets-geospatial,topic prefix: spreadsheet,100,100
sql-optimization-result-hash-proof,data-analytics,databases-storage,metadata keywords: sql-,5,5
state-and-handoff,ai-agent-systems,agent-architecture-orchestration,topic prefix: state-and-handoff,100,100
static-timing-constraint-audit,engineering-industry,electronics-hardware,topic prefix: static-timing,100,100
stem-lab-assessment-rubric-approval-evidence-packet,education-public-service,curriculum-instruction,topic prefix: stem-lab,100,100
stem-lab-assessment-rubric-change-impact-trace,education-public-service,curriculum-instruction,topic prefix: stem-lab,100,100
stem-lab-assessment-rubric-closeout-handoff-ledger,education-public-service,curriculum-instruction,topic prefix: stem-lab,100,100
stem-lab-assessment-rubric-completeness-reconciliation,education-public-service,curriculum-instruction,topic prefix: stem-lab,100,100
stem-lab-assessment-rubric-exception-triage-queue,education-public-service,curriculum-instruction,topic prefix: stem-lab,100,100
stem-lab-assessment-rubric-recovery-readiness-drill,education-public-service,curriculum-instruction,topic prefix: stem-lab,100,100
stem-lab-assessment-rubric-scenario-sensitivity-matrix,education-public-service,curriculum-instruction,topic prefix: stem-lab,100,100
stem-lab-assessment-rubric-scope-intake-gate,education-public-service,curriculum-instruction,topic prefix: stem-lab,100,100
stem-lab-assessment-rubric-source-provenance-ledger,education-public-service,curriculum-instruction,topic prefix: stem-lab,100,100
stem-lab-assessment-rubric-threshold-rule-check,education-public-service,curriculum-instruction,topic prefix: stem-lab,100,100
stem-lab-bench-safety-approval-evidence-packet,education-public-service,curriculum-instruction,topic prefix: stem-lab,100,100
stem-lab-bench-safety-change-impact-trace,education-public-service,curriculum-instruction,topic prefix: stem-lab,100,100
stem-lab-bench-safety-closeout-handoff-ledger,education-public-service,curriculum-instruction,topic prefix: stem-lab,100,100
stem-lab-bench-safety-completeness-reconciliation,education-public-service,curriculum-instruction,topic prefix: stem-lab,100,100
stem-lab-bench-safety-exception-triage-queue,education-public-service,curriculum-instruction,topic prefix: stem-lab,100,100
stem-lab-bench-safety-recovery-readiness-drill,education-public-service,curriculum-instruction,topic prefix: stem-lab,100,100
stem-lab-bench-safety-scenario-sensitivity-matrix,education-public-service,curriculum-instruction,topic prefix: stem-lab,100,100
stem-lab-bench-safety-scope-intake-gate,education-public-service,curriculum-instruction,topic prefix: stem-lab,100,100
stem-lab-bench-safety-source-provenance-ledger,education-public-service,curriculum-instruction,topic prefix: stem-lab,100,100
stem-lab-bench-safety-threshold-rule-check,education-public-service,curriculum-instruction,topic prefix: stem-lab,100,100
stem-lab-lab-access-approval-evidence-packet,education-public-service,curriculum-instruction,topic prefix: stem-lab,100,100
stem-lab-lab-access-change-impact-trace,education-public-service,curriculum-instruction,topic prefix: stem-lab,100,100
stem-lab-lab-access-closeout-handoff-ledger,education-public-service,curriculum-instruction,topic prefix: stem-lab,100,100
stem-lab-lab-access-completeness-reconciliation,education-public-service,curriculum-instruction,topic prefix: stem-lab,100,100
stem-lab-lab-access-exception-triage-queue,education-public-service,curriculum-instruction,topic prefix: stem-lab,100,100
stem-lab-lab-access-recovery-readiness-drill,education-public-service,curriculum-instruction,topic prefix: stem-lab,100,100
stem-lab-lab-access-scenario-sensitivity-matrix,education-public-service,curriculum-instruction,topic prefix: stem-lab,100,100
stem-lab-lab-access-scope-intake-gate,education-public-service,curriculum-instruction,topic prefix: stem-lab,100,100
stem-lab-lab-access-source-provenance-ledger,education-public-service,curriculum-instruction,topic prefix: stem-lab,100,100
stem-lab-lab-access-threshold-rule-check,education-public-service,curriculum-instruction,topic prefix: stem-lab,100,100
stem-lab-lab-objective-approval-evidence-packet,education-public-service,curriculum-instruction,topic prefix: stem-lab,100,100
stem-lab-lab-objective-change-impact-trace,education-public-service,curriculum-instruction,topic prefix: stem-lab,100,100
stem-lab-lab-objective-closeout-handoff-ledger,education-public-service,curriculum-instruction,topic prefix: stem-lab,100,100
stem-lab-lab-objective-completeness-reconciliation,education-public-service,curriculum-instruction,topic prefix: stem-lab,100,100
stem-lab-lab-objective-exception-triage-queue,education-public-service,curriculum-instruction,topic prefix: stem-lab,100,100
stem-lab-lab-objective-recovery-readiness-drill,education-public-service,curriculum-instruction,topic prefix: stem-lab,100,100
stem-lab-lab-objective-scenario-sensitivity-matrix,education-public-service,curriculum-instruction,topic prefix: stem-lab,100,100
stem-lab-lab-objective-scope-intake-gate,education-public-service,curriculum-instruction,topic prefix: stem-lab,100,100
stem-lab-lab-objective-source-provenance-ledger,education-public-service,curriculum-instruction,topic prefix: stem-lab,100,100
stem-lab-lab-objective-threshold-rule-check,education-public-service,curriculum-instruction,topic prefix: stem-lab,100,100
stem-lab-prerequisite-map-approval-evidence-packet,education-public-service,curriculum-instruction,topic prefix: stem-lab,100,100
stem-lab-prerequisite-map-change-impact-trace,education-public-service,curriculum-instruction,topic prefix: stem-lab,100,100
stem-lab-prerequisite-map-closeout-handoff-ledger,education-public-service,curriculum-instruction,topic prefix: stem-lab,100,100
stem-lab-prerequisite-map-completeness-reconciliation,education-public-service,curriculum-instruction,topic prefix: stem-lab,100,100
stem-lab-prerequisite-map-exception-triage-queue,education-public-service,curriculum-instruction,topic prefix: stem-lab,100,100
stem-lab-prerequisite-map-recovery-readiness-drill,education-public-service,curriculum-instruction,topic prefix: stem-lab,100,100
stem-lab-prerequisite-map-scenario-sensitivity-matrix,education-public-service,curriculum-instruction,topic prefix: stem-lab,100,100
stem-lab-prerequisite-map-scope-intake-gate,education-public-service,curriculum-instruction,topic prefix: stem-lab,100,100
stem-lab-prerequisite-map-source-provenance-ledger,education-public-service,curriculum-instruction,topic prefix: stem-lab,100,100
stem-lab-prerequisite-map-threshold-rule-check,education-public-service,curriculum-instruction,topic prefix: stem-lab,100,100
stem-lab-simulation-exercise-approval-evidence-packet,education-public-service,curriculum-instruction,topic prefix: stem-lab,100,100
stem-lab-simulation-exercise-change-impact-trace,education-public-service,curriculum-instruction,topic prefix: stem-lab,100,100
stem-lab-simulation-exercise-closeout-handoff-ledger,education-public-service,curriculum-instruction,topic prefix: stem-lab,100,100
stem-lab-simulation-exercise-completeness-reconciliation,education-public-service,curriculum-instruction,topic prefix: stem-lab,100,100
stem-lab-simulation-exercise-exception-triage-queue,education-public-service,curriculum-instruction,topic prefix: stem-lab,100,100
stem-lab-simulation-exercise-recovery-readiness-drill,education-public-service,curriculum-instruction,topic prefix: stem-lab,100,100
stem-lab-simulation-exercise-scenario-sensitivity-matrix,education-public-service,curriculum-instruction,topic prefix: stem-lab,100,100
stem-lab-simulation-exercise-scope-intake-gate,education-public-service,curriculum-instruction,topic prefix: stem-lab,100,100
stem-lab-simulation-exercise-source-provenance-ledger,education-public-service,curriculum-instruction,topic prefix: stem-lab,100,100
stem-lab-simulation-exercise-threshold-rule-check,education-public-service,curriculum-instruction,topic prefix: stem-lab,100,100
stem-lab-team-capstone-approval-evidence-packet,education-public-service,curriculum-instruction,topic prefix: stem-lab,100,100
stem-lab-team-capstone-change-impact-trace,education-public-service,curriculum-instruction,topic prefix: stem-lab,100,100
stem-lab-team-capstone-closeout-handoff-ledger,education-public-service,curriculum-instruction,topic prefix: stem-lab,100,100
stem-lab-team-capstone-completeness-reconciliation,education-public-service,curriculum-instruction,topic prefix: stem-lab,100,100
stem-lab-team-capstone-exception-triage-queue,education-public-service,curriculum-instruction,topic prefix: stem-lab,100,100
stem-lab-team-capstone-recovery-readiness-drill,education-public-service,curriculum-instruction,topic prefix: stem-lab,100,100
stem-lab-team-capstone-scenario-sensitivity-matrix,education-public-service,curriculum-instruction,topic prefix: stem-lab,100,100
stem-lab-team-capstone-scope-intake-gate,education-public-service,curriculum-instruction,topic prefix: stem-lab,100,100
stem-lab-team-capstone-source-provenance-ledger,education-public-service,curriculum-instruction,topic prefix: stem-lab,100,100
stem-lab-team-capstone-threshold-rule-check,education-public-service,curriculum-instruction,topic prefix: stem-lab,100,100
stem-lab-toolchain-reproducibility-approval-evidence-packet,education-public-service,curriculum-instruction,topic prefix: stem-lab,100,100
stem-lab-toolchain-reproducibility-change-impact-trace,education-public-service,curriculum-instruction,topic prefix: stem-lab,100,100
stem-lab-toolchain-reproducibility-closeout-handoff-ledger,education-public-service,curriculum-instruction,topic prefix: stem-lab,100,100
stem-lab-toolchain-reproducibility-completeness-reconciliation,education-public-service,curriculum-instruction,topic prefix: stem-lab,100,100
stem-lab-toolchain-reproducibility-exception-triage-queue,education-public-service,curriculum-instruction,topic prefix: stem-lab,100,100
stem-lab-toolchain-reproducibility-recovery-readiness-drill,education-public-service,curriculum-instruction,topic prefix: stem-lab,100,100
stem-lab-toolchain-reproducibility-scenario-sensitivity-matrix,education-public-service,curriculum-instruction,topic prefix: stem-lab,100,100
stem-lab-toolchain-reproducibility-scope-intake-gate,education-public-service,curriculum-instruction,topic prefix: stem-lab,100,100
stem-lab-toolchain-reproducibility-source-provenance-ledger,education-public-service,curriculum-instruction,topic prefix: stem-lab,100,100
stem-lab-toolchain-reproducibility-threshold-rule-check,education-public-service,curriculum-instruction,topic prefix: stem-lab,100,100
stem-lab-visual-accessibility-approval-evidence-packet,education-public-service,curriculum-instruction,topic prefix: stem-lab,100,100
stem-lab-visual-accessibility-change-impact-trace,education-public-service,curriculum-instruction,topic prefix: stem-lab,100,100
stem-lab-visual-accessibility-closeout-handoff-ledger,education-public-service,curriculum-instruction,topic prefix: stem-lab,100,100
stem-lab-visual-accessibility-completeness-reconciliation,education-public-service,curriculum-instruction,topic prefix: stem-lab,100,100
stem-lab-visual-accessibility-exception-triage-queue,education-public-service,curriculum-instruction,topic prefix: stem-lab,100,100
stem-lab-visual-accessibility-recovery-readiness-drill,education-public-service,curriculum-instruction,topic prefix: stem-lab,100,100
stem-lab-visual-accessibility-scenario-sensitivity-matrix,education-public-service,curriculum-instruction,topic prefix: stem-lab,100,100
stem-lab-visual-accessibility-scope-intake-gate,education-public-service,curriculum-instruction,topic prefix: stem-lab,100,100
stem-lab-visual-accessibility-source-provenance-ledger,education-public-service,curriculum-instruction,topic prefix: stem-lab,100,100
stem-lab-visual-accessibility-threshold-rule-check,education-public-service,curriculum-instruction,topic prefix: stem-lab,100,100
stem-lab-waveform-literacy-approval-evidence-packet,education-public-service,curriculum-instruction,topic prefix: stem-lab,100,100
stem-lab-waveform-literacy-change-impact-trace,education-public-service,curriculum-instruction,topic prefix: stem-lab,100,100
stem-lab-waveform-literacy-closeout-handoff-ledger,education-public-service,curriculum-instruction,topic prefix: stem-lab,100,100
stem-lab-waveform-literacy-completeness-reconciliation,education-public-service,curriculum-instruction,topic prefix: stem-lab,100,100
stem-lab-waveform-literacy-exception-triage-queue,education-public-service,curriculum-instruction,topic prefix: stem-lab,100,100
stem-lab-waveform-literacy-recovery-readiness-drill,education-public-service,curriculum-instruction,topic prefix: stem-lab,100,100
stem-lab-waveform-literacy-scenario-sensitivity-matrix,education-public-service,curriculum-instruction,topic prefix: stem-lab,100,100
stem-lab-waveform-literacy-scope-intake-gate,education-public-service,curriculum-instruction,topic prefix: stem-lab,100,100
stem-lab-waveform-literacy-source-provenance-ledger,education-public-service,curriculum-instruction,topic prefix: stem-lab,100,100
stem-lab-waveform-literacy-threshold-rule-check,education-public-service,curriculum-instruction,topic prefix: stem-lab,100,100
strategy-backtest-regime-robustness-review,business-operations,finance-accounting,metadata keywords: backtest,5,0
strategy-drawdown-and-attribution-analysis,business-operations,product-growth,metadata keywords: strategy-,5,5
study-design-classification,science-health-research,trials-research-methods,topic prefix: study-design,100,100
subagent-claim-evidence-reference-audit,ai-agent-systems,agent-architecture-orchestration,topic prefix: subagent,100,100
success-signal-repeatability-cross-run-check,ai-agent-systems,evaluation-observability,topic prefix: success-signal,100,100
supply-ops-demand-approval-evidence-packet,business-operations,supply-chain,topic prefix: supply-ops,100,100
supply-ops-demand-change-impact-trace,business-operations,supply-chain,topic prefix: supply-ops,100,100
supply-ops-demand-closeout-handoff-ledger,business-operations,supply-chain,topic prefix: supply-ops,100,100
supply-ops-demand-completeness-reconciliation,business-operations,supply-chain,topic prefix: supply-ops,100,100
supply-ops-demand-exception-triage-queue,business-operations,supply-chain,topic prefix: supply-ops,100,100
supply-ops-demand-recovery-readiness-drill,business-operations,supply-chain,topic prefix: supply-ops,100,100
supply-ops-demand-scenario-sensitivity-matrix,business-operations,supply-chain,topic prefix: supply-ops,100,100
supply-ops-demand-scope-intake-gate,business-operations,supply-chain,topic prefix: supply-ops,100,100
supply-ops-demand-source-provenance-ledger,business-operations,supply-chain,topic prefix: supply-ops,100,100
supply-ops-demand-threshold-rule-check,business-operations,supply-chain,topic prefix: supply-ops,100,100
supply-ops-inventory-approval-evidence-packet,business-operations,supply-chain,topic prefix: supply-ops,100,100
supply-ops-inventory-change-impact-trace,business-operations,supply-chain,topic prefix: supply-ops,100,100
supply-ops-inventory-closeout-handoff-ledger,business-operations,supply-chain,topic prefix: supply-ops,100,100
supply-ops-inventory-completeness-reconciliation,business-operations,supply-chain,topic prefix: supply-ops,100,100
supply-ops-inventory-exception-triage-queue,business-operations,supply-chain,topic prefix: supply-ops,100,100
supply-ops-inventory-recovery-readiness-drill,business-operations,supply-chain,topic prefix: supply-ops,100,100
supply-ops-inventory-scenario-sensitivity-matrix,business-operations,supply-chain,topic prefix: supply-ops,100,100
supply-ops-inventory-scope-intake-gate,business-operations,supply-chain,topic prefix: supply-ops,100,100
supply-ops-inventory-source-provenance-ledger,business-operations,supply-chain,topic prefix: supply-ops,100,100
supply-ops-inventory-threshold-rule-check,business-operations,supply-chain,topic prefix: supply-ops,100,100
supply-ops-procurement-approval-evidence-packet,business-operations,supply-chain,topic prefix: supply-ops,100,100
supply-ops-procurement-change-impact-trace,business-operations,supply-chain,topic prefix: supply-ops,100,100
supply-ops-procurement-closeout-handoff-ledger,business-operations,supply-chain,topic prefix: supply-ops,100,100
supply-ops-procurement-completeness-reconciliation,business-operations,supply-chain,topic prefix: supply-ops,100,100
supply-ops-procurement-exception-triage-queue,business-operations,supply-chain,topic prefix: supply-ops,100,100
supply-ops-procurement-recovery-readiness-drill,business-operations,supply-chain,topic prefix: supply-ops,100,100
supply-ops-procurement-scenario-sensitivity-matrix,business-operations,supply-chain,topic prefix: supply-ops,100,100
supply-ops-procurement-scope-intake-gate,business-operations,supply-chain,topic prefix: supply-ops,100,100
supply-ops-procurement-source-provenance-ledger,business-operations,supply-chain,topic prefix: supply-ops,100,100
supply-ops-procurement-threshold-rule-check,business-operations,supply-chain,topic prefix: supply-ops,100,100
supply-ops-production-approval-evidence-packet,business-operations,supply-chain,topic prefix: supply-ops,100,100
supply-ops-production-change-impact-trace,business-operations,supply-chain,topic prefix: supply-ops,100,100
supply-ops-production-closeout-handoff-ledger,business-operations,supply-chain,topic prefix: supply-ops,100,100
supply-ops-production-completeness-reconciliation,business-operations,supply-chain,topic prefix: supply-ops,100,100
supply-ops-production-exception-triage-queue,business-operations,supply-chain,topic prefix: supply-ops,100,100
supply-ops-production-recovery-readiness-drill,business-operations,supply-chain,topic prefix: supply-ops,100,100
supply-ops-production-scenario-sensitivity-matrix,business-operations,supply-chain,topic prefix: supply-ops,100,100
supply-ops-production-scope-intake-gate,business-operations,supply-chain,topic prefix: supply-ops,100,100
supply-ops-production-source-provenance-ledger,business-operations,supply-chain,topic prefix: supply-ops,100,100
supply-ops-production-threshold-rule-check,business-operations,supply-chain,topic prefix: supply-ops,100,100
supply-ops-quality-approval-evidence-packet,business-operations,supply-chain,topic prefix: supply-ops,100,100
supply-ops-quality-change-impact-trace,business-operations,supply-chain,topic prefix: supply-ops,100,100
supply-ops-quality-closeout-handoff-ledger,business-operations,supply-chain,topic prefix: supply-ops,100,100
supply-ops-quality-completeness-reconciliation,business-operations,supply-chain,topic prefix: supply-ops,100,100
supply-ops-quality-exception-triage-queue,business-operations,supply-chain,topic prefix: supply-ops,100,100
supply-ops-quality-recovery-readiness-drill,business-operations,supply-chain,topic prefix: supply-ops,100,100
supply-ops-quality-scenario-sensitivity-matrix,business-operations,supply-chain,topic prefix: supply-ops,100,100
supply-ops-quality-scope-intake-gate,business-operations,supply-chain,topic prefix: supply-ops,100,100
supply-ops-quality-source-provenance-ledger,business-operations,supply-chain,topic prefix: supply-ops,100,100
supply-ops-quality-threshold-rule-check,business-operations,supply-chain,topic prefix: supply-ops,100,100
supply-ops-returns-approval-evidence-packet,business-operations,supply-chain,topic prefix: supply-ops,100,100
supply-ops-returns-change-impact-trace,business-operations,supply-chain,topic prefix: supply-ops,100,100
supply-ops-returns-closeout-handoff-ledger,business-operations,supply-chain,topic prefix: supply-ops,100,100
supply-ops-returns-completeness-reconciliation,business-operations,supply-chain,topic prefix: supply-ops,100,100
supply-ops-returns-exception-triage-queue,business-operations,supply-chain,topic prefix: supply-ops,100,100
supply-ops-returns-recovery-readiness-drill,business-operations,supply-chain,topic prefix: supply-ops,100,100
supply-ops-returns-scenario-sensitivity-matrix,business-operations,supply-chain,topic prefix: supply-ops,100,100
supply-ops-returns-scope-intake-gate,business-operations,supply-chain,topic prefix: supply-ops,100,100
supply-ops-returns-source-provenance-ledger,business-operations,supply-chain,topic prefix: supply-ops,100,100
supply-ops-returns-threshold-rule-check,business-operations,supply-chain,topic prefix: supply-ops,100,100
supply-ops-suppliers-approval-evidence-packet,business-operations,supply-chain,topic prefix: supply-ops,100,100
supply-ops-suppliers-change-impact-trace,business-operations,supply-chain,topic prefix: supply-ops,100,100
supply-ops-suppliers-closeout-handoff-ledger,business-operations,supply-chain,topic prefix: supply-ops,100,100
supply-ops-suppliers-completeness-reconciliation,business-operations,supply-chain,topic prefix: supply-ops,100,100
supply-ops-suppliers-exception-triage-queue,business-operations,supply-chain,topic prefix: supply-ops,100,100
supply-ops-suppliers-recovery-readiness-drill,business-operations,supply-chain,topic prefix: supply-ops,100,100
supply-ops-suppliers-scenario-sensitivity-matrix,business-operations,supply-chain,topic prefix: supply-ops,100,100
supply-ops-suppliers-scope-intake-gate,business-operations,supply-chain,topic prefix: supply-ops,100,100
supply-ops-suppliers-source-provenance-ledger,business-operations,supply-chain,topic prefix: supply-ops,100,100
supply-ops-suppliers-threshold-rule-check,business-operations,supply-chain,topic prefix: supply-ops,100,100
supply-ops-sustainability-approval-evidence-packet,business-operations,supply-chain,topic prefix: supply-ops,100,100
supply-ops-sustainability-change-impact-trace,business-operations,supply-chain,topic prefix: supply-ops,100,100
supply-ops-sustainability-closeout-handoff-ledger,business-operations,supply-chain,topic prefix: supply-ops,100,100
supply-ops-sustainability-completeness-reconciliation,business-operations,supply-chain,topic prefix: supply-ops,100,100
supply-ops-sustainability-exception-triage-queue,business-operations,supply-chain,topic prefix: supply-ops,100,100
supply-ops-sustainability-recovery-readiness-drill,business-operations,supply-chain,topic prefix: supply-ops,100,100
supply-ops-sustainability-scenario-sensitivity-matrix,business-operations,supply-chain,topic prefix: supply-ops,100,100
supply-ops-sustainability-scope-intake-gate,business-operations,supply-chain,topic prefix: supply-ops,100,100
supply-ops-sustainability-source-provenance-ledger,business-operations,supply-chain,topic prefix: supply-ops,100,100
supply-ops-sustainability-threshold-rule-check,business-operations,supply-chain,topic prefix: supply-ops,100,100
supply-ops-transport-approval-evidence-packet,business-operations,supply-chain,topic prefix: supply-ops,100,100
supply-ops-transport-change-impact-trace,business-operations,supply-chain,topic prefix: supply-ops,100,100
supply-ops-transport-closeout-handoff-ledger,business-operations,supply-chain,topic prefix: supply-ops,100,100
supply-ops-transport-completeness-reconciliation,business-operations,supply-chain,topic prefix: supply-ops,100,100
supply-ops-transport-exception-triage-queue,business-operations,supply-chain,topic prefix: supply-ops,100,100
supply-ops-transport-recovery-readiness-drill,business-operations,supply-chain,topic prefix: supply-ops,100,100
supply-ops-transport-scenario-sensitivity-matrix,business-operations,supply-chain,topic prefix: supply-ops,100,100
supply-ops-transport-scope-intake-gate,business-operations,supply-chain,topic prefix: supply-ops,100,100
supply-ops-transport-source-provenance-ledger,business-operations,supply-chain,topic prefix: supply-ops,100,100
supply-ops-transport-threshold-rule-check,business-operations,supply-chain,topic prefix: supply-ops,100,100
supply-ops-warehouse-approval-evidence-packet,business-operations,supply-chain,topic prefix: supply-ops,100,100
supply-ops-warehouse-change-impact-trace,business-operations,supply-chain,topic prefix: supply-ops,100,100
supply-ops-warehouse-closeout-handoff-ledger,business-operations,supply-chain,topic prefix: supply-ops,100,100
supply-ops-warehouse-completeness-reconciliation,business-operations,supply-chain,topic prefix: supply-ops,100,100
supply-ops-warehouse-exception-triage-queue,business-operations,supply-chain,topic prefix: supply-ops,100,100
supply-ops-warehouse-recovery-readiness-drill,business-operations,supply-chain,topic prefix: supply-ops,100,100
supply-ops-warehouse-scenario-sensitivity-matrix,business-operations,supply-chain,topic prefix: supply-ops,100,100
supply-ops-warehouse-scope-intake-gate,business-operations,supply-chain,topic prefix: supply-ops,100,100
supply-ops-warehouse-source-provenance-ledger,business-operations,supply-chain,topic prefix: supply-ops,100,100
supply-ops-warehouse-threshold-rule-check,business-operations,supply-chain,topic prefix: supply-ops,100,100
survival-analysis-design,science-health-research,statistics-evidence,topic prefix: survival-analysis,100,100
sveltekit-capability-surface-map,software-development,frontend,topic prefix: sveltekit,100,100
sveltekit-change-impact-assessment,software-development,frontend,topic prefix: sveltekit,100,100
sveltekit-failure-triage-record,software-development,frontend,topic prefix: sveltekit,100,100
sveltekit-input-output-contract,software-development,frontend,topic prefix: sveltekit,100,100
sveltekit-integration-parity-trace,software-development,frontend,topic prefix: sveltekit,100,100
sveltekit-performance-envelope,software-development,frontend,topic prefix: sveltekit,100,100
sveltekit-permission-boundary-review,software-development,frontend,topic prefix: sveltekit,100,100
sveltekit-release-handoff-record,software-development,frontend,topic prefix: sveltekit,100,100
sveltekit-reproducibility-fixture-plan,software-development,frontend,topic prefix: sveltekit,100,100
sveltekit-version-compatibility,software-development,frontend,topic prefix: sveltekit,100,100
swift-actor-isolation-boundary-audit,software-development,languages-frameworks,metadata keywords: swift-,5,3
swift-actor-reentrancy-invariant-analysis,software-development,languages-frameworks,metadata keywords: swift-,5,5
swift-actor-test-isolation-design,software-development,testing-quality-release,metadata keywords: test-,5,0
swift-async-sequence-buffer-backpressure-plan,software-development,languages-frameworks,metadata keywords: swift-,5,5
swift-async-stream-termination-review,software-development,languages-frameworks,metadata keywords: swift-,5,5
swift-async-test-determinism-review,software-development,testing-quality-release,metadata keywords: test-,5,0
swift-async-timeout-cancellation-design,software-development,languages-frameworks,metadata keywords: swift-,5,5
swift-await-suspension-point-state-audit,software-development,languages-frameworks,metadata keywords: swift-,5,5
swift-callback-to-async-interop-migration-review,software-development,languages-frameworks,metadata keywords: swift-,5,5
swift-cancellation-propagation-test-plan,software-development,testing-quality-release,"metadata keywords: testing-, test-, test-plan",16,11
swift-concurrency-diagnostics-triage,software-development,languages-frameworks,"metadata keywords: swift-, compiler-",7,7
swift-concurrency-runtime-compatibility-matrix,software-development,languages-frameworks,"metadata keywords: swift-, language-, runtime-",12,12
swift-concurrency-sanitizer-evidence-review,software-development,languages-frameworks,metadata keywords: swift-,5,5
swift-continuation-single-resume-audit,software-development,languages-frameworks,metadata keywords: swift-,5,5
swift-detached-task-justification-review,software-development,languages-frameworks,metadata keywords: swift-,5,5
swift-global-actor-api-boundary-check,software-development,backend-apis,"metadata keywords: api-, api/",10,5
swift-main-actor-hop-responsiveness-review,software-development,languages-frameworks,metadata keywords: swift-,5,3
swift-sendable-conformance-safety-review,software-development,languages-frameworks,metadata keywords: swift-,5,5
swift-signpost-hitch-correlation,software-development,languages-frameworks,metadata keywords: swift-,5,3
swift-strict-concurrency-migration-cohort-plan,software-development,languages-frameworks,metadata keywords: swift-,5,5
swift-task-group-fanout-budget-review,software-development,languages-frameworks,metadata keywords: swift-,5,5
swift-task-group-partial-failure-policy,software-development,languages-frameworks,metadata keywords: swift-,5,5
swift-task-lifecycle-ownership-audit,software-development,languages-frameworks,metadata keywords: swift-,5,5
swift-task-local-context-sensitivity-audit,software-development,languages-frameworks,metadata keywords: swift-,5,5
swift-task-priority-inversion-investigation,software-development,languages-frameworks,metadata keywords: swift-,5,5
swift-unsafe-sendable-exception-record,software-development,languages-frameworks,metadata keywords: swift-,5,5
swiftui-accessibility-focus-order-test,software-development,frontend,topic prefix: swiftui,100,100
swiftui-animation-frame-budget-analysis,software-development,frontend,topic prefix: swiftui,100,100
swiftui-body-computation-cost-audit,software-development,frontend,topic prefix: swiftui,100,100
swiftui-dynamic-type-text-truncation-audit,software-development,frontend,topic prefix: swiftui,100,100
swiftui-expensive-formatting-cache-review,software-development,frontend,topic prefix: swiftui,100,100
swiftui-geometry-proxy-dependency-minimization,software-development,frontend,topic prefix: swiftui,100,100
swiftui-hitch-vs-app-hang-classification,software-development,frontend,topic prefix: swiftui,100,100
swiftui-image-decode-memory-budget,software-development,frontend,topic prefix: swiftui,100,100
swiftui-large-collection-stack-profile-plan,software-development,frontend,topic prefix: swiftui,100,100
swiftui-layout-feedback-loop-diagnosis,software-development,frontend,topic prefix: swiftui,100,100
swiftui-lazy-stack-benefit-gate,software-development,frontend,topic prefix: swiftui,100,100
swiftui-list-identity-stability-check,software-development,frontend,topic prefix: swiftui,100,100
swiftui-main-thread-hang-trace-review,software-development,frontend,topic prefix: swiftui,100,100
swiftui-multiplatform-layout-adaptation-review,software-development,frontend,topic prefix: swiftui,100,100
swiftui-multiwindow-scene-state-isolation-test,software-development,frontend,topic prefix: swiftui,100,100
swiftui-navigation-state-restoration-test,software-development,frontend,topic prefix: swiftui,100,100
swiftui-observable-dependency-fanout-review,software-development,frontend,topic prefix: swiftui,100,100
swiftui-preference-key-update-propagation,software-development,frontend,topic prefix: swiftui,100,100
swiftui-preview-fixture-determinism-review,software-development,frontend,topic prefix: swiftui,100,100
swiftui-scroll-hitch-reproduction-plan,software-development,frontend,topic prefix: swiftui,100,100
swiftui-state-owner-and-lifetime-review,software-development,frontend,topic prefix: swiftui,100,100
swiftui-ui-test-flakiness-analysis,software-development,frontend,topic prefix: swiftui,100,100
swiftui-view-extraction-regression-check,software-development,frontend,topic prefix: swiftui,100,100
swiftui-view-model-introduction-decision,software-development,frontend,topic prefix: swiftui,100,100
swiftui-view-task-cancellation-reload-review,software-development,frontend,topic prefix: swiftui,100,100
swiftui-view-update-cause-trace-analysis,software-development,frontend,topic prefix: swiftui,100,100
synthetic-upload-content-validation,software-development,testing-quality-release,topic prefix: synthetic-upload,100,100
systematic-review-screening,science-health-research,trials-research-methods,topic prefix: systematic-review,100,100
tailwind-patterns-capability-surface-map,software-development,frontend,topic prefix: tailwind,100,100
tailwind-patterns-change-impact-assessment,software-development,frontend,topic prefix: tailwind,100,100
tailwind-patterns-failure-triage-record,software-development,frontend,topic prefix: tailwind,100,100
tailwind-patterns-input-output-contract,software-development,frontend,topic prefix: tailwind,100,100
tailwind-patterns-integration-parity-trace,software-development,frontend,topic prefix: tailwind,100,100
tailwind-patterns-performance-envelope,software-development,frontend,topic prefix: tailwind,100,100
tailwind-patterns-permission-boundary-review,software-development,frontend,topic prefix: tailwind,100,100
tailwind-patterns-release-handoff-record,software-development,frontend,topic prefix: tailwind,100,100
tailwind-patterns-reproducibility-fixture-plan,software-development,frontend,topic prefix: tailwind,100,100
tailwind-patterns-version-compatibility,software-development,frontend,topic prefix: tailwind,100,100
task-decomposition-and-planning,ai-agent-systems,agent-architecture-orchestration,topic prefix: task-decomposition,100,100
tavily-web-capability-surface-map,ai-agent-systems,tools-integrations,topic prefix: tavily-web,100,100
tavily-web-change-impact-assessment,ai-agent-systems,tools-integrations,topic prefix: tavily-web,100,100
tavily-web-failure-triage-record,ai-agent-systems,tools-integrations,topic prefix: tavily-web,100,100
tavily-web-input-output-contract,ai-agent-systems,tools-integrations,topic prefix: tavily-web,100,100
tavily-web-integration-parity-trace,ai-agent-systems,tools-integrations,topic prefix: tavily-web,100,100
tavily-web-performance-envelope,ai-agent-systems,tools-integrations,topic prefix: tavily-web,100,100
tavily-web-permission-boundary-review,ai-agent-systems,tools-integrations,topic prefix: tavily-web,100,100
tavily-web-release-handoff-record,ai-agent-systems,tools-integrations,topic prefix: tavily-web,100,100
tavily-web-reproducibility-fixture-plan,ai-agent-systems,tools-integrations,topic prefix: tavily-web,100,100
tavily-web-version-compatibility,ai-agent-systems,tools-integrations,topic prefix: tavily-web,100,100
telegram-bot-messaging-capability-surface-map,business-operations,marketing-sales,topic prefix: telegram-bot,100,100
telegram-bot-messaging-change-impact-assessment,business-operations,marketing-sales,topic prefix: telegram-bot,100,100
telegram-bot-messaging-failure-triage-record,business-operations,marketing-sales,topic prefix: telegram-bot,100,100
telegram-bot-messaging-input-output-contract,business-operations,marketing-sales,topic prefix: telegram-bot,100,100
telegram-bot-messaging-integration-parity-trace,business-operations,marketing-sales,topic prefix: telegram-bot,100,100
telegram-bot-messaging-performance-envelope,business-operations,marketing-sales,topic prefix: telegram-bot,100,100
telegram-bot-messaging-permission-boundary-review,business-operations,marketing-sales,topic prefix: telegram-bot,100,100
telegram-bot-messaging-release-handoff-record,business-operations,marketing-sales,topic prefix: telegram-bot,100,100
telegram-bot-messaging-reproducibility-fixture-plan,business-operations,marketing-sales,topic prefix: telegram-bot,100,100
telegram-bot-messaging-version-compatibility,business-operations,marketing-sales,topic prefix: telegram-bot,100,100
template-engine-development,software-development,languages-frameworks,topic prefix: template-engine,100,100
terraform-aws-capability-surface-map,cloud-infrastructure-security,devops-reliability,topic prefix: terraform,100,100
terraform-aws-change-impact-assessment,cloud-infrastructure-security,devops-reliability,topic prefix: terraform,100,100
terraform-aws-failure-triage-record,cloud-infrastructure-security,devops-reliability,topic prefix: terraform,100,100
terraform-aws-input-output-contract,cloud-infrastructure-security,devops-reliability,topic prefix: terraform,100,100
terraform-aws-integration-parity-trace,cloud-infrastructure-security,devops-reliability,topic prefix: terraform,100,100
terraform-aws-performance-envelope,cloud-infrastructure-security,devops-reliability,topic prefix: terraform,100,100
terraform-aws-permission-boundary-review,cloud-infrastructure-security,devops-reliability,topic prefix: terraform,100,100
terraform-aws-release-handoff-record,cloud-infrastructure-security,devops-reliability,topic prefix: terraform,100,100
terraform-aws-reproducibility-fixture-plan,cloud-infrastructure-security,devops-reliability,topic prefix: terraform,100,100
terraform-aws-version-compatibility,cloud-infrastructure-security,devops-reliability,topic prefix: terraform,100,100
terraform-module-library-capability-surface-map,cloud-infrastructure-security,devops-reliability,topic prefix: terraform,100,100
terraform-module-library-change-impact-assessment,cloud-infrastructure-security,devops-reliability,topic prefix: terraform,100,100
terraform-module-library-failure-triage-record,cloud-infrastructure-security,devops-reliability,topic prefix: terraform,100,100
terraform-module-library-input-output-contract,cloud-infrastructure-security,devops-reliability,topic prefix: terraform,100,100
terraform-module-library-integration-parity-trace,cloud-infrastructure-security,devops-reliability,topic prefix: terraform,100,100
terraform-module-library-performance-envelope,cloud-infrastructure-security,devops-reliability,topic prefix: terraform,100,100
terraform-module-library-permission-boundary-review,cloud-infrastructure-security,devops-reliability,topic prefix: terraform,100,100
terraform-module-library-release-handoff-record,cloud-infrastructure-security,devops-reliability,topic prefix: terraform,100,100
terraform-module-library-reproducibility-fixture-plan,cloud-infrastructure-security,devops-reliability,topic prefix: terraform,100,100
terraform-module-library-version-compatibility,cloud-infrastructure-security,devops-reliability,topic prefix: terraform,100,100
test-driven-development-workflow,software-development,testing-quality-release,topic prefix: test-driven,100,100
theoretical-result-independent-derivation-review,science-health-research,physical-earth-sciences,metadata keywords: physics,2,2
threejs-animation-capability-surface-map,software-development,frontend,topic prefix: threejs,100,100
threejs-animation-change-impact-assessment,software-development,frontend,topic prefix: threejs,100,100
threejs-animation-failure-triage-record,software-development,frontend,topic prefix: threejs,100,100
threejs-animation-input-output-contract,software-development,frontend,topic prefix: threejs,100,100
threejs-animation-integration-parity-trace,software-development,frontend,topic prefix: threejs,100,100
threejs-animation-performance-envelope,software-development,frontend,topic prefix: threejs,100,100
threejs-animation-permission-boundary-review,software-development,frontend,topic prefix: threejs,100,100
threejs-animation-release-handoff-record,software-development,frontend,topic prefix: threejs,100,100
threejs-animation-reproducibility-fixture-plan,software-development,frontend,topic prefix: threejs,100,100
threejs-animation-version-compatibility,software-development,frontend,topic prefix: threejs,100,100
threejs-fundamentals-capability-surface-map,software-development,frontend,topic prefix: threejs,100,100
threejs-fundamentals-change-impact-assessment,software-development,frontend,topic prefix: threejs,100,100
threejs-fundamentals-failure-triage-record,software-development,frontend,topic prefix: threejs,100,100
threejs-fundamentals-input-output-contract,software-development,frontend,topic prefix: threejs,100,100
threejs-fundamentals-integration-parity-trace,software-development,frontend,topic prefix: threejs,100,100
threejs-fundamentals-performance-envelope,software-development,frontend,topic prefix: threejs,100,100
threejs-fundamentals-permission-boundary-review,software-development,frontend,topic prefix: threejs,100,100
threejs-fundamentals-release-handoff-record,software-development,frontend,topic prefix: threejs,100,100
threejs-fundamentals-reproducibility-fixture-plan,software-development,frontend,topic prefix: threejs,100,100
threejs-fundamentals-version-compatibility,software-development,frontend,topic prefix: threejs,100,100
threejs-geometry-capability-surface-map,software-development,frontend,topic prefix: threejs,100,100
threejs-geometry-change-impact-assessment,software-development,frontend,topic prefix: threejs,100,100
threejs-geometry-failure-triage-record,software-development,frontend,topic prefix: threejs,100,100
threejs-geometry-input-output-contract,software-development,frontend,topic prefix: threejs,100,100
threejs-geometry-integration-parity-trace,software-development,frontend,topic prefix: threejs,100,100
threejs-geometry-performance-envelope,software-development,frontend,topic prefix: threejs,100,100
threejs-geometry-permission-boundary-review,software-development,frontend,topic prefix: threejs,100,100
threejs-geometry-release-handoff-record,software-development,frontend,topic prefix: threejs,100,100
threejs-geometry-reproducibility-fixture-plan,software-development,frontend,topic prefix: threejs,100,100
threejs-geometry-version-compatibility,software-development,frontend,topic prefix: threejs,100,100
timestamp-timezone-normalization-edge-audit,data-analytics,data-quality-governance,topic prefix: timestamp-timezone,100,100
tokenwise-capability-surface-map,software-development,architecture-devtools,topic prefix: tokenwise,100,100
tokenwise-change-impact-assessment,software-development,architecture-devtools,topic prefix: tokenwise,100,100
tokenwise-failure-triage-record,software-development,architecture-devtools,topic prefix: tokenwise,100,100
tokenwise-input-output-contract,software-development,architecture-devtools,topic prefix: tokenwise,100,100
tokenwise-integration-parity-trace,software-development,architecture-devtools,topic prefix: tokenwise,100,100
tokenwise-performance-envelope,software-development,architecture-devtools,topic prefix: tokenwise,100,100
tokenwise-permission-boundary-review,software-development,architecture-devtools,topic prefix: tokenwise,100,100
tokenwise-release-handoff-record,software-development,architecture-devtools,topic prefix: tokenwise,100,100
tokenwise-reproducibility-fixture-plan,software-development,architecture-devtools,topic prefix: tokenwise,100,100
tokenwise-version-compatibility,software-development,architecture-devtools,topic prefix: tokenwise,100,100
tool-argument-schema-to-call-preflight,ai-agent-systems,tools-integrations,topic prefix: tool-argument,100,100
tool-execution-and-observation,ai-agent-systems,tools-integrations,topic prefix: tool-execution,100,100
tool-response-shape-change-fallback-test,ai-agent-systems,tools-integrations,topic prefix: tool-response,100,100
tool-timeout-retry-jitter-budget-check,ai-agent-systems,tools-integrations,topic prefix: tool-timeout,100,100
tool-unavailable-capability-substitution-plan,ai-agent-systems,tools-integrations,topic prefix: tool-unavailable,100,100
trading-model-drift-surveillance,business-operations,finance-accounting,metadata keywords: trading-,5,5
transaction-cost-slippage-model-validation,business-operations,finance-accounting,metadata keywords: trading-,2,2
transformers-js-capability-surface-map,ai-agent-systems,tools-integrations,topic prefix: transformers-js,100,100
transformers-js-change-impact-assessment,ai-agent-systems,tools-integrations,topic prefix: transformers-js,100,100
transformers-js-failure-triage-record,ai-agent-systems,tools-integrations,topic prefix: transformers-js,100,100
transformers-js-input-output-contract,ai-agent-systems,tools-integrations,topic prefix: transformers-js,100,100
transformers-js-integration-parity-trace,ai-agent-systems,tools-integrations,topic prefix: transformers-js,100,100
transformers-js-performance-envelope,ai-agent-systems,tools-integrations,topic prefix: transformers-js,100,100
transformers-js-permission-boundary-review,ai-agent-systems,tools-integrations,topic prefix: transformers-js,100,100
transformers-js-release-handoff-record,ai-agent-systems,tools-integrations,topic prefix: transformers-js,100,100
transformers-js-reproducibility-fixture-plan,ai-agent-systems,tools-integrations,topic prefix: transformers-js,100,100
transformers-js-version-compatibility,ai-agent-systems,tools-integrations,topic prefix: transformers-js,100,100
transistor-model-provenance-audit,engineering-industry,electronics-hardware,topic prefix: transistor,100,100
trial-ops-deviation-log-approval-evidence-packet,science-health-research,trials-research-methods,topic prefix: trial-ops,100,100
trial-ops-deviation-log-change-impact-trace,science-health-research,trials-research-methods,topic prefix: trial-ops,100,100
trial-ops-deviation-log-closeout-handoff-ledger,science-health-research,trials-research-methods,topic prefix: trial-ops,100,100
trial-ops-deviation-log-completeness-reconciliation,science-health-research,trials-research-methods,topic prefix: trial-ops,100,100
trial-ops-deviation-log-exception-triage-queue,science-health-research,trials-research-methods,topic prefix: trial-ops,100,100
trial-ops-deviation-log-recovery-readiness-drill,science-health-research,trials-research-methods,topic prefix: trial-ops,100,100
trial-ops-deviation-log-scenario-sensitivity-matrix,science-health-research,trials-research-methods,topic prefix: trial-ops,100,100
trial-ops-deviation-log-scope-intake-gate,science-health-research,trials-research-methods,topic prefix: trial-ops,100,100
trial-ops-deviation-log-source-provenance-ledger,science-health-research,trials-research-methods,topic prefix: trial-ops,100,100
trial-ops-deviation-log-threshold-rule-check,science-health-research,trials-research-methods,topic prefix: trial-ops,100,100
trial-ops-edc-change-approval-evidence-packet,science-health-research,trials-research-methods,topic prefix: trial-ops,100,100
trial-ops-edc-change-closeout-handoff-ledger,science-health-research,trials-research-methods,topic prefix: trial-ops,100,100
trial-ops-edc-change-completeness-reconciliation,science-health-research,trials-research-methods,topic prefix: trial-ops,100,100
trial-ops-edc-change-exception-triage-queue,science-health-research,trials-research-methods,topic prefix: trial-ops,100,100
trial-ops-edc-change-impact-trace,science-health-research,trials-research-methods,topic prefix: trial-ops,100,100
trial-ops-edc-change-recovery-readiness-drill,science-health-research,trials-research-methods,topic prefix: trial-ops,100,100
trial-ops-edc-change-scenario-sensitivity-matrix,science-health-research,trials-research-methods,topic prefix: trial-ops,100,100
trial-ops-edc-change-scope-intake-gate,science-health-research,trials-research-methods,topic prefix: trial-ops,100,100
trial-ops-edc-change-source-provenance-ledger,science-health-research,trials-research-methods,topic prefix: trial-ops,100,100
trial-ops-edc-change-threshold-rule-check,science-health-research,trials-research-methods,topic prefix: trial-ops,100,100
trial-ops-ethics-submission-approval-evidence-packet,science-health-research,trials-research-methods,topic prefix: trial-ops,100,100
trial-ops-ethics-submission-change-impact-trace,science-health-research,trials-research-methods,topic prefix: trial-ops,100,100
trial-ops-ethics-submission-closeout-handoff-ledger,science-health-research,trials-research-methods,topic prefix: trial-ops,100,100
trial-ops-ethics-submission-completeness-reconciliation,science-health-research,trials-research-methods,topic prefix: trial-ops,100,100
trial-ops-ethics-submission-exception-triage-queue,science-health-research,trials-research-methods,topic prefix: trial-ops,100,100
trial-ops-ethics-submission-recovery-readiness-drill,science-health-research,trials-research-methods,topic prefix: trial-ops,100,100
trial-ops-ethics-submission-scenario-sensitivity-matrix,science-health-research,trials-research-methods,topic prefix: trial-ops,100,100
trial-ops-ethics-submission-scope-intake-gate,science-health-research,trials-research-methods,topic prefix: trial-ops,100,100
trial-ops-ethics-submission-source-provenance-ledger,science-health-research,trials-research-methods,topic prefix: trial-ops,100,100
trial-ops-ethics-submission-threshold-rule-check,science-health-research,trials-research-methods,topic prefix: trial-ops,100,100
trial-ops-monitoring-approval-evidence-packet,science-health-research,trials-research-methods,topic prefix: trial-ops,100,100
trial-ops-monitoring-change-impact-trace,science-health-research,trials-research-methods,topic prefix: trial-ops,100,100
trial-ops-monitoring-closeout-handoff-ledger,science-health-research,trials-research-methods,topic prefix: trial-ops,100,100
trial-ops-monitoring-completeness-reconciliation,science-health-research,trials-research-methods,topic prefix: trial-ops,100,100
trial-ops-monitoring-exception-triage-queue,science-health-research,trials-research-methods,topic prefix: trial-ops,100,100
trial-ops-monitoring-recovery-readiness-drill,science-health-research,trials-research-methods,topic prefix: trial-ops,100,100
trial-ops-monitoring-scenario-sensitivity-matrix,science-health-research,trials-research-methods,topic prefix: trial-ops,100,100
trial-ops-monitoring-scope-intake-gate,science-health-research,trials-research-methods,topic prefix: trial-ops,100,100
trial-ops-monitoring-source-provenance-ledger,science-health-research,trials-research-methods,topic prefix: trial-ops,100,100
trial-ops-monitoring-threshold-rule-check,science-health-research,trials-research-methods,topic prefix: trial-ops,100,100
trial-ops-query-management-approval-evidence-packet,science-health-research,trials-research-methods,topic prefix: trial-ops,100,100
trial-ops-query-management-change-impact-trace,science-health-research,trials-research-methods,topic prefix: trial-ops,100,100
trial-ops-query-management-closeout-handoff-ledger,science-health-research,trials-research-methods,topic prefix: trial-ops,100,100
trial-ops-query-management-completeness-reconciliation,science-health-research,trials-research-methods,topic prefix: trial-ops,100,100
trial-ops-query-management-exception-triage-queue,science-health-research,trials-research-methods,topic prefix: trial-ops,100,100
trial-ops-query-management-recovery-readiness-drill,science-health-research,trials-research-methods,topic prefix: trial-ops,100,100
trial-ops-query-management-scenario-sensitivity-matrix,science-health-research,trials-research-methods,topic prefix: trial-ops,100,100
trial-ops-query-management-scope-intake-gate,science-health-research,trials-research-methods,topic prefix: trial-ops,100,100
trial-ops-query-management-source-provenance-ledger,science-health-research,trials-research-methods,topic prefix: trial-ops,100,100
trial-ops-query-management-threshold-rule-check,science-health-research,trials-research-methods,topic prefix: trial-ops,100,100
trial-ops-safety-intake-approval-evidence-packet,science-health-research,trials-research-methods,topic prefix: trial-ops,100,100
trial-ops-safety-intake-change-impact-trace,science-health-research,trials-research-methods,topic prefix: trial-ops,100,100
trial-ops-safety-intake-closeout-handoff-ledger,science-health-research,trials-research-methods,topic prefix: trial-ops,100,100
trial-ops-safety-intake-completeness-reconciliation,science-health-research,trials-research-methods,topic prefix: trial-ops,100,100
trial-ops-safety-intake-exception-triage-queue,science-health-research,trials-research-methods,topic prefix: trial-ops,100,100
trial-ops-safety-intake-recovery-readiness-drill,science-health-research,trials-research-methods,topic prefix: trial-ops,100,100
trial-ops-safety-intake-scenario-sensitivity-matrix,science-health-research,trials-research-methods,topic prefix: trial-ops,100,100
trial-ops-safety-intake-scope-intake-gate,science-health-research,trials-research-methods,topic prefix: trial-ops,100,100
trial-ops-safety-intake-source-provenance-ledger,science-health-research,trials-research-methods,topic prefix: trial-ops,100,100
trial-ops-safety-intake-threshold-rule-check,science-health-research,trials-research-methods,topic prefix: trial-ops,100,100
trial-ops-sample-custody-approval-evidence-packet,science-health-research,trials-research-methods,topic prefix: trial-ops,100,100
trial-ops-sample-custody-change-impact-trace,science-health-research,trials-research-methods,topic prefix: trial-ops,100,100
trial-ops-sample-custody-closeout-handoff-ledger,science-health-research,trials-research-methods,topic prefix: trial-ops,100,100
trial-ops-sample-custody-completeness-reconciliation,science-health-research,trials-research-methods,topic prefix: trial-ops,100,100
trial-ops-sample-custody-exception-triage-queue,science-health-research,trials-research-methods,topic prefix: trial-ops,100,100
trial-ops-sample-custody-recovery-readiness-drill,science-health-research,trials-research-methods,topic prefix: trial-ops,100,100
trial-ops-sample-custody-scenario-sensitivity-matrix,science-health-research,trials-research-methods,topic prefix: trial-ops,100,100
trial-ops-sample-custody-scope-intake-gate,science-health-research,trials-research-methods,topic prefix: trial-ops,100,100
trial-ops-sample-custody-source-provenance-ledger,science-health-research,trials-research-methods,topic prefix: trial-ops,100,100
trial-ops-sample-custody-threshold-rule-check,science-health-research,trials-research-methods,topic prefix: trial-ops,100,100
trial-ops-site-startup-approval-evidence-packet,science-health-research,trials-research-methods,topic prefix: trial-ops,100,100
trial-ops-site-startup-change-impact-trace,science-health-research,trials-research-methods,topic prefix: trial-ops,100,100
trial-ops-site-startup-closeout-handoff-ledger,science-health-research,trials-research-methods,topic prefix: trial-ops,100,100
trial-ops-site-startup-completeness-reconciliation,science-health-research,trials-research-methods,topic prefix: trial-ops,100,100
trial-ops-site-startup-exception-triage-queue,science-health-research,trials-research-methods,topic prefix: trial-ops,100,100
trial-ops-site-startup-recovery-readiness-drill,science-health-research,trials-research-methods,topic prefix: trial-ops,100,100
trial-ops-site-startup-scenario-sensitivity-matrix,science-health-research,trials-research-methods,topic prefix: trial-ops,100,100
trial-ops-site-startup-scope-intake-gate,science-health-research,trials-research-methods,topic prefix: trial-ops,100,100
trial-ops-site-startup-source-provenance-ledger,science-health-research,trials-research-methods,topic prefix: trial-ops,100,100
trial-ops-site-startup-threshold-rule-check,science-health-research,trials-research-methods,topic prefix: trial-ops,100,100
trial-ops-study-closeout-approval-evidence-packet,science-health-research,trials-research-methods,topic prefix: trial-ops,100,100
trial-ops-study-closeout-change-impact-trace,science-health-research,trials-research-methods,topic prefix: trial-ops,100,100
trial-ops-study-closeout-completeness-reconciliation,science-health-research,trials-research-methods,topic prefix: trial-ops,100,100
trial-ops-study-closeout-exception-triage-queue,science-health-research,trials-research-methods,topic prefix: trial-ops,100,100
trial-ops-study-closeout-handoff-ledger,science-health-research,trials-research-methods,topic prefix: trial-ops,100,100
trial-ops-study-closeout-recovery-readiness-drill,science-health-research,trials-research-methods,topic prefix: trial-ops,100,100
trial-ops-study-closeout-scenario-sensitivity-matrix,science-health-research,trials-research-methods,topic prefix: trial-ops,100,100
trial-ops-study-closeout-scope-intake-gate,science-health-research,trials-research-methods,topic prefix: trial-ops,100,100
trial-ops-study-closeout-source-provenance-ledger,science-health-research,trials-research-methods,topic prefix: trial-ops,100,100
trial-ops-study-closeout-threshold-rule-check,science-health-research,trials-research-methods,topic prefix: trial-ops,100,100
trial-ops-visit-operations-approval-evidence-packet,science-health-research,trials-research-methods,topic prefix: trial-ops,100,100
trial-ops-visit-operations-change-impact-trace,science-health-research,trials-research-methods,topic prefix: trial-ops,100,100
trial-ops-visit-operations-closeout-handoff-ledger,science-health-research,trials-research-methods,topic prefix: trial-ops,100,100
trial-ops-visit-operations-completeness-reconciliation,science-health-research,trials-research-methods,topic prefix: trial-ops,100,100
trial-ops-visit-operations-exception-triage-queue,science-health-research,trials-research-methods,topic prefix: trial-ops,100,100
trial-ops-visit-operations-recovery-readiness-drill,science-health-research,trials-research-methods,topic prefix: trial-ops,100,100
trial-ops-visit-operations-scenario-sensitivity-matrix,science-health-research,trials-research-methods,topic prefix: trial-ops,100,100
trial-ops-visit-operations-scope-intake-gate,science-health-research,trials-research-methods,topic prefix: trial-ops,100,100
trial-ops-visit-operations-source-provenance-ledger,science-health-research,trials-research-methods,topic prefix: trial-ops,100,100
trial-ops-visit-operations-threshold-rule-check,science-health-research,trials-research-methods,topic prefix: trial-ops,100,100
typescript-advanced-patterns,software-development,languages-frameworks,"metadata keywords: typescript-, language-",7,3
uncategorized-system-building,software-development,architecture-devtools,topic prefix: uncategorized-system-building,100,100
untrusted-input-and-prompt-injection-defense,ai-agent-systems,safety-governance,topic prefix: untrusted-input,100,100
usage-based-pricing-capability-surface-map,business-operations,product-growth,topic prefix: usage-based,100,100
usage-based-pricing-change-impact-assessment,business-operations,product-growth,topic prefix: usage-based,100,100
usage-based-pricing-failure-triage-record,business-operations,product-growth,topic prefix: usage-based,100,100
usage-based-pricing-input-output-contract,business-operations,product-growth,topic prefix: usage-based,100,100
usage-based-pricing-integration-parity-trace,business-operations,product-growth,topic prefix: usage-based,100,100
usage-based-pricing-performance-envelope,business-operations,product-growth,topic prefix: usage-based,100,100
usage-based-pricing-permission-boundary-review,business-operations,product-growth,topic prefix: usage-based,100,100
usage-based-pricing-release-handoff-record,business-operations,product-growth,topic prefix: usage-based,100,100
usage-based-pricing-reproducibility-fixture-plan,business-operations,product-growth,topic prefix: usage-based,100,100
usage-based-pricing-version-compatibility,business-operations,product-growth,topic prefix: usage-based,100,100
uv-workflow,creative-media-design,image-3d,"metadata keywords: blender, texture-, mesh-",6,6
vector-index-tuning-capability-surface-map,data-analytics,databases-storage,topic prefix: vector-index,100,100
vector-index-tuning-change-impact-assessment,data-analytics,databases-storage,topic prefix: vector-index,100,100
vector-index-tuning-failure-triage-record,data-analytics,databases-storage,topic prefix: vector-index,100,100
vector-index-tuning-input-output-contract,data-analytics,databases-storage,topic prefix: vector-index,100,100
vector-index-tuning-integration-parity-trace,data-analytics,databases-storage,topic prefix: vector-index,100,100
vector-index-tuning-performance-envelope,data-analytics,databases-storage,topic prefix: vector-index,100,100
vector-index-tuning-permission-boundary-review,data-analytics,databases-storage,topic prefix: vector-index,100,100
vector-index-tuning-release-handoff-record,data-analytics,databases-storage,topic prefix: vector-index,100,100
vector-index-tuning-reproducibility-fixture-plan,data-analytics,databases-storage,topic prefix: vector-index,100,100
vector-index-tuning-version-compatibility,data-analytics,databases-storage,topic prefix: vector-index,100,100
vercel-cli-with-tokens-capability-surface-map,cloud-infrastructure-security,cloud-platforms,metadata keywords: vercel-,5,5
vercel-cli-with-tokens-change-impact-assessment,cloud-infrastructure-security,cloud-platforms,metadata keywords: vercel-,5,5
vercel-cli-with-tokens-failure-triage-record,cloud-infrastructure-security,cloud-platforms,metadata keywords: vercel-,5,5
vercel-cli-with-tokens-input-output-contract,cloud-infrastructure-security,cloud-platforms,metadata keywords: vercel-,5,5
vercel-cli-with-tokens-integration-parity-trace,cloud-infrastructure-security,cloud-platforms,metadata keywords: vercel-,5,5
vercel-cli-with-tokens-performance-envelope,cloud-infrastructure-security,cloud-platforms,metadata keywords: vercel-,5,5
vercel-cli-with-tokens-permission-boundary-review,cloud-infrastructure-security,cloud-platforms,metadata keywords: vercel-,5,5
vercel-cli-with-tokens-release-handoff-record,cloud-infrastructure-security,cloud-platforms,metadata keywords: vercel-,5,5
vercel-cli-with-tokens-reproducibility-fixture-plan,cloud-infrastructure-security,cloud-platforms,metadata keywords: vercel-,5,5
vercel-cli-with-tokens-version-compatibility,cloud-infrastructure-security,cloud-platforms,metadata keywords: vercel-,5,5
vercel-deployment-capability-surface-map,cloud-infrastructure-security,devops-reliability,cloud domain prefix: vercel-deployment,100,100
vercel-deployment-change-impact-assessment,cloud-infrastructure-security,devops-reliability,cloud domain prefix: vercel-deployment,100,100
vercel-deployment-failure-triage-record,cloud-infrastructure-security,devops-reliability,cloud domain prefix: vercel-deployment,100,100
vercel-deployment-input-output-contract,cloud-infrastructure-security,devops-reliability,cloud domain prefix: vercel-deployment,100,100
vercel-deployment-integration-parity-trace,cloud-infrastructure-security,devops-reliability,cloud domain prefix: vercel-deployment,100,100
vercel-deployment-performance-envelope,cloud-infrastructure-security,devops-reliability,cloud domain prefix: vercel-deployment,100,100
vercel-deployment-permission-boundary-review,cloud-infrastructure-security,devops-reliability,cloud domain prefix: vercel-deployment,100,100
vercel-deployment-release-handoff-record,cloud-infrastructure-security,devops-reliability,cloud domain prefix: vercel-deployment,100,100
vercel-deployment-reproducibility-fixture-plan,cloud-infrastructure-security,devops-reliability,cloud domain prefix: vercel-deployment,100,100
vercel-deployment-version-compatibility,cloud-infrastructure-security,devops-reliability,cloud domain prefix: vercel-deployment,100,100
vercel-optimize-capability-surface-map,cloud-infrastructure-security,devops-reliability,cloud domain prefix: vercel-optimize,100,100
vercel-optimize-change-impact-assessment,cloud-infrastructure-security,devops-reliability,cloud domain prefix: vercel-optimize,100,100
vercel-optimize-failure-triage-record,cloud-infrastructure-security,devops-reliability,cloud domain prefix: vercel-optimize,100,100
vercel-optimize-input-output-contract,cloud-infrastructure-security,devops-reliability,cloud domain prefix: vercel-optimize,100,100
vercel-optimize-integration-parity-trace,cloud-infrastructure-security,devops-reliability,cloud domain prefix: vercel-optimize,100,100
vercel-optimize-performance-envelope,cloud-infrastructure-security,devops-reliability,cloud domain prefix: vercel-optimize,100,100
vercel-optimize-permission-boundary-review,cloud-infrastructure-security,devops-reliability,cloud domain prefix: vercel-optimize,100,100
vercel-optimize-release-handoff-record,cloud-infrastructure-security,devops-reliability,cloud domain prefix: vercel-optimize,100,100
vercel-optimize-reproducibility-fixture-plan,cloud-infrastructure-security,devops-reliability,cloud domain prefix: vercel-optimize,100,100
vercel-optimize-version-compatibility,cloud-infrastructure-security,devops-reliability,cloud domain prefix: vercel-optimize,100,100
verification-and-stopping,ai-agent-systems,evaluation-observability,topic prefix: verification-and-stopping,100,100
versioned-library-documentation-research,software-development,languages-frameworks,topic prefix: versioned-library,100,100
video-edit,creative-media-design,audio-video,topic prefix: video,100,100
video-storyboard-design,creative-media-design,audio-video,topic prefix: video,100,100
video-streaming-inference-pipeline,creative-media-design,audio-video,topic prefix: video,100,100
visual-baseline-environment-provenance-record,creative-media-design,visual-graphic-design,metadata keywords: visual-,5,5
visual-recognition-system-development,creative-media-design,visual-graphic-design,metadata keywords: visual-,5,3
vllm-server-capability-surface-map,ai-agent-systems,tools-integrations,topic prefix: vllm-server,100,100
vllm-server-change-impact-assessment,ai-agent-systems,tools-integrations,topic prefix: vllm-server,100,100
vllm-server-failure-triage-record,ai-agent-systems,tools-integrations,topic prefix: vllm-server,100,100
vllm-server-input-output-contract,ai-agent-systems,tools-integrations,topic prefix: vllm-server,100,100
vllm-server-integration-parity-trace,ai-agent-systems,tools-integrations,topic prefix: vllm-server,100,100
vllm-server-performance-envelope,ai-agent-systems,tools-integrations,topic prefix: vllm-server,100,100
vllm-server-permission-boundary-review,ai-agent-systems,tools-integrations,topic prefix: vllm-server,100,100
vllm-server-release-handoff-record,ai-agent-systems,tools-integrations,topic prefix: vllm-server,100,100
vllm-server-reproducibility-fixture-plan,ai-agent-systems,tools-integrations,topic prefix: vllm-server,100,100
vllm-server-version-compatibility,ai-agent-systems,tools-integrations,topic prefix: vllm-server,100,100
voxel-engine-development,software-development,languages-frameworks,topic prefix: voxel-engine,100,100
vqe-convergence-and-ansatz-diagnostic,science-health-research,physical-earth-sciences,topic prefix: vqe,100,100
vulnerability-authenticated-scan-evidence-check,cloud-infrastructure-security,security-privacy,topic prefix: vulnerability,100,100
vulnerability-compensating-control-evidence-review,cloud-infrastructure-security,security-privacy,topic prefix: vulnerability,100,100
vulnerability-cpe-applicability-validation,cloud-infrastructure-security,security-privacy,topic prefix: vulnerability,100,100
vulnerability-cve-record-status-validation,cloud-infrastructure-security,security-privacy,topic prefix: vulnerability,100,100
vulnerability-cvss-severity-context-review,cloud-infrastructure-security,security-privacy,topic prefix: vulnerability,100,100
vulnerability-dependency-reachability-assessment,cloud-infrastructure-security,security-privacy,topic prefix: vulnerability,100,100
vulnerability-duplicate-finding-clustering,cloud-infrastructure-security,security-privacy,topic prefix: vulnerability,100,100
vulnerability-end-of-life-component-decision,cloud-infrastructure-security,security-privacy,topic prefix: vulnerability,100,100
vulnerability-epss-signal-limit-review,cloud-infrastructure-security,security-privacy,topic prefix: vulnerability,100,100
vulnerability-exploitation-signal-triangulation,cloud-infrastructure-security,security-privacy,topic prefix: vulnerability,100,100
vulnerability-exposure-and-asset-criticality-ranking,cloud-infrastructure-security,security-privacy,topic prefix: vulnerability,100,100
vulnerability-false-positive-evidence-standard,cloud-infrastructure-security,security-privacy,topic prefix: vulnerability,100,100
vulnerability-firmware-applicability-review,cloud-infrastructure-security,security-privacy,topic prefix: vulnerability,100,100
vulnerability-kev-prioritization-check,cloud-infrastructure-security,security-privacy,topic prefix: vulnerability,100,100
vulnerability-patch-validation-in-staging,cloud-infrastructure-security,security-privacy,topic prefix: vulnerability,100,100
vulnerability-product-version-applicability,cloud-infrastructure-security,security-privacy,topic prefix: vulnerability,100,100
vulnerability-public-report-intake-triage,cloud-infrastructure-security,security-privacy,topic prefix: vulnerability,100,100
vulnerability-remediation-priority-queue,cloud-infrastructure-security,security-privacy,topic prefix: vulnerability,100,100
vulnerability-remediation-retest-closure-evidence,cloud-infrastructure-security,security-privacy,topic prefix: vulnerability,100,100
vulnerability-risk-exception-expiry-governance,cloud-infrastructure-security,security-privacy,topic prefix: vulnerability,100,100
vulnerability-sbom-enrichment-quality-review,cloud-infrastructure-security,security-privacy,topic prefix: vulnerability,100,100
vulnerability-scanner-coverage-reconciliation,cloud-infrastructure-security,security-privacy,topic prefix: vulnerability,100,100
vulnerability-severity-normalization-across-tools,cloud-infrastructure-security,security-privacy,topic prefix: vulnerability,100,100
vulnerability-transitive-dependency-impact-triage,cloud-infrastructure-security,security-privacy,topic prefix: vulnerability,100,100
vulnerability-vendor-advisory-crosscheck,cloud-infrastructure-security,security-privacy,topic prefix: vulnerability,100,100
vulnerability-workaround-expiry-and-patch-transition,cloud-infrastructure-security,security-privacy,topic prefix: vulnerability,100,100
wafer-map-spatial-defect-analysis,engineering-industry,electronics-hardware,topic prefix: wafer,100,100
web-3d-experience,software-development,frontend,topic prefix: web-3d,100,100
web-claim-source-date-freshness-audit,ai-agent-systems,prompts-context-memory,topic prefix: web-claim,100,100
web-query-evidence-gap-refiner,ai-agent-systems,prompts-context-memory,topic prefix: web-query,100,100
web-quotation-context-boundary-audit,ai-agent-systems,prompts-context-memory,topic prefix: web-quotation,100,100
web-search-engine-development,ai-agent-systems,tools-integrations,topic prefix: web-search,100,100
web-server-development,software-development,backend-apis,topic prefix: web-server-development,100,100
web-snippet-to-fetched-source-verifier,software-development,architecture-devtools,topic prefix: web-snippet-to-fetched-source-verifier,100,100
wildlife-camera-trap-data-curation,science-health-research,life-sciences,topic prefix: wildlife,100,100
wildlife-image-label-quality-audit,science-health-research,life-sciences,topic prefix: wildlife,100,100
wildlife-monitoring-domain-shift-audit,science-health-research,life-sciences,topic prefix: wildlife,100,100
wildlife-occupancy-study-design,science-health-research,life-sciences,topic prefix: wildlife,100,100
write-read-consistency-staleness-window-probe,software-development,backend-apis,topic prefix: write-read-consistency,100,100
xcode-app-launch-phase-budget,software-development,languages-frameworks,Apple platform development topic,100,100
xcode-archive-reproducibility-check,software-development,languages-frameworks,Apple platform development topic,100,100
xcode-build-configuration-parity-review,software-development,languages-frameworks,Apple platform development topic,100,100
xcode-build-log-failure-phase-isolation,software-development,languages-frameworks,Apple platform development topic,100,100
xcode-ci-signing-secret-boundary-review,software-development,testing-quality-release,Apple platform verification/release topic,100,100
xcode-derived-data-cache-isolation,software-development,languages-frameworks,Apple platform development topic,100,100
xcode-export-options-profile-validation,software-development,languages-frameworks,Apple platform development topic,100,100
xcode-organizer-crash-trend-triage,software-development,testing-quality-release,Apple platform verification/release topic,100,100
xcode-result-bundle-diagnostic-triage,software-development,languages-frameworks,Apple platform development topic,100,100
xcode-scheme-test-action-audit,software-development,testing-quality-release,Apple platform verification/release topic,100,100
xcode-simulator-runtime-compatibility-check,software-development,languages-frameworks,Apple platform development topic,100,100
xcode-test-plan-coverage-matrix,software-development,testing-quality-release,Apple platform verification/release topic,100,100
xcodebuild-destination-pinning-review,software-development,languages-frameworks,Apple platform development topic,100,100
xctrace-target-process-identity-validation,software-development,testing-quality-release,metadata keywords: xctrace-,5,5
zendesk-automation-capability-surface-map,business-operations,marketing-sales,topic prefix: zendesk,100,100
zendesk-automation-change-impact-assessment,business-operations,marketing-sales,topic prefix: zendesk,100,100
zendesk-automation-failure-triage-record,business-operations,marketing-sales,topic prefix: zendesk,100,100
zendesk-automation-input-output-contract,business-operations,marketing-sales,topic prefix: zendesk,100,100
zendesk-automation-integration-parity-trace,business-operations,marketing-sales,topic prefix: zendesk,100,100
zendesk-automation-performance-envelope,business-operations,marketing-sales,topic prefix: zendesk,100,100
zendesk-automation-permission-boundary-review,business-operations,marketing-sales,topic prefix: zendesk,100,100
zendesk-automation-release-handoff-record,business-operations,marketing-sales,topic prefix: zendesk,100,100
zendesk-automation-reproducibility-fixture-plan,business-operations,marketing-sales,topic prefix: zendesk,100,100
zendesk-automation-version-compatibility,business-operations,marketing-sales,topic prefix: zendesk,100,100
zustand-state-management,software-development,frontend,topic prefix: zustand,100,100
